/*
Navicat MySQL Data Transfer

Source Server         : localhost
Source Server Version : 50621
Source Host           : 127.0.0.1:3306
Source Database       : api-doc

Target Server Type    : MYSQL
Target Server Version : 50621
File Encoding         : 65001

Date: 2017-10-31 10:48:00
*/

SET FOREIGN_KEY_CHECKS=0;

-- ----------------------------
-- Table structure for company
-- ----------------------------
DROP TABLE IF EXISTS `company`;
CREATE TABLE `company` (
  `COMPANY_ID` varchar(32) NOT NULL COMMENT '公司编号',
  `COMPANY_NAME` varchar(32) DEFAULT NULL COMMENT '公司名称',
  `LOGO` varchar(128) DEFAULT NULL COMMENT '商标',
  PRIMARY KEY (`COMPANY_ID`)
) ENGINE=InnoDB DEFAULT CHARSET=utf8 COMMENT='用户_公司';

-- ----------------------------
-- Records of company
-- ----------------------------
INSERT INTO `company` VALUES ('2582B1DAF550485980F519096F3ACEC1', '易教空间', 'upload\\image\\201512\\10FAD135A27A42BC8D3EBB2D707C64CC.png');
INSERT INTO `company` VALUES ('506648FA0D344C84852FBDA254EDD2F1', 'SoonCode', null);
INSERT INTO `company` VALUES ('900912481B474A63A3104514E4EE3E22', 'he', null);

-- ----------------------------
-- Table structure for control
-- ----------------------------
DROP TABLE IF EXISTS `control`;
CREATE TABLE `control` (
  `CONTROL_ID` varchar(32) NOT NULL COMMENT '控制编号',
  `PROJECT_ID` varchar(32) DEFAULT NULL COMMENT '项目编号',
  `USER_ID` varchar(32) DEFAULT NULL COMMENT '用户编号',
  `OPERATION_ID` varchar(32) DEFAULT NULL COMMENT '操作编号',
  PRIMARY KEY (`CONTROL_ID`),
  KEY `FK_CONTROL_OPERATION_INDEPENDENT` (`OPERATION_ID`),
  KEY `FK_CONTROL_USER` (`USER_ID`),
  KEY `FK_CONTROL_PROJECT` (`PROJECT_ID`),
  CONSTRAINT `FK_CONTROL_OPERATION_INDEPENDENT` FOREIGN KEY (`OPERATION_ID`) REFERENCES `operation` (`OPERATION_ID`) ON DELETE SET NULL ON UPDATE SET NULL,
  CONSTRAINT `FK_CONTROL_PROJECT` FOREIGN KEY (`PROJECT_ID`) REFERENCES `project` (`PROJECT_ID`) ON DELETE SET NULL ON UPDATE SET NULL,
  CONSTRAINT `FK_CONTROL_USER` FOREIGN KEY (`USER_ID`) REFERENCES `user` (`USER_ID`) ON DELETE SET NULL ON UPDATE SET NULL
) ENGINE=InnoDB DEFAULT CHARSET=utf8 COMMENT='权限_控制_中间表';

-- ----------------------------
-- Records of control
-- ----------------------------
INSERT INTO `control` VALUES ('2E83D24BD32B43B7B850117B2B34B1CC', 'DC49FC8D23DA4CF79F2599B47F0F07EF', null, '8DAF951448FD4B73ADE2D86571F673EB');
INSERT INTO `control` VALUES ('5B9D5BF1170C45FE8362F8721DDE8345', null, null, '8DAF951448FD4B73ADE2D86571F673EB');
INSERT INTO `control` VALUES ('9A47AC561A3147C4A7C5D7534EAB578C', null, null, '643D6526E23F4FF8A241499531144195');
INSERT INTO `control` VALUES ('AE888913CD814FF090C879E2DEA04D5D', null, null, '643D6526E23F4FF8A241499531144195');
INSERT INTO `control` VALUES ('DBDB0C592FFB4CA8BC01BB9A3B5C0FD3', null, '30FAA95184264F2CB47CDF3911EDCD13', '643D6526E23F4FF8A241499531144195');
INSERT INTO `control` VALUES ('EFDE241FA44044358345BC0AA768F4BE', null, null, '8DAF951448FD4B73ADE2D86571F673EB');

-- ----------------------------
-- Table structure for email
-- ----------------------------
DROP TABLE IF EXISTS `email`;
CREATE TABLE `email` (
  `verification_id` varchar(32) NOT NULL COMMENT '验证编号',
  `email` varchar(128) DEFAULT NULL COMMENT '邮箱',
  `code` int(11) DEFAULT NULL COMMENT '验证码',
  PRIMARY KEY (`verification_id`)
) ENGINE=InnoDB DEFAULT CHARSET=utf8 COMMENT='验证_邮箱验证';

-- ----------------------------
-- Records of email
-- ----------------------------
INSERT INTO `email` VALUES ('90F5F5C257D74D3BAE24262178270534', '', '586078');
INSERT INTO `email` VALUES ('B0E8F4265558452D86F7840FEF4E0C18', 'hechenwe@gmail.com', '846688');
INSERT INTO `email` VALUES ('E8517FDA0CE94F01BDB80B5C81217ABC', '592794139@qq.com', '497032');

-- ----------------------------
-- Table structure for example
-- ----------------------------
DROP TABLE IF EXISTS `example`;
CREATE TABLE `example` (
  `EXAMPLE_ID` varchar(32) NOT NULL COMMENT '事例编号',
  `INTERFAC_ID` varchar(32) DEFAULT NULL COMMENT '接口_编号',
  `EXAMPLE_TYPE` varchar(32) DEFAULT NULL COMMENT '事例名称',
  `EXAMPLE_CONTENT` text COMMENT '事例内容',
  `CREAT_DATE` datetime DEFAULT NULL COMMENT '创建时间',
  `WEIGHT` int(11) DEFAULT NULL COMMENT '权重',
  PRIMARY KEY (`EXAMPLE_ID`),
  KEY `FK_EXAMPLE_INTERFACE` (`INTERFAC_ID`),
  CONSTRAINT `FK_EXAMPLE_INTERFACE` FOREIGN KEY (`INTERFAC_ID`) REFERENCES `interfac` (`INTERFAC_ID`) ON DELETE SET NULL ON UPDATE SET NULL
) ENGINE=InnoDB DEFAULT CHARSET=utf8 COMMENT='返回值_事例';

-- ----------------------------
-- Records of example
-- ----------------------------
INSERT INTO `example` VALUES ('00CE4D4F30534E34AFAF6237FB87312A', 'E328CB0E55D94BB59B82B5FBA26256EE', 'SUCCESS', '[{\"subject_name\":\"语文\",\"subject_code\":\"1\"},{\"subject_name\":\"数学\",\"subject_code\":\"2\"}]', null, null);
INSERT INTO `example` VALUES ('03478899550A4DB7816C0770DF58C232', 'FE2BF72213AC45F5A7F545B4CF800968', 'SUCCESS', '{\n  \"responseCode\": true,\n  \"totalPrice\": 240,\n  \"list\": [\n    {\n      \"uuid\": \"AE3F010A215944168A34BEC2E6FC16C5\",\n      \"monthType\": \"06\",\n      \"orderMonthName\": \"2017年06月份账单\",\n      \"yearType\": \"2017\",\n      \"orderAmount\": 240,\n      \"settlementTime\": \"2017-06-13 07:15:15\",\n      \"delFlag\": 0,\n      \"createTime\": \"2017-06-13 07:24:38\"\n    }\n  ]\n}', null, null);
INSERT INTO `example` VALUES ('0374881F7E134EB7917E154102255316', null, 'SUCCESS', '{\"message\":1}', '2015-11-11 10:34:26', '1');
INSERT INTO `example` VALUES ('047A48279D2C4C77880EC7156E47A5FA', '09D6592DF9DC43D096736A23F5EBDAD3', 'SUCCESS', '{\"requestId\":\"b580a1f3-1323-406d-ac11-f12e4bda00ed\",\"httpCode\":\"200\",\"code\":\"SUCCESS\",\"message\":\"响应成功\",\"result\":{\"orderInfo\":\"_input_charset=utf-8&body=北京市 2016年高一下学期期末-学情诊断¬ify_url=http://220.249.22.170:8080/hxs_tutorship/zhifubao/zfbCallBack&out_trade_no=20160803144455000001&partner=2088511053262171&payment_type=1&seller_id=2088511053262171&service=mobile.securitypay.pay&sign=ObVYiDu9Xk8h6Xrdl6DtSjpxT2v5JAmTwbUVIIdwyfLssT6vNRtIpy4znEUtszmCFERB5rmMTSU39gP5nx8M9imEEEJQsf/aNlPBHejXZCffyhfVTmjcBMQPeRacIget26P+rLSX364nGssglGg+iCt05wB1c/QHvf7eULUHmgk=&sign_type=RSA&subject=北京市 2016年高一下学期期末-学情诊断&total_fee=1.00\",\"out_trade_no\":\"20160803144455000001\"}}', '2016-07-19 10:07:47', '1');
INSERT INTO `example` VALUES ('04E70B97A82F4BD7A181DA19D1A493FB', 'F4390F2CA77344DD999CB2FA066352BC', 'SUCCESS', '{\"requestId\":\"WEUOW343KL34L26NBSK3\",\"code\":\"Success\",\"message\":\"Success\",\"httpCode\":\"200\",\"result\":{\"isUpdate\":true}}', null, null);
INSERT INTO `example` VALUES ('0669AF50419A4513B10882E46916CECC', null, 'FAILURE', 's', '2015-12-15 10:02:35', '2');
INSERT INTO `example` VALUES ('06B1C808E83840528FBE88077F955DD9', 'A3B9F28552B0475581F84812A36B2A0F', 'SUCCESS', '{\"requestId\":\"SDFDW3F343JLKL3L5LN43J434\",\"code\":\"Success\",\"message\":\"Success\",\"httpCode\":\"200\",\"result\":{\"giveToStudent\":true}}', null, null);
INSERT INTO `example` VALUES ('086733E981024754B1B383EE88C0E410', null, 'SUCCESS', '[{\"sort\":11,\"knowledge_name\":\"三角形\",\"grade_code\":\"22\",\"path\":\"6774\",\"ctb_code\":\"6774\",\"booktype_code\":\"958e8dabd3d64834b608aa90e5cc2cfd\",\"subject_code\":\"2\"},{\"sort\":12,\"knowledge_name\":\"全等三角形\",\"grade_code\":\"22\",\"path\":\"6775\",\"ctb_code\":\"6775\",\"booktype_code\":\"958e8dabd3d64834b608aa90e5cc2cfd\",\"subject_code\":\"2\"},{\"sort\":14,\"knowledge_name\":\"整式的乘法与因式分解\",\"grade_code\":\"22\",\"path\":\"6777\",\"ctb_code\":\"6777\",\"booktype_code\":\"958e8dabd3d64834b608aa90e5cc2cfd\",\"subject_code\":\"2\"},{\"sort\":15,\"knowledge_name\":\"分式\",\"grade_code\":\"22\",\"path\":\"6778\",\"ctb_code\":\"6778\",\"booktype_code\":\"958e8dabd3d64834b608aa90e5cc2cfd\",\"subject_code\":\"2\"},{\"sort\":13,\"knowledge_name\":\"轴对称\",\"grade_code\":\"22\",\"path\":\"6776\",\"ctb_code\":\"6776\",\"booktype_code\":\"958e8dabd3d64834b608aa90e5cc2cfd\",\"subject_code\":\"2\"}]', '2016-04-29 09:04:53', '1');
INSERT INTO `example` VALUES ('0956022676654E1E9B48BCFD63174981', null, 'FAILURE', '{\"message\":404}', '2015-11-18 10:04:31', '2');
INSERT INTO `example` VALUES ('0BD0F365915C47A3B1DD4BFF818D9B9B', null, 'SUCCESS', '{\"requestId\":\"8CF5395C1185466988A0D5B25ED0A181\",\"code\":\"Success\",\"message\":\"Success\",\"httpCode\":\"200\",\"result\":{\"stageCode\":null,\"gradeCode\":null,\"subjectCode\":null,\"bookTypeCode\":null,\"bookTypeVersionCode\":null,\"unitCode\":null,\"count\":null,\"ctbCode\":null,\"userCode\":null,\"courseCode\":null,\"productionCode\":null,\"reponseVedio\":null,\"isDel\":null,\"productAndSelectCountBeans\":null,\"questionObject\":null,\"urlWeVideo\":null,\"questions\":[{\"productCode\":null,\"selectCount\":1,\"id\":\"7c56d2ca67414bb6b166213422992a2d\",\"stem\":\"算式http://iwrong.b0.upaiyun.com/resources_v3/xsa71631_xsa71706.files/image083.png&nbsp;，计算结果正确的选项是（&nbsp;&nbsp;）。\",\"stemPicture\":\"402881ce558fb38801558fe86cc3003b\",\"title\":\"XSA71657\",\"optionPicture\":\"402881ce558fb38801558feb2dad0042\",\"anayzePicture\":\"402881ce558fb38801558fed29550045,402881ce558fb38801558fed611a0046\",\"answer\":\"C\",\"difficultStar\":\"1\",\"videoPath\":null,\"audioListenPath\":null,\"audioAnalyzePath\":\"http://cuotiben-mp3.qiniudn.com/XSA71657.mp3\",\"urlWeVideo\":null,\"quesOption\":null,\"quesAnalyze\":null,\"quesOptions\":[{\"optionKey\":\"A\",\"optionValue\":\"http://iwrong.b0.upaiyun.com/resources_v3/xsa71631_xsa71706.files/image084.png\"},{\"optionKey\":\"B\",\"optionValue\":\"http://iwrong.b0.upaiyun.com/resources_v3/xsa71631_xsa71706.files/image085.png\"},{\"optionKey\":\"C\",\"optionValue\":\"http://iwrong.b0.upaiyun.com/resources_v3/xsa71631_xsa71706.files/image015.png\"}],\"quesAnalyzes\":[{\"analyzeKey\":\"A\",\"analyzeValue\":\"此选项错误，详细解析见正确选项。\"},{\"analyzeKey\":\"B\",\"analyzeValue\":\"此选项错误，详细解析见正确选项。\"},{\"analyzeKey\":\"C\",\"analyzeValue\":\"同分母分数相减，分母不变，分子相减。http://iwrong.b0.upaiyun.com/resources_v3/xsa71631_xsa71706.files/image086.png&nbsp;，所以此选项正确。\"}]},{\"productCode\":null,\"selectCount\":1,\"id\":\"ab620cbdf3ad4772b3a3d40f8fb8bda4\",\"stem\":\"http://iwrong.b0.upaiyun.com/resources_v3/xsa50601_xsa50700.files/image161.png\",\"stemPicture\":\"402881ce558fb38801558fe86cc3003b\",\"title\":\"XSA50674\",\"optionPicture\":\"402881ce558fb38801558feb2dad0042\",\"anayzePicture\":\"402881ce558fb38801558fed29550045,402881ce558fb38801558fed611a0046\",\"answer\":\"B\",\"difficultStar\":\"1\",\"videoPath\":\"null\",\"audioListenPath\":null,\"audioAnalyzePath\":\"http://cuotiben-mp3.qiniudn.com/XSA50674.mp3\",\"urlWeVideo\":null,\"quesOption\":null,\"quesAnalyze\":null,\"quesOptions\":[{\"optionKey\":\"A\",\"optionValue\":\"http://iwrong.b0.upaiyun.com/resources_v3/xsa50601_xsa50700.files/image159.png\"},{\"optionKey\":\"B\",\"optionValue\":\"http://iwrong.b0.upaiyun.com/resources_v3/xsa50601_xsa50700.files/image058.png\"},{\"optionKey\":\"C\",\"optionValue\":\"http://iwrong.b0.upaiyun.com/resources_v3/xsa50601_xsa50700.files/image162.png\"}],\"quesAnalyzes\":[{\"analyzeKey\":\"A\",\"analyzeValue\":\"http://iwrong.b0.upaiyun.com/resources_v3/xsa50601_xsa50700.files/image163.png，所以此选项错误。\"},{\"analyzeKey\":\"B\",\"analyzeValue\":\"1=http://iwrong.b0.upaiyun.com/resources_v3/xsa50601_xsa50700.files/image164.png，分母相同的分数相减，分母不变，分子相减，http://iwrong.b0.upaiyun.com/resources_v3/xsa50601_xsa50700.files/image163.png，所以此选项正确。\"},{\"analyzeKey\":\"C\",\"analyzeValue\":\"http://iwrong.b0.upaiyun.com/resources_v3/xsa50601_xsa50700.files/image163.png，所以此选项错误。\"}]},{\"productCode\":null,\"selectCount\":1,\"id\":\"05d6ed009f544dbfab7677978abeb122\",\"stem\":\"http://iwrong.b0.upaiyun.com/resources_v3/xsa71631_xsa71706.files/image070.png的正确结果是（&nbsp;&nbsp;）\",\"stemPicture\":\"402881ce558fb38801558fe86cc3003b\",\"title\":\"XSA71654\",\"optionPicture\":\"402881ce558fb38801558feb2dad0042\",\"anayzePicture\":\"402881ce558fb38801558fed29550045,402881ce558fb38801558fed611a0046\",\"answer\":\"A\",\"difficultStar\":\"1\",\"videoPath\":null,\"audioListenPath\":null,\"audioAnalyzePath\":\"http://cuotiben-mp3.qiniudn.com/XSA71654.mp3\",\"urlWeVideo\":null,\"quesOption\":null,\"quesAnalyze\":null,\"quesOptions\":[{\"optionKey\":\"A\",\"optionValue\":\"http://iwrong.b0.upaiyun.com/resources_v3/xsa71631_xsa71706.files/image013.png\"},{\"optionKey\":\"B\",\"optionValue\":\"http://iwrong.b0.upaiyun.com/resources_v3/xsa71631_xsa71706.files/image071.png\"},{\"optionKey\":\"C\",\"optionValue\":\"http://iwrong.b0.upaiyun.com/resources_v3/xsa71631_xsa71706.files/image017.png\"}],\"quesAnalyzes\":[{\"analyzeKey\":\"A\",\"analyzeValue\":\"同分母分数相加，分母不变，分子相加。\nhttp://iwrong.b0.upaiyun.com/resources_v3/xsa71631_xsa71706.files/image072.png&nbsp;，所以此选项正确。\"},{\"analyzeKey\":\"B\",\"analyzeValue\":\"此选项错误，详细解析见正确选项。\"},{\"analyzeKey\":\"C\",\"analyzeValue\":\"此选项错误，详细解析见正确选项。\"}]},{\"productCode\":null,\"selectCount\":1,\"id\":\"eae02fb2616f467386884ec084a57648\",\"stem\":\"http://iwrong.b0.upaiyun.com/resources_v3/xsa71631_xsa71706.files/image073.png的计算结果正确的是（&nbsp;&nbsp;）\",\"stemPicture\":\"402881ce558fb38801558fe86cc3003b\",\"title\":\"XSA71655\",\"optionPicture\":\"402881ce558fb38801558feb2dad0042\",\"anayzePicture\":\"402881ce558fb38801558fed29550045,402881ce558fb38801558fed611a0046\",\"answer\":\"A\",\"difficultStar\":\"1\",\"videoPath\":null,\"audioListenPath\":null,\"audioAnalyzePath\":\"http://cuotiben-mp3.qiniudn.com/XSA71655.mp3\",\"urlWeVideo\":null,\"quesOption\":null,\"quesAnalyze\":null,\"quesOptions\":[{\"optionKey\":\"A\",\"optionValue\":\"http://iwrong.b0.upaiyun.com/resources_v3/xsa71631_xsa71706.files/image074.png\"},{\"optionKey\":\"B\",\"optionValue\":\"http://iwrong.b0.upaiyun.com/resources_v3/xsa71631_xsa71706.files/image075.png\"},{\"optionKey\":\"C\",\"optionValue\":\"http://iwrong.b0.upaiyun.com/resources_v3/xsa71631_xsa71706.files/image076.png\"}],\"quesAnalyzes\":[{\"analyzeKey\":\"A\",\"analyzeValue\":\"同分母分数相减，分母不变，分子相减。\nhttp://iwrong.b0.upaiyun.com/resources_v3/xsa71631_xsa71706.files/image077.png&nbsp;，所以此选项正确。\"},{\"analyzeKey\":\"B\",\"analyzeValue\":\"此选项错误，详细解析见正确选项。\"},{\"analyzeKey\":\"C\",\"analyzeValue\":\"此选项错误，详细解析见正确选项。\"}]},{\"productCode\":null,\"selectCount\":1,\"id\":\"94ae1b71312c408c85d938e9cc065509\",\"stem\":\"http://iwrong.b0.upaiyun.com/web_center_question/imgs/ctb_20150717_153207.png&nbsp;的计算结果是（&nbsp;&nbsp;）\",\"stemPicture\":\"402881ce558fb38801558fe86cc3003b\",\"title\":\"XSA71638\",\"optionPicture\":\"402881ce558fb38801558feb2dad0042\",\"anayzePicture\":\"402881ce558fb38801558fed29550045,402881ce558fb38801558fed611a0046\",\"answer\":\"A\",\"difficultStar\":\"1\",\"videoPath\":null,\"audioListenPath\":null,\"audioAnalyzePath\":\"http://cuotiben-mp3.qiniudn.com/XSA71638.mp3\",\"urlWeVideo\":null,\"quesOption\":null,\"quesAnalyze\":null,\"quesOptions\":[{\"optionKey\":\"A\",\"optionValue\":\"&nbsp;http://iwrong.b0.upaiyun.com/web_center_question/imgs/ctb_20150717_153215.png&nbsp;\n\"},{\"optionKey\":\"B\",\"optionValue\":\"&nbsp;http://iwrong.b0.upaiyun.com/web_center_question/imgs/ctb_20150717_153220.png&nbsp;\n\"},{\"optionKey\":\"C\",\"optionValue\":\"&nbsp;http://iwrong.b0.upaiyun.com/web_center_question/imgs/ctb_20150717_153224.png\"}],\"quesAnalyzes\":[{\"analyzeKey\":\"A\",\"analyzeValue\":\"根据同分母分数相加，分母不变，分子相加。http://iwrong.b0.upaiyun.com/web_center_question/imgs/ctb_20150717_153258.png&nbsp;&nbsp;，所以此选项正确。\n\"},{\"analyzeKey\":\"B\",\"analyzeValue\":\"此选项错误，详细解析见正确选项。\n\"},{\"analyzeKey\":\"C\",\"analyzeValue\":\"此选项错误，详细解析见正确选项。\"}]},{\"productCode\":null,\"selectCount\":1,\"id\":\"5633b5f7edb94ddfbcd3ea339270e72e\",\"stem\":\"一块红布长1米，一块白布比它短http://iwrong.b0.upaiyun.com/resources_v3/xsa50601_xsa50700.files/image168.png米，白布长(&nbsp;&nbsp;&nbsp;&nbsp;)米。\",\"stemPicture\":\"402881ce558fb38801558fe86cc3003b\",\"title\":\"XSA50676\",\"optionPicture\":\"402881ce558fb38801558feb2dad0042\",\"anayzePicture\":\"402881ce558fb38801558fed29550045,402881ce558fb38801558fed611a0046\",\"answer\":\"C\",\"difficultStar\":\"1\",\"videoPath\":\"null\",\"audioListenPath\":null,\"audioAnalyzePath\":\"http://cuotiben-mp3.qiniudn.com/XSA50676.mp3\",\"urlWeVideo\":null,\"quesOption\":null,\"quesAnalyze\":null,\"quesOptions\":[{\"optionKey\":\"A\",\"optionValue\":\"http://iwrong.b0.upaiyun.com/resources_v3/xsa50601_xsa50700.files/image169.png\"},{\"optionKey\":\"B\",\"optionValue\":\"http://iwrong.b0.upaiyun.com/resources_v3/xsa50601_xsa50700.files/image040.png\"},{\"optionKey\":\"C\",\"optionValue\":\"http://iwrong.b0.upaiyun.com/resources_v3/xsa50601_xsa50700.files/image170.png\"}],\"quesAnalyzes\":[{\"analyzeKey\":\"A\",\"analyzeValue\":\"白布长http://iwrong.b0.upaiyun.com/resources_v3/xsa50601_xsa50700.files/image170.png米，此选项错误。\"},{\"analyzeKey\":\"B\",\"analyzeValue\":\"白布长http://iwrong.b0.upaiyun.com/resources_v3/xsa50601_xsa50700.files/image170.png米，此选项错误。\"},{\"analyzeKey\":\"C\",\"analyzeValue\":\"白布=红布-http://iwrong.b0.upaiyun.com/resources_v3/xsa50601_xsa50700.files/image058.png，即http://iwrong.b0.upaiyun.com/resources_v3/xsa50601_xsa50700.files/image171.png，所以白布长http://iwrong.b0.upaiyun.com/resources_v3/xsa50601_xsa50700.files/image170.png米，此选项正确。\"}]},{\"productCode\":null,\"selectCount\":1,\"id\":\"ec6346e3fec245de8c29110a6a1afeaf\",\"stem\":\"http://iwrong.b0.upaiyun.com/resources_v3/xsa20601_xsa20700.files/image035.png，该计算是否正确？(&nbsp;&nbsp;&nbsp;&nbsp;)\",\"stemPicture\":\"402881ce558fb38801558fe86cc3003b\",\"title\":\"XSA20644\",\"optionPicture\":\"402881ce558fb38801558feb2dad0042\",\"anayzePicture\":\"402881ce558fb38801558fed29550045,402881ce558fb38801558fed611a0046\",\"answer\":\"A\",\"difficultStar\":\"1\",\"videoPath\":null,\"audioListenPath\":null,\"audioAnalyzePath\":\"http://cuotiben-mp3.qiniudn.com/XSA20644.mp3\",\"urlWeVideo\":null,\"quesOption\":null,\"quesAnalyze\":null,\"quesOptions\":[{\"optionKey\":\"A\",\"optionValue\":\"正确\"},{\"optionKey\":\"B\",\"optionValue\":\"不正确\"}],\"quesAnalyzes\":[{\"analyzeKey\":\"A\",\"analyzeValue\":\"计算同分母分数相加，分母不变，分子相加。所以http://iwrong.b0.upaiyun.com/resources_v3/xsa20601_xsa20700.files/image035.png正确，所以此选项正确。\"},{\"analyzeKey\":\"B\",\"analyzeValue\":\"计算同分母分数相加，分母不变，分子相加。所以http://iwrong.b0.upaiyun.com/resources_v3/xsa20601_xsa20700.files/image035.png正确，所以此选项错误。\"}]},{\"productCode\":null,\"selectCount\":1,\"id\":\"23b6998ac9f644d1ad5bfe4815a49090\",\"stem\":\"http://iwrong.b0.upaiyun.com/resources_v3/xsa31629_xsa31674.files/image058.png\",\"stemPicture\":\"402881ce558fb38801558fe86cc3003b\",\"title\":\"XSA31639\",\"optionPicture\":\"402881ce558fb38801558feb2dad0042\",\"anayzePicture\":\"402881ce558fb38801558fed29550045,402881ce558fb38801558fed611a0046\",\"answer\":\"C\",\"difficultStar\":\"1\",\"videoPath\":null,\"audioListenPath\":null,\"audioAnalyzePath\":\"http://cuotiben-mp3.qiniudn.com/XSA31639.mp3\",\"urlWeVideo\":null,\"quesOption\":null,\"quesAnalyze\":null,\"quesOptions\":[{\"optionKey\":\"A\",\"optionValue\":\"http://iwrong.b0.upaiyun.com/resources_v3/xsa31629_xsa31674.files/image059.png\"},{\"optionKey\":\"B\",\"optionValue\":\"http://iwrong.b0.upaiyun.com/resources_v3/xsa31629_xsa31674.files/image060.png\"},{\"optionKey\":\"C\",\"optionValue\":\"http://iwrong.b0.upaiyun.com/resources_v3/xsa31629_xsa31674.files/image061.png\"}],\"quesAnalyzes\":[{\"analyzeKey\":\"A\",\"analyzeValue\":\"此选项错误，详见正确解析。&nbsp;\"},{\"analyzeKey\":\"B\",\"analyzeValue\":\"此选项错误，详见正确解析。&nbsp;\"},{\"analyzeKey\":\"C\",\"analyzeValue\":\"同分母分数的加减法，分母不变，分子相加减，最后将得数约分。http://iwrong.b0.upaiyun.com/resources_v3/xsa31629_xsa31674.files/image062.png，所以此选项正确。\"}]},{\"productCode\":null,\"selectCount\":1,\"id\":\"7235ef58b10e4432bc3f7027ed63fb93\",\"stem\":\"http://iwrong.b0.upaiyun.com/resources_v3/xsa31629_xsa31674.files/image124.png\",\"stemPicture\":\"402881ce558fb38801558fe86cc3003b\",\"title\":\"XSA31653\",\"optionPicture\":\"402881ce558fb38801558feb2dad0042\",\"anayzePicture\":\"402881ce558fb38801558fed29550045,402881ce558fb38801558fed611a0046\",\"answer\":\"A\",\"difficultStar\":\"1\",\"videoPath\":\"null\",\"audioListenPath\":null,\"audioAnalyzePath\":\"http://cuotiben-mp3.qiniudn.com/XSA31653.mp3\",\"urlWeVideo\":null,\"quesOption\":null,\"quesAnalyze\":null,\"quesOptions\":[{\"optionKey\":\"A\",\"optionValue\":\"http://iwrong.b0.upaiyun.com/resources_v3/xsa31629_xsa31674.files/image125.png\"},{\"optionKey\":\"B\",\"optionValue\":\"http://iwrong.b0.upaiyun.com/resources_v3/xsa31629_xsa31674.files/image126.png\"},{\"optionKey\":\"C\",\"optionValue\":\"http://iwrong.b0.upaiyun.com/resources_v3/xsa31629_xsa31674.files/image127.png\"}],\"quesAnalyzes\":[{\"analyzeKey\":\"A\",\"analyzeValue\":\"同分母分数相加，分母不变，分子相加。http://iwrong.b0.upaiyun.com/resources_v3/xsa31629_xsa31674.files/image128.png，所以此选项正确。&nbsp;\"},{\"analyzeKey\":\"B\",\"analyzeValue\":\"此选项错误，详见正确解析。&nbsp;\"},{\"analyzeKey\":\"C\",\"analyzeValue\":\"此选项错误，详见正确解析。\"}]}],\"version\":0,\"knowledgeId\":null}}', null, null);
INSERT INTO `example` VALUES ('0BD8809B423C403AB0070028250799A9', '3989DFE57B364A1D88A1598833D707EA', 'SUCCESS', '{\n  \"responseCode\": true,\n  \"orderRecord\": {\n    \"uuid\": \"4A72781F7E6A4A30A032058E6B03E263\",\n    \"ormUuid\": \"AE3F010A215944168A34BEC2E6FC16C5\",\n    \"cityCode\": \"1\",\n    \"payChannel\": \"公众号\",\n    \"orderName\": \"一年级语文（上册）vip服务（一个月）\",\n    \"payType\": \"weixin\",\n    \"payUserMobile\": \"15155551111\",\n    \"bookVersionName\": \"一年级语文（上册）\",\n    \"delFlag\": 0,\n    \"affiliatedTeacher\": \"AAA\",\n    \"provinceName\": \"北京\",\n    \"cityName\": \"北京市\",\n    \"countyName\": \"西城区\",\n    \"provinceCode\": \"1\",\n    \"payTime\": \"2017-06-13 07:15:15\",\n    \"affiliatedClass\": \"一年级（3班）\",\n    \"buyType\": 1,\n    \"orderSn\": \"ORDER2017061315183000006\",\n    \"bookVersionCode\": \"yuwencode\",\n    \"orderPrice\": 120,\n    \"createTime\": \"2017-06-13 07:23:27\",\n    \"countyCode\": \"1\",\n    \"affiliatedSchool\": \"XXXX第一实验小学\",\n    \"payUserAccount\": \"15155551111\"\n  }\n}', null, null);
INSERT INTO `example` VALUES ('0D868EBC5EB6423A8FDCE72CD364CE3E', '9A75D728C1004129958D31FBAB7F43A2', 'SUCCESS', '{}', null, null);
INSERT INTO `example` VALUES ('0DF701ABED344ACD8123D54AD238D7D7', null, 'SUCCESS', '{\"266ce8b224f740f698f5db2ae5e15b68\":\"1\",\"3f3f3b5a92db4d1ea7467d1750a3d698\":\"1\",\"9596acbff9434160a38f39e951a59b79\":\"1\",\"currency\":300,\"experience\":160,\"rank\":1}', '2015-11-18 09:46:21', '1');
INSERT INTO `example` VALUES ('0F4B91E4097D4A6BB3487160DD8699FA', null, 'SUCCESS', '{\"requestId\":\"WEUOW343KL34L26NBSK3\",\"code\":\"Success\",\"message\":\"Success\",\"httpCode\":\"200\",\"result\":{\"weekTimes\":[{\"eduWeekTimeCode\":\"30A56BA2E71E4BE2BD5DD59BA044C1D6\",\"weekTimeName\":\"2017年 第1期\",\"weekStartTime\":1473609600000,\"weekEndTime\":1474791746000,\"weekNumber\":1},{\"eduWeekTimeCode\":\"3D5429CAFDD44724B5952F0DC62BB231\",\"weekTimeName\":\"2017年 第2期\",\"weekStartTime\":1474269817000,\"weekEndTime\":1475479417000,\"weekNumber\":2}]}}', null, null);
INSERT INTO `example` VALUES ('113C0FA567644B9D95C5565B5F30EE0F', null, 'SUCCESS', '{\"message\":1,\"customsBarrierExercise\":[{\"customsBarrierExercisesId\":1,\"challengeSchooleId\":1,\"customsBarrierId\":1,\"subjectCode\":\"274ea\",\"finishTime\":10,\"starNumber\":3,\"challengeSchoole\":null,\"customsBarrier\":null},{\"customsBarrierExercisesId\":2,\"challengeSchooleId\":1,\"customsBarrierId\":1,\"subjectCode\":\"be6c8\",\"finishTime\":8,\"starNumber\":2,\"challengeSchoole\":null,\"customsBarrier\":null},{\"customsBarrierExercisesId\":3,\"challengeSchooleId\":1,\"customsBarrierId\":1,\"subjectCode\":\"2e426\",\"finishTime\":8,\"starNumber\":2,\"challengeSchoole\":null,\"customsBarrier\":null},{\"customsBarrierExercisesId\":4,\"challengeSchooleId\":1,\"customsBarrierId\":1,\"subjectCode\":\"a7ecc\",\"finishTime\":8,\"starNumber\":2,\"challengeSchoole\":null,\"customsBarrier\":null},{\"customsBarrierExercisesId\":5,\"challengeSchooleId\":1,\"customsBarrierId\":1,\"subjectCode\":\"9c1e0\",\"finishTime\":8,\"starNumber\":2,\"challengeSchoole\":null,\"customsBarrier\":null},{\"customsBarrierExercisesId\":6,\"challengeSchooleId\":1,\"customsBarrierId\":1,\"subjectCode\":\"f43e2\",\"finishTime\":9,\"starNumber\":2,\"challengeSchoole\":null,\"customsBarrier\":null}]}', '2015-11-30 10:30:31', '1');
INSERT INTO `example` VALUES ('114ED1D6ECC548ABBBBC8E717DC9B155', '4909C22D635342CEA8E93E4345B84840', 'SUCCESS', '{\n  \"responseCode\": true,\n  \"verificationCode\": \"000000\"\n}', null, null);
INSERT INTO `example` VALUES ('12D66502443C47A1A62A65A5D9AEB61F', null, 'SUCCESS', '{\"message\":1}', '2015-11-17 13:30:10', '1');
INSERT INTO `example` VALUES ('14EB226D418646ABB102D5EA0349ACF4', null, 'SUCCESS', '{\"parameterCheckCode\":\"SUCCESS\",\"parameterCheckMessage\":\"成功\",\"responseCode\":true,\"list\":[{\"ctb_code\":\"66570001\",\"path\":\"6657|66570001\",\"booktype_code\":\"170a286029b24ed78626c5203fc1c816\",\"subject_code\":\"2\",\"sort\":40887,\"knowledge_name\":\"第一单元 准备课\",\"grade_code\":\"11\"},{\"ctb_code\":\"66570002\",\"path\":\"6657|66570002\",\"booktype_code\":\"170a286029b24ed78626c5203fc1c816\",\"subject_code\":\"2\",\"sort\":41195,\"knowledge_name\":\"第二单元 位置\",\"grade_code\":\"11\"},{\"ctb_code\":\"66570003\",\"path\":\"6657|66570003\",\"booktype_code\":\"170a286029b24ed78626c5203fc1c816\",\"subject_code\":\"2\",\"sort\":41239,\"knowledge_name\":\"第三单元 1~5的认识和加减法\",\"grade_code\":\"11\"},{\"ctb_code\":\"66570004\",\"path\":\"6657|66570004\",\"booktype_code\":\"170a286029b24ed78626c5203fc1c816\",\"subject_code\":\"2\",\"sort\":41263,\"knowledge_name\":\"第四单元 认识图形（一）\",\"grade_code\":\"11\"},{\"ctb_code\":\"66570005\",\"path\":\"6657|66570005\",\"booktype_code\":\"170a286029b24ed78626c5203fc1c816\",\"subject_code\":\"2\",\"sort\":41307,\"knowledge_name\":\"第五单元 6~10的认识和加减法\",\"grade_code\":\"11\"},{\"ctb_code\":\"66570006\",\"path\":\"6657|66570006\",\"booktype_code\":\"170a286029b24ed78626c5203fc1c816\",\"subject_code\":\"2\",\"sort\":41365,\"knowledge_name\":\"第六单元 11~20各数的认识\",\"grade_code\":\"11\"},{\"ctb_code\":\"66570007\",\"path\":\"6657|66570007\",\"booktype_code\":\"170a286029b24ed78626c5203fc1c816\",\"subject_code\":\"2\",\"sort\":41401,\"knowledge_name\":\"第七单元 认识钟表\",\"grade_code\":\"11\"},{\"ctb_code\":\"66570008\",\"path\":\"6657|66570008\",\"booktype_code\":\"170a286029b24ed78626c5203fc1c816\",\"subject_code\":\"2\",\"sort\":41443,\"knowledge_name\":\"第八单元 20', null, null);
INSERT INTO `example` VALUES ('15158AEAFBE34E83A27875389ACFE8CF', null, 'SUCCESS', '{\n  \"requestId\": \"866425dd-c114-4672-8539-8fc33334968a\",\n  \"code\": \"500\",\n  \"message\": \"\",\n  \"httpCode\": \"200\",\n  \"result\": \"修改成功\"\n}', null, null);
INSERT INTO `example` VALUES ('166949BF80E34FAEAE9AD80F0A5A1DE1', '799570CB5852421EA592EED4CC5CD700', 'SUCCESS', '{\"smsDayTypeStats\":[{\"type\":\"reset_password\",\"id\":93,\"number\":12,\"date\":1458201780000,\"productId\":\"32bdd1c5-8eef-4843-9a9a-228dc0f3b617\"},{\"type\":\"teacher_certificate\",\"id\":94,\"number\":11,\"date\":1458201780000,\"productId\":\"32bdd1c5-8eef-4843-9a9a-228dc0f3b617\"},{\"type\":\"edit_password\",\"id\":95,\"number\":2,\"date\":1458201780000,\"productId\":\"32bdd1c5-8eef-4843-9a9a-228dc0f3b617\"}],\"hourData\":[{\"number\":10,\"hour\":\"09\",\"type\":\"1\"},{\"number\":5,\"hour\":\"10\",\"type\":\"1\"},{\"number\":9,\"hour\":\"11\",\"type\":\"1\"},{\"number\":1,\"hour\":\"13\",\"type\":\"1\"}]}', '2016-03-17 16:27:21', '1');
INSERT INTO `example` VALUES ('172388342C804F709D21BF5E04225EA1', '3566DC3E4B2741188DE2DEADAA60C3A1', 'SUCCESS', '{\n    \"parameterCheckCode\":\"SUCCESS\",\n    \"parameterCheckMessage\":\"成功\",\n    \"disableAgency\":\"FAILURE\"\n}', null, null);
INSERT INTO `example` VALUES ('1771AD822DB64D4E85DBFE4C5F23F99F', null, 'SUCCESS', '{\"message\":1}', '2015-11-11 13:49:22', '1');
INSERT INTO `example` VALUES ('182CB8CF503946C1A4CF8C9845FD35E3', null, 'SUCCESS', '{\"message\":1}', '2015-11-13 09:27:53', '1');
INSERT INTO `example` VALUES ('18CA0A0103C34F169956793E87307DB4', null, 'SUCCESS', '{}', '2016-08-03 13:08:15', '1');
INSERT INTO `example` VALUES ('1921C4B3C7C4447598A3BB56BDB48C86', null, 'SUCCESS', '{\"message\":1}', '2015-11-13 09:17:32', '1');
INSERT INTO `example` VALUES ('1A3BF54E5CE14AFAA8E5ACDBEFEB0556', 'F6AE3EF135E54802B8349F7F14DA4380', 'SUCCESS', '{\"smsDayTypeStats\":[{\"id\":93,\"type\":\"reset_password\",\"number\":12,\"date\":1458180200000,\"productId\":\"32bdd1c5-8eef-4843-9a9a-228dc0f3b617\"},{\"id\":94,\"type\":\"teacher_certificate\",\"number\":1,\"date\":1458180200000,\"productId\":\"32bdd1c5-8eef-4843-9a9a-228dc0f3b617\"}],\"smsStat\":{\"statId\":1,\"productId\":\"32bdd1c5-8eef-4843-9a9a-228dc0f3b617\",\"monthSuc\":30,\"threeFal\":1,\"threeSuc\":30,\"sevenFal\":1,\"monthFal\":1,\"yearFal\":1,\"sevenSuc\":30,\"yearSuc\":30,\"todayFal\":0,\"todaySuc\":13,\"halfYearFal\":1,\"halfYearSuc\":30},\"hourData\":[{\"number\":10,\"hour\":\"09\",\"type\":\"1\"},{\"number\":3,\"hour\":\"10\",\"type\":\"1\"}]}', '2016-03-17 10:43:33', '1');
INSERT INTO `example` VALUES ('1A95E6A8DA1A417FA426A6DC75B7023B', 'E54D511AD30B45929726A71BFF30E9FC', 'SUCCESS', '{\n  \"responseCode\": true,\n  \"totalCount\": 2,\n  \"totalPrice\": \"240.00\",\n  \"list\": [\n    {\n      \"uuid\": \"9A9991A07C2A4A1B89FA9E86CE95C700\",\n      \"ormUuid\": \"AE3F010A215944168A34BEC2E6FC16C5\",\n      \"cityCode\": \"1\",\n      \"payChannel\": \"公众号\",\n      \"orderName\": \"一年级数学（上册）vip服务（一个月）\",\n      \"payType\": \"weixin\",\n      \"payUserMobile\": \"15155551111\",\n      \"bookVersionName\": \"一年级数学（上册）\",\n      \"delFlag\": 0,\n      \"affiliatedTeacher\": \"AAA\",\n      \"provinceName\": \"北京\",\n      \"cityName\": \"北京市\",\n      \"countyName\": \"西城区\",\n      \"provinceCode\": \"1\",\n      \"payTime\": \"2017-06-15 07:15:15\",\n      \"affiliatedClass\": \"一年级（3班）\",\n      \"buyType\": 1,\n      \"orderSn\": \"ORDER2017061315183000007\",\n      \"bookVersionCode\": \"yuwencode\",\n      \"orderPrice\": 120,\n      \"createTime\": \"2017-06-13 07:25:19\",\n      \"countyCode\": \"1\",\n      \"affiliatedSchool\": \"XXXX第一实验小学\",\n      \"payUserAccount\": \"15155551111\"\n    },\n    {\n      \"uuid\": \"4A72781F7E6A4A30A032058E6B03E263\",\n      \"ormUuid\": \"AE3F010A215944168A34BEC2E6FC16C5\",\n      \"cityCode\": \"1\",\n      \"payChannel\": \"公众号\",\n      \"orderName\": \"一年级语文（上册）vip服务（一个月）\",\n      \"payType\": \"weixin\",\n      \"payUserMobile\": \"15155551111\",\n      \"bookVersionName\": \"一年级语文（上册）\",\n      \"delFlag\": 0,\n      \"affiliatedTeacher\": \"AAA\",\n      \"provinceName\": \"北京\",\n      \"cityName\": \"北京市\",\n      \"countyName\": \"西城区\",\n      \"provinceCode\": \"1\",\n      \"payTime\": \"2017-06-13 07:15:15\",\n      \"affiliatedClass\": \"一年级（3班）\",\n      \"buyType\": 1,\n      \"orderSn\": \"ORDER2017061315183000006\",\n      \"bookVersionCode\": \"yuwencode\",\n      \"orderPrice\": 120,\n      \"createTime\": \"2017-06-13 07:23:27\",\n      \"countyCode\": \"1\",\n      \"affiliatedSchool\": \"XXXX第一实验小学\",\n      \"payUserAccount\": \"15155551111\"\n    }\n  ]\n}', null, null);
INSERT INTO `example` VALUES ('1B543244FBC04F5895348E6BF7E02422', null, 'SUCCESS', '{\"message\":1}', '2015-11-09 10:15:20', '1');
INSERT INTO `example` VALUES ('1D64B79B696E41BF8FC33B8DE7FD186D', null, 'SUCCESS', '{\"requestId\":\"d24b0a3d-6f52-4d73-a1c8-9ce1ad53afc1\",\"code\":\"Success\",\"message\":\"Success\",\"httpCode\":\"200\",\"result\":[{\"grade\":\"21\",\"subject\":\"1\",\"book_type\":\"作业辅导人教版\",\"ctb_code\":\"enMsrFmptKC6Y7PTK3zWH6CPWBJrSJzk\",\"version\":0},{\"grade\":\"21\",\"subject\":\"1\",\"book_type\":\"人教版(模块)\",\"ctb_code\":\"JMd5mXXNF6E86ntH4dANtPmsJQH2tFKZ\",\"version\":0},{\"grade\":\"21\",\"subject\":\"1\",\"book_type\":\"新课标人教版\",\"ctb_code\":\"dc7007af733943d8834af38555189c21\",\"version\":0},{\"grade\":\"21\",\"subject\":\"1\",\"book_type\":\"苏教版\",\"ctb_code\":\"519fe6a49ppp423b9wwq04fdd3dea3p6\",\"version\":0},{\"grade\":\"21\",\"subject\":\"1\",\"book_type\":\"语文版\",\"ctb_code\":\"432fe6a49ppp423b9wwq04fdd3dea3p6\",\"version\":0}]}', null, null);
INSERT INTO `example` VALUES ('1D6E854E4B484E5FB0FED35184306CA5', null, 'SUCCESS', '{\"message\":1,\"challengeViewes\":[{\"rankNumber\":1,\"university\":\"清华大学\",\"nickName\":\"嘿嘿\",\"faceImage\":\"upload/image/201512/953936391EF14019A632E420D7FF0CDC.jpg\",\"universityId\":1001},{\"rankNumber\":2,\"university\":\"清华大学\",\"nickName\":\"杨老六\",\"faceImage\":\"upload/image/201512/953936391EF14019A632E420D7FF0CDC.jpg\",\"universityId\":1001},{\"rankNumber\":2,\"university\":\"清华大学\",\"nickName\":\"歌\",\"faceImage\":\"upload/image/201512/953936391EF14019A632E420D7FF0CDC.jpg\",\"universityId\":1001}]}', '2015-12-18 13:30:24', '1');
INSERT INTO `example` VALUES ('1E08F521472A4ECD8A2E09F96F714AD0', '526E20A146F149D8AFE1C0DA8C5CA023', 'SUCCESS', '{\"requestId\":\"WEUOW343KL34L26NBSK3\",\"code\":\"Success\",\"message\":\"Success\",\"httpCode\":\"200\",\"result\":{\"isAdd\":true}}', null, null);
INSERT INTO `example` VALUES ('1F7B18FF48EA4B9FA6280D3EB53D2FC2', null, 'SUCCESS', '{\"parameterCheckCode\":\"SUCCESS\",\"parameterCheckMessage\":\"成功\",\"list\":[{\"subject_code\":\"1\",\"subject_name\":\"语文\"},{\"subject_code\":\"2\",\"subject_name\":\"数学\"}]}', null, null);
INSERT INTO `example` VALUES ('203674A6681C4060A401FCA76F984154', null, 'SUCCESS', '{\"provinces\":[\"北京\",\"天津\",\"上海\",\"重庆\",\"河北\",\"河南\",\"云南\",\"辽宁\",\"黑龙江\",\"湖南\",\"安徽\",\"山东\",\"新疆\",\"江苏\",\"浙江\",\"江西\",\"湖北\",\"广西\",\"甘肃\",\"山西\",\"内蒙古\",\"陕西\",\"吉林\",\"福建\",\"贵州\",\"广东\",\"青海\",\"西藏\",\"四川\",\"海南\"]}', '2015-11-09 15:12:49', '1');
INSERT INTO `example` VALUES ('226BEFEC2A5E4E40A6A2D0CED2F7A73C', null, 'SUCCESS', '{\"requestId\":\"1eca7e04-b388-4469-8293-329cc395d6d1\",\"code\":\"Success\",\"message\":\"Success\",\"httpCode\":\"200\",\"result\":{\"loginMessage\":\"登录成功\",\"loginCode\":\"LOGIN_SUCCESSFULLY\"}}\n\n{\"requestId\":\"cff1195a-10f6-48f5-9b00-ec90aeee462a\",\"code\":\"Success\",\"message\":\"Success\",\"httpCode\":\"200\",\"result\":{\"loginMessage\":\"密码错误\",\"loginCode\":\"WRONG_PASSWORD\"}}\n\n{\"requestId\":\"dacc837c-47a1-4220-990c-57b42150358a\",\"code\":\"Success\",\"message\":\"Success\",\"httpCode\":\"200\",\"result\":{\"loginMessage\":\"账号不存在\",\"loginCode\":\"ACCOUNT_DOES_NOT_EXIST\"}}', null, null);
INSERT INTO `example` VALUES ('232793451FAF40EC96435EB5BAE048FE', null, 'FAILURE', '{\"message\":0}', '2015-11-13 09:17:53', '2');
INSERT INTO `example` VALUES ('235478F22A0B40E0BE23BCE91AAFDDB1', null, 'EXCEPTION', '{\"message\":404}', '2015-11-13 09:18:30', '3');
INSERT INTO `example` VALUES ('237AFF947EFE42A78FF4AE3258B63170', null, 'FAILURE', '404', '2015-11-24 12:01:48', '2');
INSERT INTO `example` VALUES ('24BE35123E26475CABD56529D7FE90C8', '0E1AAD989CA3432CB12F81887E7E7CAB', 'SUCCESS', '{}', null, null);
INSERT INTO `example` VALUES ('2536D783309D4EFABC193F8CA58024FD', 'B091863D5B4242008C8E84C890001165', 'SUCCESS', '{\"requestId\":\"WEUOW343KL34L26NBSK3\",\"code\":\"Success\",\"message\":\"Success\",\"httpCode\":\"200\",\"result\":{\"students\":[]}}', null, null);
INSERT INTO `example` VALUES ('261444B4DA7F487094B350AE9FD8D458', null, 'SUCCESS', '{\"message\":1,\"rank\":3,\"experience\":780,\"currency\":2300}', '2015-12-07 11:10:36', '1');
INSERT INTO `example` VALUES ('26D05E337AF244B7A1FE42F4E0F7CADC', null, 'SUCCESS', '{    \"message\": \"1\",    \"phoneNumber\": \"13681004146\",    \"sessionId\": \"DEAECF14B052479CA455BF7F860131AD\"}', '2015-11-09 09:09:00', '1');
INSERT INTO `example` VALUES ('26D3C80540084F9CB367586B183BFD8D', null, 'SUCCESS', '{\n  \"requestId\": \"10276\",\n  \"code\": \"200\",\n  \"httpCode\": \"200\",\n  \"message\": \"ok\",\n  \"result\": [\n    {\n      \"moduleGoal\": null,\n      \"arts\": null,\n      \"status\": null,\n      \"extend1\": null,\n      \"extend3\": null,\n      \"extend2\": null,\n      \"frequency\": \"2\",\n      \"type\": null,\n      \"id\": \"8a2a7468574a3d1e015754d28cdf10a2\",\n      \"improveScores\": null,\n      \"duration\": \"30\",\n      \"area\": \"100000\",\n      \"ctbCode\": null,\n      \"description\": \"1、分数乘法（分数乘整数、分数、小数）\n2、解决问题\",\n      \"name\": \"第一单元 分数乘法—提高课\"\n    },\n    {\n      \"moduleGoal\": null,\n      \"arts\": null,\n      \"status\": null,\n      \"extend1\": null,\n      \"extend3\": null,\n      \"extend2\": null,\n      \"frequency\": \"1\",\n      \"type\": null,\n      \"id\": \"8a2a7468574a3d1e015754d39bfa10b6\",\n      \"improveScores\": null,\n      \"duration\": \"30\",\n      \"area\": \"100000\",\n      \"ctbCode\": null,\n      \"description\": \"位置与方向\",\n      \"name\": \"第二单元 位置与方向（二）—提高课\"\n    },\n    {\n      \"moduleGoal\": null,\n      \"arts\": null,\n      \"status\": null,\n      \"extend1\": null,\n      \"extend3\": null,\n      \"extend2\": null,\n      \"frequency\": \"3\",\n      \"type\": null,\n      \"id\": \"8a2a7468574a3d1e015754d47d4c10c9\",\n      \"improveScores\": null,\n      \"duration\": \"30\",\n      \"area\": \"100000\",\n      \"ctbCode\": null,\n      \"description\": \"1、倒数的认识\n2、分数除法\n3、分数混合运算\n4、解决问题\",\n      \"name\": \"第三单元 分数除法—提高课\"\n    },\n    {\n      \"moduleGoal\": null,\n      \"arts\": null,\n      \"status\": null,\n      \"extend1\": null,\n      \"extend3\": null,\n      \"extend2\": null,\n      \"frequency\": \"2\",\n      \"type\": null,\n      \"id\": \"8a2a7468574a3d1e015754ebee14120c\",\n      \"improveScores\": null,\n      \"duration\": \"30\",\n      \"area\": \"100000\",\n      \"ctbCode\": null,\n      \"description\": \"1、比的意义\n2、比的基本性质\n3、比的应用\",\n      \"name\": \"第四单元 比—提高课\"\n    },\n    {\n      \"moduleGoal\": null,\n      \"arts\": null,\n      \"status\": null,\n      \"extend1\": null,\n      \"extend3\": null,\n      \"extend2\": null,\n      \"frequency\": \"3\",\n      \"type\": null,\n      \"id\": \"8a2a7468574a3d1e015754ecd77e120f\",\n      \"improveScores\": null,\n      \"duration\": \"30\",\n      \"area\": \"100000\",\n      \"ctbCode\": null,\n      \"description\": \"1、圆的认识\n2、圆的周长\n3、圆的面积\n4、解决问题\n5、扇形\",\n      \"name\": \"第五单元 圆—提高课\"\n    },\n    {\n      \"moduleGoal\": null,\n      \"arts\": null,\n      \"status\": null,\n      \"extend1\": null,\n      \"extend3\": null,\n      \"extend2\": null,\n      \"frequency\": \"2\",\n      \"type\": null,\n      \"id\": \"8a2a7468574a3d1e015754edb2a11211\",\n      \"improveScores\": null,\n      \"duration\": \"30\",\n      \"area\": \"100000\",\n      \"ctbCode\": null,\n      \"description\": \"1、百分数的认识\n2、百分数和小数、分数的互化\n3、解决问题\",\n      \"name\": \"第六单元 百分数（一）—提高课\"\n    },\n    {\n      \"moduleGoal\": null,\n      \"arts\": null,\n      \"status\": null,\n      \"extend1\": null,\n      \"extend3\": null,\n      \"extend2\": null,\n      \"frequency\": \"1\",\n      \"type\": null,\n      \"id\": \"8a2a7468574a3d1e015754ee4f371218\",\n      \"improveScores\": null,\n      \"duration\": \"30\",\n      \"area\": \"100000\",\n      \"ctbCode\": null,\n      \"description\": \"1、扇形统计图的认识\n2、选择合适的统计图\",\n      \"name\": \"第七单元 扇形统计图—提高课\"\n    },\n    {\n      \"moduleGoal\": null,\n      \"arts\": null,\n      \"status\": null,\n      \"extend1\": null,\n      \"extend3\": null,\n      \"extend2\": null,\n      \"frequency\": \"1\",\n      \"type\": null,\n      \"id\": \"8a2a7468574a3d1e015754efe182122b\",\n      \"improveScores\": null,\n      \"duration\": \"30\",\n      \"area\": \"100000\",\n      \"ctbCode\": null,\n      \"description\": \"体会数形结合的思想\",\n      \"name\": \"第八单元 数学广角—数与形—提高课\"\n    }\n  ]\n}', null, null);
INSERT INTO `example` VALUES ('2766238DD15B4685B3A0ACD11A8E515B', null, 'SUCCESS', '{\n  \"requestId\": \"20956\",\n  \"code\": \"200\",\n  \"httpCode\": \"200\",\n  \"message\": \"ok\",\n  \"result\": {\n    \"moduleSection\": [\n      {\n        \"id\": \"8a2a746857c829cb0157d0b78f0516d2\",\n        \"knowledgesCode\": \"666500020001\",\n        \"courseModuleId\": \"8a2a746857c829cb0157d0a90bb514ba\",\n        \"sort\": 3279,\n        \"extend1\": null,\n        \"productionCode\": \"6665000200010001,6665000200010002,6665000200010003,6665000200010004\",\n        \"description\": \"位置与方向\",\n        \"cognitionLevelId\": \"402881ce558fb38801558fe84583003a\",\n        \"name\": \"位置与方向\",\n        \"extend3\": null,\n        \"extend2\": null,\n        \"papers\": [\n          {\n            \"sort\": null,\n            \"extend1\": null,\n            \"papersId\": \"8a2a746857b75f0b0157bbe2a02403fe\",\n            \"papersType\": \"名师直播课随堂测试卷\",\n            \"extend3\": null,\n            \"papersName\": \"小学数学人教新课标版六年级上册第二单元位置和方向 位置和方向试卷（1）\",\n            \"extend2\": null,\n            \"subjectCode\": \"2\",\n            \"type\": 4\n          }\n        ],\n        \"productions\": \"用角度描述方位,设计行走路线,用角度、距离和方位，准确描述物体的位置,根据图画出位置\",\n        \"video\": [],\n        \"knowledges\": \"位置与方向（二）\"\n      }\n    ],\n    \"moduleGoal\": \"１、通过解决实际问题，了解确定位置的方法，能根据方向和距离确定物体的位置。\n２、会看简单的路线图，能根据路线图说出行走的方向和路线。\",\n    \"arts\": null,\n    \"status\": null,\n    \"extend1\": null,\n    \"extend3\": null,\n    \"extend2\": null,\n    \"papers\": [\n      {\n        \"sort\": null,\n        \"extend1\": null,\n        \"papersId\": \"8a2a746854604d34015460aaf6d50059\",\n        \"papersType\": \"单元测试卷\",\n        \"extend3\": null,\n        \"papersName\": \"六年级数学人教新课标版六年级上册第二单元 位置与方向（二）单元测试卷（1）\",\n        \"extend2\": null,\n        \"subjectCode\": \"2\",\n        \"type\": 3\n      }\n    ],\n    \"frequency\": \"1\",\n    \"type\": null,\n    \"id\": \"8a2a746857c829cb0157d0a90bb514ba\",\n    \"improveScores\": 90,\n    \"duration\": \"30\",\n    \"area\": \"100000\",\n    \"ctbCode\": \"6665\",\n    \"now\": \"2017-04-26 11:52:40\",\n    \"description\": \"位置与方向\",\n    \"name\": \"第二单元 位置与方向（二）\"\n  }\n}', null, null);
INSERT INTO `example` VALUES ('285A04DB514A4814B54E3A1C556AD2A7', null, 'SUCCESS', '{\"responseCode\":true,\"responseMessage\":\"创建成功\"}', null, null);
INSERT INTO `example` VALUES ('2B843CD786334B67838ABAFCBCBFA24F', null, 'SUCCESS', '{}', null, null);
INSERT INTO `example` VALUES ('2BB87DEFCD6D43469050A4FE87B2C5A3', '34045A916D834BEAA4244C6B9F949A08', 'SUCCESS', '{}', null, null);
INSERT INTO `example` VALUES ('2CD4A9A1B89B4FFCAC9F4718D88E876C', 'FD791D1371ED4B80857C9B8F1084E347', 'SUCCESS', '{\"requestId\":\"WEUOW343KL34L26NBSK3\",\"code\":\"Success\",\"message\":\"Success\",\"httpCode\":\"200\",\"result\":{\"eduScheduleCode\":\"5BB1A6EBC59145298EE892D14BC7A897\",\"ownerCode\":\"00D20E260AA74DEA822F4BD3F3171C13\",\"eduWeekTimeCode\":\"30A56BA2E71E4BE2BD5DD59BA044C1D6\",\"sections\":[{\"eduSectionCode\":\"05F6AFE0F9C34D159F61285A3B5EB6FF\",\"sectionNumber\":1,\"sectionName\":\"第1节\",\"startTime\":\"8:00\",\"endTime\":\"9:00\",\"duration\":60,\"lessons\":[null,null,null,null,null,null,null,null,null,null,null,null,null,null]},{\"eduSectionCode\":\"BA15920F395947D69C064A1543C00691\",\"sectionNumber\":2,\"sectionName\":\"第2节\",\"startTime\":\"9:00\",\"endTime\":\"10:00\",\"duration\":60,\"lessons\":[null,null,null,null,null,null,null,null,null,null,null,null,null,null]},{\"eduSectionCode\":\"1E2C1ADE05BE4F5EB9B9A9CFDBC5CC62\",\"sectionNumber\":3,\"sectionName\":\"第3节\",\"startTime\":\"10:00\",\"endTime\":\"11:00\",\"duration\":60,\"lessons\":[null,null,null,null,null,null,null,null,null,null,null,null,null,null]},{\"eduSectionCode\":\"BB8DD94E3BD744EB8ACFB3243CA71EC0\",\"sectionNumber\":4,\"sectionName\":\"第4节\",\"startTime\":\"11:00\",\"endTime\":\"12:00\",\"duration\":60,\"lessons\":[null,null,null,null,null,null,null,null,null,null,null,null,null,null]},{\"eduSectionCode\":\"70C9DEA30FE8464B87795E9E066B2FB6\",\"sectionNumber\":5,\"sectionName\":\"第5节\",\"startTime\":\"12:00\",\"endTime\":\"13:00\",\"duration\":60,\"lessons\":[null,null,null,null,null,null,null,null,null,null,null,null,null,null]},{\"eduSectionCode\":\"C6A2026B0DC84EAFB3952C2A470997AD\",\"sectionNumber\":6,\"sectionName\":\"第6节\",\"startTime\":\"13:00\",\"endTime\":\"14:00\",\"duration\":60,\"lessons\":[null,null,null,null,null,null,null,null,null,null,null,null,null,null]},{\"eduSectionCode\":\"4873BF4A228540989BF8B76C02343A1C\",\"sectionNumber\":7,\"sectionName\":\"第7节\",\"startTime\":\"14:00\",\"endTime\":\"15:00\",\"duration\":60,\"lessons\":[null,null,null,null,null,null,null,null,null,null,null,null,null,null]},{\"eduSectionCode\":\"36453DFD44154F4990AEA3EED9D555E5\",\"sectionNumber\":8,\"sectionName\":\"第8节\",\"startTime\":\"15:00\",\"endTime\":\"16:00\",\"duration\":60,\"lessons\":[null,null,null,null,null,null,null,null,null,null,null,null,null,null]},{\"eduSectionCode\":\"F8949AA049254DE2B889C7A720A40AA5\",\"sectionNumber\":9,\"sectionName\":\"第9节\",\"startTime\":\"16:00\",\"endTime\":\"17:00\",\"duration\":60,\"lessons\":[null,null,null,null,null,null,null,null,null,null,null,null,null,null]},{\"eduSectionCode\":\"5F1F4E3C7342470FA36CFD6D4AFF35EB\",\"sectionNumber\":10,\"sectionName\":\"第10节\",\"startTime\":\"17:00\",\"endTime\":\"18:00\",\"duration\":60,\"lessons\":[null,null,null,null,null,null,null,null,null,null,null,null,null,null]},{\"eduSectionCode\":\"396A8459109E44C08C1B70AAA76000BF\",\"sectionNumber\":11,\"sectionName\":\"第11节\",\"startTime\":\"18:00\",\"endTime\":\"19:00\",\"duration\":60,\"lessons\":[null,null,null,null,null,null,null,null,null,null,null,null,null,null]},{\"eduSectionCode\":\"0A1D74DB030543A28D78475A012FF6DC\",\"sectionNumber\":12,\"sectionName\":\"第12节\",\"startTime\":\"19:00\",\"endTime\":\"20:00\",\"duration\":60,\"lessons\":[null,null,null,null,null,null,null,null,null,null,null,null,null,null]},{\"eduSectionCode\":\"8A68133A041B4AFD8198498F2173956E\",\"sectionNumber\":13,\"sectionName\":\"第13节\",\"startTime\":\"20:00\",\"endTime\":\"21:00\",\"duration\":60,\"lessons\":[null,null,null,null,null,null,null,null,null,null,null,null,null,null]},{\"eduSectionCode\":\"083C47911D8A45D8BE590E153C2F315E\",\"sectionNumber\":14,\"sectionName\":\"第14节\",\"startTime\":\"21:00\",\"endTime\":\"22:00\",\"duration\":60,\"lessons\":[null,null,null,null,null,null,null,null,null,null,null,null,null,null]},{\"eduSectionCode\":\"3761C049D1F34DF89A5DA707397F0018\",\"sectionNumber\":15,\"sectionName\":\"第15节\",\"startTime\":\"22:00\",\"endTime\":\"23:00\",\"duration\":60,\"lessons\":[null,null,null,null,null,null,null,null,null,null,null,null,null,null]},{\"eduSectionCode\":\"D30B899CE11245C094CCA592A6313B6C\",\"sectionNumber\":16,\"sectionName\":\"第16节\",\"startTime\":\"23:00\",\"endTime\":\"24:00\",\"duration\":60,\"lessons\":[null,null,null,null,null,null,null,null,null,null,null,null,null,null]}],\"dates\":null,\"weekTimeName\":\"2017年 第1期\"}}', null, null);
INSERT INTO `example` VALUES ('31E9381859E143EAB6D8D11B5D785B0E', null, 'SUCCESS', '{    \"schools\": [        {            \"schoolId\": 1067,            \"schoolName\": \"北京市二十一世纪实验学校\",            \"schoolAddress\": \"北京市海淀区恩济庄46号\",            \"schoolPhone\": \"010-88124903\",            \"schoolPostalcode\": \"100036\",            \"schoolWebsite\": \"http://xuexiao.eol.cn/html4/1100/114003312/index.shtml\",            \"schoolXueduan\": \"小学\",            \"schoolProvince\": \"北京\",            \"schoolQu\": \"海淀\",            \"schoolXian\": null,            \"page\": 4        },        {            \"schoolId\": 1068,            \"schoolName\": \"北京市海淀外国语实验学校\",            \"schoolAddress\": \"北京市海淀区杏石口路20号\",            \"schoolPhone\": \"88430704   88459224\",            \"schoolPostalcode\": \"100095\",            \"schoolWebsite\": \"http://xuexiao.eol.cn/html4/1100/114003472/index.shtml\",            \"schoolXueduan\": \"小学\",            \"schoolProvince\": \"北京\",            \"schoolQu\": \"海淀\",            \"schoolXian\": null,            \"page\": 5        },        {            \"schoolId\": 1069,            \"schoolName\": \"首都师范大学附属育新学校\",            \"schoolAddress\": \"北京市海淀区西三旗育新花园34号\",            \"schoolPhone\": \"01082902204\",            \"schoolPostalcode\": \"100096\",            \"schoolWebsite\": \"http://xuexiao.eol.cn/html4/1100/114003962/index.shtml\",            \"schoolXueduan\": \"小学\",            \"schoolProvince\": \"北京\",            \"schoolQu\": \"海淀\",            \"schoolXian\": null,            \"page\": 6        }    ]}', '2015-11-09 15:30:53', '1');
INSERT INTO `example` VALUES ('34673C9346614D07837BE6828AF64E59', null, 'SUCCESS', '{\"responseCode\":true,\"responseMessage\":\"保存成功\"}', null, null);
INSERT INTO `example` VALUES ('350C0ED268294DA1BF478F807AC88CB5', 'D2397906D57B446BB03FCCD89002E8EE', 'SUCCESS', '{}', null, null);
INSERT INTO `example` VALUES ('35B0D8746E364DDAA748C664D97EE6D3', '147FC35D42DC4B149F4AF5D639A698D9', 'SUCCESS', '{}', null, null);
INSERT INTO `example` VALUES ('378D2AA873F642FD956E49052728289F', '2C160C74A1E147989D92BB250A7FA932', 'SUCCESS', '{\n    \"parameterCheckCode\": \"SUCCESS\",\n    \"parameterCheckMessage\": \"成功\",\n    \"save\": true\n}', null, null);
INSERT INTO `example` VALUES ('39DD9F5CF23946FC80359E0738FD9206', '5972EA20C7EF4274BB3AB177A649B90F', 'SUCCESS', '{\"requestId\":\"1234\",\"code\":\"Success\",\"message\":\"Success\",\"httpCode\":\"200\",\"result\":[{\"stamina\":null,\"rank\":null,\"token\":null,\"refreshToken\":null,\"expires\":null,\"userCode\":\"42b804869f1a4500aebe0f8518272250\",\"userName\":\"iwrong11657878\",\"mobile\":\"13311657878\",\"email\":null,\"password\":null,\"isBlack\":null,\"userOnlineState\":0,\"isVip\":0,\"vipStartDate\":null,\"vipEndDate\":null,\"registerSource\":\"011\",\"fightValue\":0.0,\"userPoints\":0.0,\"first\":null,\"second\":null,\"third\":null,\"deviceType\":\"Test\",\"userInfoDegree\":25,\"channelSource\":null,\"createDate\":null,\"updateDate\":null,\"school\":null,\"headImgUrl\":null,\"sex\":null,\"nickName\":\"iwrong11657878\",\"birthday\":null,\"grade\":null,\"province\":null,\"city\":null,\"area\":null,\"country\":null,\"overdue\":false,\"scanStatus\":null,\"vipexpireDays\":0},{\"stamina\":null,\"rank\":null,\"token\":null,\"refreshToken\":null,\"expires\":null,\"userCode\":\"2a10903cdd1646c5934b35a82939640d\",\"userName\":\"iwrong11657876\",\"mobile\":\"13311657876\",\"email\":null,\"password\":null,\"isBlack\":null,\"userOnlineState\":0,\"isVip\":0,\"vipStartDate\":null,\"vipEndDate\":null,\"registerSource\":\"011\",\"fightValue\":0.0,\"userPoints\":0.0,\"first\":null,\"second\":null,\"third\":null,\"deviceType\":\"Test\",\"userInfoDegree\":25,\"channelSource\":null,\"createDate\":null,\"updateDate\":null,\"school\":null,\"headImgUrl\":null,\"sex\":null,\"nickName\":\"iwrong11657876\",\"birthday\":null,\"grade\":null,\"province\":null,\"city\":null,\"area\":null,\"country\":null,\"overdue\":false,\"scanStatus\":null,\"vipexpireDays\":0}]}', '2016-07-21 11:07:03', '1');
INSERT INTO `example` VALUES ('3BB152829B04484B862711F2AB135F62', null, null, null, null, null);
INSERT INTO `example` VALUES ('3BDF19485AB442F18BEADF645848F156', null, 'SUCCESS', '{\"code\":\"8a2a7468544c359901545591c80a006a\",\"examName\":\"paper_test_u04\",\"grade\":\"11\",\"subject\":\"2\",\"bookType\":\"170a286029b24ed78626c5203fc1c816\",\"totalScore\":100.0,\"examTime\":100,\"questions\":[{\"id\":\"8a2a7468544c359901545592a597006c\",\"code\":\"8a2a7468544c359901545592a597006c\",\"createAt\":\"Wed Apr 27 10:35:54 CST 2016\",\"update_at\":null,\"title\":\"XSA70935\",\"stem\":\"看图找规律，将正确的数字填在（ ）内。\n<如图>  \",\"option\":null,\"knowledges\":\"[数一数, 0]\",\"knowledgeCodes\":\"[665700030007, 665700010001]\",\"answer\":null,\"star\":0,\"type\":\"单选题\",\"grade\":null,\"subject\":null,\"selfLabelNodes\":[{\"code\":\"0006000100060002\",\"name\":\"0~5排序\",\"typeCode\":\"gainian(C)\",\"typeName\":\"概念(C)\",\"parentCode\":\"000600010006\",\"selfLabel\":false}]},{\"id\":\"8a2a7468544c359901545592ac5e006d\",\"code\":\"8a2a7468544c359901545592ac5e006d\",\"createAt\":\"Wed Apr 27 10:35:56 CST 2016\",\"update_at\":null,\"title\":\"XSA23199\",\"stem\":\"将1、4、5、3、2按照0~5的顺序排序（     ）。  \",\"option\":null,\"knowledges\":\"[数一数, 0]\",\"knowledgeCodes\":\"[665700030007, 665700010001]\",\"answer\":null,\"star\":0,\"type\":\"单选题\",\"grade\":null,\"subject\":null,\"selfLabelNodes\":[{\"code\":\"0006000100060002\",\"name\":\"0~5排序\",\"typeCode\":\"gainian(C)\",\"typeName\":\"概念(C)\",\"parentCode\":\"000600010006\",\"selfLabel\":false}]},{\"id\":\"8a2a7468544c359901545592b236006e\",\"code\":\"8a2a7468544c359901545592b236006e\",\"createAt\":\"Wed Apr 27 10:35:57 CST 2016\",\"update_at\":null,\"title\":\"XSA13069\",\"stem\":\"从0到5按顺序数：0、1、（   ）、（  ）、（   ）、（   ）  \",\"option\":null,\"knowledges\":\"[数一数, 0]\",\"knowledgeCodes\":\"[665700030007, 665700010001]\",\"answer\":null,\"star\":0,\"type\":\"单选题\",\"grade\":null,\"subject\":null,\"selfLabelNodes\":[{\"code\":\"0006000100060002\",\"name\":\"0~5排序\",\"typeCode\":\"gainian(C)\",\"typeName\":\"概念(C)\",\"parentCode\":\"000600010006\",\"selfLabel\":false}]}]}', '2016-04-29 10:04:20', '1');
INSERT INTO `example` VALUES ('3DEFC698E55F4B068F31F33A6798B278', null, 'SUCCESS', '{\"trade_state\":\"SUCCESS\",\"outTradeNo\":\"20160428165133000002\",\"trade_state_desc\":\"\"}', '2016-04-29 16:04:50', '1');
INSERT INTO `example` VALUES ('3FCCCB6F8DF141D7BA7F7229A72CB796', 'EE1F9CD813E44482964F7EF43064C235', 'SUCCESS', '{\n  \"responseCode\": true,\n  \"agencyOrganization\": {\n    \"agencyCode\": \"24774056099243D1A0F2DB9C4DFC4879\",\n    \"updateDate\": 1497332469000,\n    \"parentAgencyList\": \"24774056099243D1A0F2DB9C4DFC4879\",\n    \"agencyName\": \"陕西出版社\",\n    \"linkmanPhone\": \"13681004129\",\n    \"agencyJurisdiction\": \"4\",\n    \"statisticsJurisdiction\": \"1\",\n    \"parentAgencyCode\": null,\n    \"proportion\": \"100\",\n    \"agencySchoolList\": \";677878;345667\",\n    \"loginPassword\": \"LKSDFJLKDJFJDK43KLSJDFLSK\",\n    \"createDate\": 1497332469000,\n    \"agencyAreaList\": \"110000:110101;120000:120104;\",\n    \"agencyRank\": 0,\n    \"linkmanName\": \"何臣\"\n  }\n}', null, null);
INSERT INTO `example` VALUES ('401D0F9273EB4719ADC778878B64F8A4', '7E4372BAA1CD4FCCB31700706C38B6BB', 'SUCCESS', '{\"requestId\":\"WEUOW343KL34L26NBSK3\",\"code\":\"Success\",\"message\":\"Success\",\"httpCode\":\"200\",\"result\":{\"eduScheduleCode\":\"67C465CA3AA349EE948F2911834998BC\",\"ownerCode\":\"AEDBB67C70B24165817BAEA2B4EBF0D0\",\"eduWeekTimeCode\":\"30A56BA2E71E4BE2BD5DD59BA044C1D6\",\"sections\":[{\"eduSectionCode\":\"05F6AFE0F9C34D159F61285A3B5EB6FF\",\"sectionNumber\":1,\"sectionName\":\"第1节\",\"startTime\":\"8:00\",\"endTime\":\"9:00\",\"duration\":60,\"lessons\":[null,null,null,null,null,null,null,null,null,null,null,null,null,null]},{\"eduSectionCode\":\"BA15920F395947D69C064A1543C00691\",\"sectionNumber\":2,\"sectionName\":\"第2节\",\"startTime\":\"9:00\",\"endTime\":\"10:00\",\"duration\":60,\"lessons\":[null,null,null,null,null,null,null,null,null,null,null,null,null,null]},{\"eduSectionCode\":\"1E2C1ADE05BE4F5EB9B9A9CFDBC5CC62\",\"sectionNumber\":3,\"sectionName\":\"第3节\",\"startTime\":\"10:00\",\"endTime\":\"11:00\",\"duration\":60,\"lessons\":[null,null,null,null,null,null,null,null,null,null,null,null,null,null]},{\"eduSectionCode\":\"BB8DD94E3BD744EB8ACFB3243CA71EC0\",\"sectionNumber\":4,\"sectionName\":\"第4节\",\"startTime\":\"11:00\",\"endTime\":\"12:00\",\"duration\":60,\"lessons\":[null,null,null,null,null,null,null,null,null,null,null,null,null,null]},{\"eduSectionCode\":\"70C9DEA30FE8464B87795E9E066B2FB6\",\"sectionNumber\":5,\"sectionName\":\"第5节\",\"startTime\":\"12:00\",\"endTime\":\"13:00\",\"duration\":60,\"lessons\":[null,null,null,null,null,null,null,null,null,null,null,null,null,null]},{\"eduSectionCode\":\"C6A2026B0DC84EAFB3952C2A470997AD\",\"sectionNumber\":6,\"sectionName\":\"第6节\",\"startTime\":\"13:00\",\"endTime\":\"14:00\",\"duration\":60,\"lessons\":[null,null,null,null,null,null,null,null,null,null,null,null,null,null]},{\"eduSectionCode\":\"4873BF4A228540989BF8B76C02343A1C\",\"sectionNumber\":7,\"sectionName\":\"第7节\",\"startTime\":\"14:00\",\"endTime\":\"15:00\",\"duration\":60,\"lessons\":[null,null,null,null,null,null,null,null,null,null,null,null,null,null]},{\"eduSectionCode\":\"36453DFD44154F4990AEA3EED9D555E5\",\"sectionNumber\":8,\"sectionName\":\"第8节\",\"startTime\":\"15:00\",\"endTime\":\"16:00\",\"duration\":60,\"lessons\":[null,null,null,null,null,null,null,null,null,null,null,null,null,null]},{\"eduSectionCode\":\"F8949AA049254DE2B889C7A720A40AA5\",\"sectionNumber\":9,\"sectionName\":\"第9节\",\"startTime\":\"16:00\",\"endTime\":\"17:00\",\"duration\":60,\"lessons\":[null,null,null,null,null,null,null,null,null,null,null,null,null,null]},{\"eduSectionCode\":\"5F1F4E3C7342470FA36CFD6D4AFF35EB\",\"sectionNumber\":10,\"sectionName\":\"第10节\",\"startTime\":\"17:00\",\"endTime\":\"18:00\",\"duration\":60,\"lessons\":[null,null,null,null,null,null,null,null,null,null,null,null,null,null]},{\"eduSectionCode\":\"396A8459109E44C08C1B70AAA76000BF\",\"sectionNumber\":11,\"sectionName\":\"第11节\",\"startTime\":\"18:00\",\"endTime\":\"19:00\",\"duration\":60,\"lessons\":[null,null,null,null,null,null,null,null,null,null,null,null,null,null]},{\"eduSectionCode\":\"0A1D74DB030543A28D78475A012FF6DC\",\"sectionNumber\":12,\"sectionName\":\"第12节\",\"startTime\":\"19:00\",\"endTime\":\"20:00\",\"duration\":60,\"lessons\":[null,null,null,null,null,null,null,null,null,null,null,null,null,null]},{\"eduSectionCode\":\"8A68133A041B4AFD8198498F2173956E\",\"sectionNumber\":13,\"sectionName\":\"第13节\",\"startTime\":\"20:00\",\"endTime\":\"21:00\",\"duration\":60,\"lessons\":[null,null,null,null,null,null,null,null,null,null,null,null,null,null]},{\"eduSectionCode\":\"083C47911D8A45D8BE590E153C2F315E\",\"sectionNumber\":14,\"sectionName\":\"第14节\",\"startTime\":\"21:00\",\"endTime\":\"22:00\",\"duration\":60,\"lessons\":[null,null,null,null,null,null,null,null,null,null,null,null,null,null]},{\"eduSectionCode\":\"3761C049D1F34DF89A5DA707397F0018\",\"sectionNumber\":15,\"sectionName\":\"第15节\",\"startTime\":\"22:00\",\"endTime\":\"23:00\",\"duration\":60,\"lessons\":[null,null,null,null,null,null,null,null,null,null,null,null,null,null]},{\"eduSectionCode\":\"D30B899CE11245C094CCA592A6313B6C\",\"sectionNumber\":16,\"sectionName\":\"第16节\",\"startTime\":\"23:00\",\"endTime\":\"24:00\",\"duration\":60,\"lessons\":[null,null,null,null,null,null,null,null,null,null,null,null,null,null]}],\"dates\":null,\"weekTimeName\":\"2017年 第1期\"}}', null, null);
INSERT INTO `example` VALUES ('42C067DFD9D24A32A2CB2EDCDA1C86A1', null, 'SUCCESS', '{\n  \"requestId\": \"c49019d8-4a56-494f-b71c-56819c2df3ea\",\n  \"code\": \"500\",\n  \"message\": \"删除课程失败\",\n  \"httpCode\": \"200\",\n  \"result\": null\n}', null, null);
INSERT INTO `example` VALUES ('449ACC910A644356972D8F76DD9F4CFD', '63329962813B478B9DCE909F3569EF34', 'SUCCESS', '{\"requestId\":\"WEUOW343KL34L26NBSK3/\",\"code\":\"Success\",\"message\":\"Success\",\"httpCode\":\"200\",\"result\":{\"eduScheduleCode\":\"6D1F4BC0406347D9B2CF73267DC0A398\",\"ownerCode\":\"F84251DB25484B0B82084CD637D2B43E\",\"eduWeekTimeCode\":\"30A56BA2E71E4BE2BD5DD59BA044C1D6\",\"sections\":[{\"eduSectionCode\":\"05F6AFE0F9C34D159F61285A3B5EB6FF\",\"sectionNumber\":1,\"sectionName\":\"第1节\",\"startTime\":\"8:00\",\"endTime\":\"9:00\",\"duration\":60,\"lessons\":[null,null,null,null,null,null,null,null,null,null,null,null,null,null]},{\"eduSectionCode\":\"BA15920F395947D69C064A1543C00691\",\"sectionNumber\":2,\"sectionName\":\"第2节\",\"startTime\":\"9:00\",\"endTime\":\"10:00\",\"duration\":60,\"lessons\":[null,null,null,null,null,null,null,null,null,null,null,null,null,null]},{\"eduSectionCode\":\"1E2C1ADE05BE4F5EB9B9A9CFDBC5CC62\",\"sectionNumber\":3,\"sectionName\":\"第3节\",\"startTime\":\"10:00\",\"endTime\":\"11:00\",\"duration\":60,\"lessons\":[null,null,null,null,null,null,null,null,null,null,null,null,null,null]},{\"eduSectionCode\":\"BB8DD94E3BD744EB8ACFB3243CA71EC0\",\"sectionNumber\":4,\"sectionName\":\"第4节\",\"startTime\":\"11:00\",\"endTime\":\"12:00\",\"duration\":60,\"lessons\":[null,null,null,null,null,null,null,null,null,null,null,null,null,null]},{\"eduSectionCode\":\"70C9DEA30FE8464B87795E9E066B2FB6\",\"sectionNumber\":5,\"sectionName\":\"第5节\",\"startTime\":\"12:00\",\"endTime\":\"13:00\",\"duration\":60,\"lessons\":[null,null,null,null,null,null,null,null,null,null,null,null,null,null]},{\"eduSectionCode\":\"C6A2026B0DC84EAFB3952C2A470997AD\",\"sectionNumber\":6,\"sectionName\":\"第6节\",\"startTime\":\"13:00\",\"endTime\":\"14:00\",\"duration\":60,\"lessons\":[null,null,null,null,null,null,null,null,null,null,null,null,null,null]},{\"eduSectionCode\":\"4873BF4A228540989BF8B76C02343A1C\",\"sectionNumber\":7,\"sectionName\":\"第7节\",\"startTime\":\"14:00\",\"endTime\":\"15:00\",\"duration\":60,\"lessons\":[null,null,null,null,null,null,null,null,null,null,null,null,null,null]},{\"eduSectionCode\":\"36453DFD44154F4990AEA3EED9D555E5\",\"sectionNumber\":8,\"sectionName\":\"第8节\",\"startTime\":\"15:00\",\"endTime\":\"16:00\",\"duration\":60,\"lessons\":[null,null,null,null,null,null,null,null,null,null,null,null,null,null]},{\"eduSectionCode\":\"F8949AA049254DE2B889C7A720A40AA5\",\"sectionNumber\":9,\"sectionName\":\"第9节\",\"startTime\":\"16:00\",\"endTime\":\"17:00\",\"duration\":60,\"lessons\":[null,null,null,null,null,null,null,null,null,null,null,null,null,null]},{\"eduSectionCode\":\"5F1F4E3C7342470FA36CFD6D4AFF35EB\",\"sectionNumber\":10,\"sectionName\":\"第10节\",\"startTime\":\"17:00\",\"endTime\":\"18:00\",\"duration\":60,\"lessons\":[null,null,null,null,null,null,null,null,null,null,null,null,null,null]},{\"eduSectionCode\":\"396A8459109E44C08C1B70AAA76000BF\",\"sectionNumber\":11,\"sectionName\":\"第11节\",\"startTime\":\"18:00\",\"endTime\":\"19:00\",\"duration\":60,\"lessons\":[null,null,null,null,null,null,null,null,null,null,null,null,null,null]},{\"eduSectionCode\":\"0A1D74DB030543A28D78475A012FF6DC\",\"sectionNumber\":12,\"sectionName\":\"第12节\",\"startTime\":\"19:00\",\"endTime\":\"20:00\",\"duration\":60,\"lessons\":[null,null,null,null,null,null,null,null,null,null,null,null,null,null]},{\"eduSectionCode\":\"8A68133A041B4AFD8198498F2173956E\",\"sectionNumber\":13,\"sectionName\":\"第13节\",\"startTime\":\"20:00\",\"endTime\":\"21:00\",\"duration\":60,\"lessons\":[null,null,null,null,null,null,null,null,null,null,null,null,null,null]},{\"eduSectionCode\":\"083C47911D8A45D8BE590E153C2F315E\",\"sectionNumber\":14,\"sectionName\":\"第14节\",\"startTime\":\"21:00\",\"endTime\":\"22:00\",\"duration\":60,\"lessons\":[null,null,null,null,null,null,null,null,null,null,null,null,null,null]},{\"eduSectionCode\":\"3761C049D1F34DF89A5DA707397F0018\",\"sectionNumber\":15,\"sectionName\":\"第15节\",\"startTime\":\"22:00\",\"endTime\":\"23:00\",\"duration\":60,\"lessons\":[null,null,null,null,null,null,null,null,null,null,null,null,null,null]},{\"eduSectionCode\":\"D30B899CE11245C094CCA592A6313B6C\",\"sectionNumber\":16,\"sectionName\":\"第16节\",\"startTime\":\"23:00\",\"endTime\":\"24:00\",\"duration\":60,\"lessons\":[null,null,null,null,null,null,null,null,null,null,null,null,null,null]}],\"dates\":null,\"weekTimeName\":\"2017年 第1期\"}}', null, null);
INSERT INTO `example` VALUES ('44F2B2330E6D4265999E4E5EB6A7EE8D', 'FD2CA141DBEC443A8E19D1177501705A', 'SUCCESS', '{}', null, null);
INSERT INTO `example` VALUES ('47AD40FE78F6444FB3BEB636B5E26A71', null, 'SUCCESS', '[{\"analyze\":\"[{\\\"analyzeKey\\\":\\\"A\\\",\\\"analyzeValue\\\":\\\"通过分析,此选项错误.\\\"},{\\\"analyzeKey\\\":\\\"B\\\",\\\"analyzeValue\\\":\\\"<img src = \'http://iwrong.b0.upaiyun.com/resources_v3/gks201505180938.files/image008.gif\'></img>得<img src = \'http://iwrong.b0.upaiyun.com/resources_v3/gks201505180938.files/image009.gif\'></img>,&nbsp;由Venn图表示集合的包含关系可知表示<img src = \'http://iwrong.b0.upaiyun.com/resources_v3/gks201505180938.files/image010.gif\'></img>的区域在表示<img src = \'http://iwrong.b0.upaiyun.com/resources_v3/gks201505180938.files/image011.gif\'></img>的区域内.所以此选项正确.\\\"},{\\\"analyzeKey\\\":\\\"C\\\",\\\"analyzeValue\\\":\\\"通过分析,此选项错误.\\\"},{\\\"analyzeKey\\\":\\\"D\\\",\\\"analyzeValue\\\":\\\"通过分析,此选项错误.\\\"}]\",\"analyzePicture\":\"\",\"answer\":\"B\",\"audio\":\"\",\"code\":\"951a2a7a182345afaa9825dce9657d32\",\"comment\":\"\",\"createAt\":\"1432542125732\",\"create_author\":\"\",\"grade\":\"高三\",\"id\":\"143321\",\"isCheck\":\"false\",\"isCompleted\":\"3\",\"isDel\":\"false\",\"knowledgeCode\":\"\",\"knowledges\":\"集合与常用逻辑用语\",\"option\":\"[{\\\"optionKey\\\":\\\"A\\\",\\\"optionValue\\\":\\\"<img src = \'http://iwrong.b0.upaiyun.com/resources_v3/gks201505180938.files/image004.jpg\'></img>\\\"},{\\\"optionKey\\\":\\\"B\\\",\\\"optionValue\\\":\\\"<img src = \'http://iwrong.b0.upaiyun.com/resources_v3/gks201505180938.files/image005.jpg\'></img>\\\"},{\\\"optionKey\\\":\\\"C\\\",\\\"optionValue\\\":\\\"<img src = \'http://iwrong.b0.upaiyun.com/resources_v3/gks201505180938.files/image006.jpg\'></img>\\\"},{\\\"optionKey\\\":\\\"D\\\",\\\"optionValue\\\":\\\"<img src = \'http://iwrong.b0.upaiyun.com/resources_v3/gks201505180938.files/image007.jpg\'></img>\\\"}]\",\"optionPicture\":\"\",\"productionCode\":\"\",\"productions\":\"集合\",\"remark\":\"\",\"source\":\"web\",\"stage\":\"\",\"star\":\"0\",\"stem\":\"已知全集U=R,则正确表示集合M={―1,0,1}和N=<img src = \'http://iwrong.b0.upaiyun.com/resources_v3/gks201505180938.files/image003.gif\'></img>关系的韦恩(Venn)图是(&nbsp;&nbsp;&nbsp;)\",\"stemPicture\":\"\",\"subject\":\"数学\",\"title\":\"GKS03001\",\"type\":\"5\",\"update_at\":\"1432542125735\",\"update_author\":\"\",\"video\":\"\"}]', '2015-11-24 09:21:28', '1');
INSERT INTO `example` VALUES ('480A30BD67B546CA9857077F7FFED700', null, 'SUCCESS', '{\"message\":1}', '2015-12-02 10:29:51', '1');
INSERT INTO `example` VALUES ('4A65EB631B35493DA08186ADF90BBB00', null, 'SUCCESS', '{\n    \"responseCode\": true,\n    \"responseMessage\": \"SUCCESS\",\n    \"user\": {\n        \"id\": 11,\n        \"userCode\": \"fc99e30e2e3b483380e610c618290044\",\n        \"userName\": \"test1\",\n        \"passWord\": \"dd4b21e9ef71e1291183a46b913ae6f2\",\n        \"userType\": 1,\n        \"belongCompany\": null,\n        \"delFlag\": 0,\n        \"updateTime\": 1493783452000,\n        \"createTime\": 1493783452000\n    },\n    \"company\": {\n        \"id\": 6,\n        \"company\": \"测试6号\",\n        \"delFlag\": 0,\n        \"updateTime\": 1493191413000,\n        \"createTime\": 1493191413000\n    }\n}', null, null);
INSERT INTO `example` VALUES ('4C103CE79EA543D88266D7A108FF5F77', '405956C5213043B09F8DD558E57DB2CF', 'SUCCESS', '{    \"requestId\": \"c5426f4e-41e4-4b94-b973-8b87fe76524d\",    \"code\": \"Success\",    \"message\": \"Success\",    \"httpCode\": \"200\" ,    \"result\":null}', '2016-07-19 18:07:30', '1');
INSERT INTO `example` VALUES ('4D2E13D91B1E4BD2B9B63BB535E2CA13', 'C835519425E94AA5862D06B0F484E8FE', 'SUCCESS', '{\"requestId\":\"86f3158f-6f5a-481b-9853-3a5d01d47245\",\"code\":\"SUCCESS\",\"message\":\"响应成功\",\"httpCode\":\"200\",\"result\":{\"outTradeNo\":\"20160714161900000001\",\"trade_state\":\"NOTPAY\",\"trade_state_desc\":\"订单未支付\"}}', '2016-08-03 11:08:39', '1');
INSERT INTO `example` VALUES ('53C75EC8273344FDB9BE724594A14B5A', null, 'SUCCESS', '{\"message\":1,\"image\":\"upload\\\\image\\\\201511\\\\027316B79B0A406A98139268F32004C3.png\"}', '2015-11-24 11:48:30', '1');
INSERT INTO `example` VALUES ('53CE9132F3DE47A99E4D2A93880059C6', null, 'SUCCESS', '{\"requestId\":\"35322edf-6702-4575-92c6-355ec0c96542\",\"code\":\"Success\",\"message\":\"Success\",\"httpCode\":\"200\",\"result\":{\"isPay\":\"0\",\"orderNumber\":\"EDU20170511135529000011\"}}', null, null);
INSERT INTO `example` VALUES ('56E831D24A2041B3A00BB3B1EC7E3A16', '2E26BEA7A28B4D1CBEA12A4F8BEE0B19', 'SUCCESS', '{\"parameterCheckCode\":\"SUCCESS\",\"parameterCheckMessage\":\"成功\",\"agencySchools\":[{\"id\":17,\"updateDate\":1497326097000,\"schoolName\":\"北京第一小学\",\"areaId\":110101,\"createDate\":1497326097000,\"schoolCode\":\"677878\",\"agencyCode\":\"F1F20AD9DB9B4289A9AE4539E0AAACAB\"},{\"id\":18,\"updateDate\":1497326097000,\"schoolName\":\"北京第二小学\",\"areaId\":110101,\"createDate\":1497326097000,\"schoolCode\":\"345667\",\"agencyCode\":\"F1F20AD9DB9B4289A9AE4539E0AAACAB\"}]}', null, null);
INSERT INTO `example` VALUES ('57DF6BC08BF449F4A3477F50D5983367', '4304042CC433435F90755911928453D8', 'SUCCESS', '{\"requestId\":\"123456\",\"code\":\"Success\",\"message\":\"Success\",\"httpCode\":\"200\",\"result\":{\"password\":\"670b14728ad9902aecba32e22fa4f6bd\",\"registerSource\":0,\"type\":0,\"userCode\":\"620491c2-7a0d-4a5e-97d3-982023954aa6\",\"mobile\":\"13681004149\",\"userName\":\"cibn81004149\",\"isVip\":false,\"VIPExpireDays\":0,\"isOverdue\":true,\"scanStatus\":\"\",\"createDate\":\"2017-02-15 14:35:30\"}}', null, null);
INSERT INTO `example` VALUES ('5A2E3928EEE04161A6D64A413FE35614', null, 'SUCCESS', '{\"message\":1,\"universities\":[{\"universityId\":1001,\"university\":\"清华大学\",\"provinceId\":1,\"colleges\":null},{\"universityId\":32004,\"university\":\"国立清华大学\",\"provinceId\":32,\"colleges\":null}]}', '2015-11-16 09:41:56', '1');
INSERT INTO `example` VALUES ('5B17000DEC8D49FD9E53C10D2B359944', null, 'SUCCESS', '{}', '2016-06-02 16:06:41', '1');
INSERT INTO `example` VALUES ('5BACCB1552214E3186CDA7E3238FBCF8', '82CB21CD57654265BE8932F35CD6B991', 'SUCCESS', '{\"requestId\":\"42275345-1389-4bea-be28-5ff49c1ed447\",\"code\":\"Success\",\"message\":\"Success\",\"httpCode\":\"200\",\"result\":{\"sectionFree\":\"0.01\"}}', null, null);
INSERT INTO `example` VALUES ('5C958F11D84E4EBC829CEEAD08B12C02', null, 'SUCCESS', '{\"requestId\":\"d1e8a5f8-683b-4b05-8c7a-1cbdb8ffa9d5\",\"code\":\"Success\",\"message\":\"Success\",\"httpCode\":\"200\",\"result\":[{\"subject_code\":\"2\",\"subject_name\":\"数学\",\"version\":0}]}', null, null);
INSERT INTO `example` VALUES ('5D446E15220543BC8917EB9953C54335', 'EBF1BE5152284D998DF1BE6244B6E342', 'SUCCESS', '{\"parameterCheckCode\":\"SUCCESS\",\"parameterCheckMessage\":\"成功\",\"agencyGoodses\":[{\"id\":19,\"goodsCode\":\"33445\",\"updateDate\":1497326097000,\"createDate\":1497326097000,\"goodsName\":\"一年级语文同步辅导\",\"agencyCode\":\"F1F20AD9DB9B4289A9AE4539E0AAACAB\"},{\"id\":20,\"goodsCode\":\"56677\",\"updateDate\":1497326097000,\"createDate\":1497326097000,\"goodsName\":\"二年级语文同步辅导\",\"agencyCode\":\"F1F20AD9DB9B4289A9AE4539E0AAACAB\"}]}', null, null);
INSERT INTO `example` VALUES ('5DAFA094EB6F4F5E8B9831B49F9559E3', null, 'SUCCESS', '{\n  \"requestId\": \"f47902bd-15a8-4410-992e-26017ef196a0\",\n  \"code\": \"Success\",\n  \"message\": \"Success\",\n  \"httpCode\": \"200\",\n  \"result\": {\n    \"waresId\": 40,\n    \"teacher\": \"尼古拉斯赵四\",\n    \"curriculumName\": \"sdffefd\",\n    \"curriculumInfo\": \"asdf\",\n    \"stageCode\": \"1\",\n    \"gradeCode\": \"2\",\n    \"subjectCode\": \"3\",\n    \"bookTypeCode\": \"4\",\n    \"cover\": \"http://www.badu.com\",\n    \"status\": 3,\n    \"isDel\": 0,\n    \"upTime\": null,\n    \"downTime\": null,\n    \"smallCourseware\": null,\n    \"moduleId\": \"8a2a746858ce87510158f2470af61450\",\n    \"startTime\": 1492583400000,\n    \"endtime\": 1492677000000,\n    \"slaves\": [\n      {\n        \"slaveId\": 43,\n        \"waresId\": 40,\n        \"slaveName\": \"nn1\",\n        \"startTime\": 1492583400000,\n        \"videos\": [\n          {\n            \"sort\": 1,\n            \"videoUrl\": \"http://7vil13.com2.z0.glb.qiniucdn.com/czwlmjsp0001.mp4\",\n            \"papersId\": \"8a2a746858ce87510158f17419410c2f\",\n            \"extend1\": null,\n            \"extend2\": null,\n            \"extend3\": null,\n            \"papersName\": \"电阻课中练习题•王邦平工作室出品\",\n            \"subjectCode\": \"4\",\n            \"videoName\": \"电阻\",\n            \"resourceVideoId\": \"8a2a74685982d9020159aa3141e263c7\",\n            \"knowledgeCodes\": \"009700030001\",\n            \"knowledgeNames\": \"电阻的概述\",\n            \"videoDuration\": \"676\"\n          },\n          {\n            \"sort\": 1,\n            \"videoUrl\": \"http://7vil13.com2.z0.glb.qiniucdn.com/czwlmjsp0002.mp4\",\n            \"papersId\": \"8a2a746858ce87510158f1e49d0a0fed\",\n            \"extend1\": null,\n            \"extend2\": null,\n            \"extend3\": null,\n            \"papersName\": \"影响电阻大小的因素课中练习题•王邦平工作室出品\",\n            \"subjectCode\": \"4\",\n            \"videoName\": \"影响电阻大小的因素\",\n            \"resourceVideoId\": \"8a2a74685982d9020159ab890c8d7089\",\n            \"knowledgeCodes\": \"009700030002\",\n            \"knowledgeNames\": \"影响电阻大小的因素\",\n            \"videoDuration\": \"1083\"\n          }\n        ]\n      },\n      {\n        \"slaveId\": 44,\n        \"waresId\": 40,\n        \"slaveName\": \"nn2\",\n        \"startTime\": 1492677000000,\n        \"videos\": [\n          {\n            \"sort\": 1,\n            \"videoUrl\": \"http://7vil13.com2.z0.glb.qiniucdn.com/czwlmjsp0003.mp4\",\n            \"papersId\": \"8a2a746858ce87510158f5e0244f15f0\",\n            \"extend1\": null,\n            \"extend2\": null,\n            \"extend3\": null,\n            \"papersName\": \"电阻的测量“伏安法”课中练习题•王邦平工作室出品\",\n            \"subjectCode\": \"4\",\n            \"videoName\": \"电阻的测量“伏安法”\",\n            \"resourceVideoId\": \"8a2a74685982d9020159aa45b59364a8\",\n            \"knowledgeCodes\": \"009800020001,009800030001\",\n            \"knowledgeNames\": \"欧姆定律及其应用,“伏安法”实验\",\n            \"videoDuration\": \"628\"\n          },\n          {\n            \"sort\": 1,\n            \"videoUrl\": \"http://7vil13.com2.z0.glb.qiniucdn.com/czwlmjsp00040.mp4\",\n            \"papersId\": \"8a2a746858ce87510158f184c34c0c58\",\n            \"extend1\": null,\n            \"extend2\": null,\n            \"extend3\": null,\n            \"papersName\": \"伏阻法课中练习题•王邦平工作室出品\",\n            \"subjectCode\": \"4\",\n            \"videoName\": \"电阻的测量\'伏阻法”\",\n            \"resourceVideoId\": \"8a2a74685982d9020159aa66342965d9\",\n            \"knowledgeCodes\": \"009800030001\",\n            \"knowledgeNames\": \"“伏安法”实验\",\n            \"videoDuration\": \"848\"\n          }\n        ]\n      }\n    ],\n    \"papers\": [\n      {\n        \"papersName\": \"电阻及其测量模拟考题•王邦平工作室出品\",\n        \"papersId\": \"8a2a7468596e3a2f01597267aa3d0728\",\n        \"type\": 3,\n        \"papersType\": \"专家直播课课后作业\",\n        \"subjectCode\": \"4\",\n        \"sort\": 0,\n        \"extend1\": null,\n        \"extend2\": null,\n        \"extend3\": null\n      }\n    ]\n  }\n}', null, null);
INSERT INTO `example` VALUES ('5DECA3BA88514D2D9540BD395F933EB3', null, 'SUCCESS', '[{\"knowledge_name\":\"八年级上册\",\"ctb_code\":\"69\"},{\"knowledge_name\":\"八年级下册\",\"ctb_code\":\"70\"}]', '2016-04-29 09:04:39', '1');
INSERT INTO `example` VALUES ('60649B40D77D40A08D58BA2EFAA02883', '5B94C75BC03B44CC86A1DE0A5FE99175', 'SUCCESS', '{\"requestId\":\"SDDL234LSDK\",\"code\":\"Success\",\"message\":\"Success\",\"httpCode\":\"200\",\"result\":{\"placement\":false}}', null, null);
INSERT INTO `example` VALUES ('6195BC23A5B942E6BB6CC0312E956058', null, 'SUCCESS', '{\"parameterCheckCode\":\"SUCCESS\",\"parameterCheckMessage\":\"成功\",\"list\":[{\"ctb_code\":\"6657\",\"knowledge_name\":\"一年级上册\"},{\"ctb_code\":\"6658\",\"knowledge_name\":\"一年级下册\"}]}', null, null);
INSERT INTO `example` VALUES ('6286C85E5D8A4485B6E08E330A45246B', null, 'SUCCESS', '{\"requestId\":\"3181400f-63e2-46da-be36-9c28ed906fb8\",\"code\":\"Success\",\"message\":\"Success\",\"httpCode\":\"200\",\"result\":[{\"id\":7,\"module\":1,\"type\":1,\"state\":1,\"url\":\"http://www.baidu.com\",\"is_del\":0,\"create_time\":1492248637000},{\"id\":8,\"module\":1,\"type\":1,\"state\":1,\"url\":\"http://www.baidu.com\",\"is_del\":0,\"create_time\":1492248689000},{\"id\":9,\"module\":1,\"type\":1,\"state\":2,\"url\":\"image&quality=100&size=b4000_4000&sec=1492168786&di=e0e7c487055f955d6ac6e055a4d26b43&src=http://www.baobeita.com/upload/image/goods/201306/100644/big_4743806ebf514eeda607f99c214eae6b.jpg\",\"is_del\":0,\"create_time\":1492499315000}]}', null, null);
INSERT INTO `example` VALUES ('62A4A40BDD5A459A8D19FDA541CEE181', null, null, null, null, null);
INSERT INTO `example` VALUES ('63EFA91A7CB44B32AC90E154A2FC5132', '6E6C56EF4B7C4C5C8F08EF712E3B8FFB', 'SUCCESS', '{\"requestId\":\"1234\",\"code\":\"Success\",\"message\":\"Success\",\"httpCode\":\"200\",\"result\":{\"stamina\":null,\"rank\":null,\"token\":null,\"refreshToken\":null,\"expires\":null,\"userCode\":\"da95e1572e134177875c18a3289de842\",\"userName\":\"iwrong90897877\",\"mobile\":\"13390897877\",\"email\":null,\"password\":null,\"isBlack\":null,\"userOnlineState\":0,\"isVip\":0,\"vipStartDate\":null,\"vipEndDate\":null,\"registerSource\":null,\"fightValue\":0.0,\"userPoints\":0.0,\"first\":0,\"second\":0,\"third\":0,\"deviceType\":null,\"userInfoDegree\":25,\"channelSource\":null,\"createDate\":null,\"updateDate\":null,\"school\":null,\"headImgUrl\":null,\"sex\":null,\"nickName\":\"iwrong90897877\",\"birthday\":null,\"grade\":null,\"province\":null,\"city\":null,\"area\":null,\"country\":null,\"overdue\":true,\"scanStatus\":null,\"vipexpireDays\":0}}', '2016-07-19 15:07:53', '1');
INSERT INTO `example` VALUES ('6457108CEA6644A699662611D83000AF', '255407A4A0C848DDA10FEF6EC2C0E529', 'SUCCESS', '{\"parameterCheckCode\":\"SUCCESS\",\"parameterCheckMessage\":\"成功\",\"save\":true}', null, null);
INSERT INTO `example` VALUES ('6499515DFE4D4DDF8AFE16E010395CA2', null, 'SUCCESS', '{\n    \"responseCode\": true,\n    \"responseMessage\": \"保存成功\"\n}', null, null);
INSERT INTO `example` VALUES ('64EBDFAF3A9C4735A776684BD2A2768D', '89379F7B09C441C3BB7D576AD1735D48', 'SUCCESS', '{}', null, null);
INSERT INTO `example` VALUES ('66230E74B1A34211839D4485A4CD3F4C', '83C9B1538F5248D4838ED2E9267E9119', 'SUCCESS', '[{\"id\":\"402881b45170bb97015170bc57ff0001\",\"stageCode\":\"1\",\"stageName\":\"小学\",\"description\":null,\"createDate\":1449244800000,\"createBy\":\"admin\",\"createName\":\"管理员\",\"updateDate\":1454054797000,\"updateBy\":null,\"updateName\":\"郭森\",\"isdel\":\"0\"},{\"id\":\"402881b45170bb97015170beb7f00007\",\"stageCode\":\"3\",\"stageName\":\"高中\",\"description\":null,\"createDate\":1449244800000,\"createBy\":\"admin\",\"createName\":\"管理员\",\"updateDate\":null,\"updateBy\":null,\"updateName\":\"郭森\",\"isdel\":\"0\"}]', null, null);
INSERT INTO `example` VALUES ('666AC9A4EE074E6AB422D016B35B115A', '0BDB1BD77A3D42839652AE8A15AC3FFD', 'SUCCESS', '{\"requestId\":\"SDDL234LSDK\",\"code\":\"Success\",\"message\":\"Success\",\"httpCode\":\"200\",\"result\":[]}', null, null);
INSERT INTO `example` VALUES ('66FDBA9A06C74E37883FF0781EF2CA76', 'F85E57F5FD1542A48005CB99AB1515C4', 'SUCCESS', '{\"requestId\":\"3a3bab5f-14f3-4463-a682-83e87bb6f513\",\"code\":\"SUCCESS\",\"message\":\"响应成功\",\"httpCode\":\"200\",\"result\":{\"successDelete\":[],\"failureDelete\":[{\"reportId\":1},{\"reportId\":2}]}}', '2016-08-03 13:08:17', '1');
INSERT INTO `example` VALUES ('672ED57649C24FF1AB7168536C59E496', null, 'SUCCESS', '{\"requestId\":\"7bfd8bad-1a48-4618-af63-63c0427fe5d5\",\"code\":\"Success\",\"message\":\"Success\",\"httpCode\":\"200\",\"result\":[{\"stageCode\":\"1\",\"stageName\":\"小学\",\"version\":0},{\"stageCode\":\"2\",\"stageName\":\"初中\",\"version\":0},{\"stageCode\":\"3\",\"stageName\":\"高中\",\"version\":0}]}', null, null);
INSERT INTO `example` VALUES ('674FEA8ED2C44489B647EE70E9B8F0DE', null, 'SUCCESS', '{\"responseCode\":true,\"total\":1,\"list\":[{\"uuid\":\"8AEEF65D9396413B9D1A78BBC5A20E9F\",\"commodityUuid\":\"123test456\",\"appId\":\"MM\",\"orderName\":\"test1\",\"deviceType\":\"HUAWEI\",\"payType\":\"alipay\",\"delFlag\":0,\"userCode\":\"test789456\",\"buyType\":2,\"orderSn\":\"test123456789\",\"orderPrice\":20.11,\"updateTime\":1495683400000,\"createTime\":1495683400000,\"isPay\":1}]}', null, null);
INSERT INTO `example` VALUES ('6860C6098E4E413B9B699A82B93C8D3A', '0286EAE7EF6048F18BE82E5259E3E467', 'SUCCESS', '{\"requestId\":\"278abc36-6458-4978-9324-43730e80e14d\",\"code\":\"SUCCESS\",\"message\":\"IS_PAY\",\"httpCode\":\"200\",\"result\":null}', null, null);
INSERT INTO `example` VALUES ('68804D22226443498008EACEADCBAB4E', null, 'SUCCESS', '{\"responseCode\":true,\"laydown\":1}', null, null);
INSERT INTO `example` VALUES ('691D29F991E349C685077AF044282A07', '3F6D7DC39B034AE494581E78F46A26E7', 'SUCCESS', '{\"requestId\":\"SDFDW3F343JLKL3L5LN43J434\",\"code\":\"Success\",\"message\":\"Success\",\"httpCode\":\"200\",\"result\":{\"payAgree\":true}}', null, null);
INSERT INTO `example` VALUES ('693735C443814A1280E7FA8252E2D335', '0F89F5A7C7B74477A5453417224CE199', 'SUCCESS', '{\"requestId\":\"123456\",\"code\":\"Success\",\"message\":\"Success\",\"httpCode\":\"200\",\"result\":{\"code\":\"142357\"}}', null, null);
INSERT INTO `example` VALUES ('6A3717B5F29147959E8CE7C0C61F25D9', null, 'SUCCESS', '{\"message\":1,\"phoneNumber\":\"13681004142\",\"nickName\":\"哈哈\",\"faceImage\":\"upload\\\\image\\\\201511\\\\E30D5E8F2698432AAEBCE19E55C9CEC8.JPG\"}', '2015-11-13 11:25:25', '1');
INSERT INTO `example` VALUES ('6BC4644D73C5461DB9E52ED0A7A64975', null, 'SUCCESS', '{\"parameterCheckCode\":\"SUCCESS\",\"parameterCheckMessage\":\"成功\",\"list\":[{\"gradeName\":\"一年级\",\"createBy\":\"admin\",\"updateDate\":1464849245000,\"gradeCode\":\"11\",\"id\":\"402881b4517a927901517a93bb4b0001\",\"isdel\":\"0\",\"updateName\":\"郭森\",\"createName\":\"管理员\",\"stageCode\":\"1\",\"createDate\":1449417600000},{\"gradeName\":\"二年级\",\"createBy\":\"admin\",\"updateDate\":1464849251000,\"gradeCode\":\"12\",\"id\":\"402881b4517a927901517a9422600003\",\"isdel\":\"0\",\"updateName\":\"郭森\",\"createName\":\"管理员\",\"stageCode\":\"1\",\"createDate\":1449417600000}]}', null, null);
INSERT INTO `example` VALUES ('6ED41401BB9549EB9305B9236E8B073F', 'AA5EF90EEC99400BAA20A6F80F5E8DA4', 'SUCCESS', '{\"requestId\":\"WEUOW343KL34L26NBSK3\",\"code\":\"Success\",\"message\":\"Success\",\"httpCode\":\"200\",\"result\":{\"weekTimes\":[{\"eduWeekTimeCode\":\"90BC87BB1E4D4A9899ABFB480B260724\",\"centerCode\":\"AAAAA\",\"isCourseScheduling\":\"0\",\"weekEndTime\":1479571200000,\"weekNumber\":1,\"weekStartTime\":1478448000000,\"weekTimeName\":\"第1期（2016-11-07 ~ 2016-11-20）\"},{\"eduWeekTimeCode\":\"4AA6AD53AF614EBEB05588DC46066D3C\",\"centerCode\":\"AAAAA\",\"isCourseScheduling\":\"0\",\"weekEndTime\":1480780800000,\"weekNumber\":2,\"weekStartTime\":1479657600000,\"weekTimeName\":\"第2期（2016-11-21 ~ 2016-12-04）\"},{\"eduWeekTimeCode\":\"C06D7D51424A4F49B218EA68186EE809\",\"centerCode\":\"AAAAA\",\"isCourseScheduling\":\"0\",\"weekEndTime\":1481990400000,\"weekNumber\":3,\"weekStartTime\":1480867200000,\"weekTimeName\":\"第3期（2016-12-05 ~ 2016-12-18）\"},{\"eduWeekTimeCode\":\"1A0D164205FE442D94746AF87988AC59\",\"centerCode\":\"AAAAA\",\"isCourseScheduling\":\"0\",\"weekEndTime\":1483200000000,\"weekNumber\":4,\"weekStartTime\":1482076800000,\"weekTimeName\":\"第4期（2016-12-19 ~ 2017-01-01）\"},{\"eduWeekTimeCode\":\"7B42B6F2E8CA487A9CC5864C0889999C\",\"centerCode\":\"AAAAA\",\"isCourseScheduling\":\"0\",\"weekEndTime\":1484409600000,\"weekNumber\":5,\"weekStartTime\":1483286400000,\"weekTimeName\":\"第5期（2017-01-02 ~ 2017-01-15）\"}]}}', null, null);
INSERT INTO `example` VALUES ('6FB734A64BF74B88924273174A59B878', 'BD50776D9D534189A3DCEABF1470D001', 'SUCCESS', '{\"dayTypeStats\":[{\"number\":1,\"type\":\"login\"}],\"scopeData\":[{\"sucNumber\":1,\"falNumber\":0,\"date\":\"2016-03-21\"}]}', '2016-03-21 11:49:39', '1');
INSERT INTO `example` VALUES ('6FE00F7EC085409285DDDBAF92ACDD00', '3B39B981F876478CAD588DDBFBAB3D9E', 'SUCCESS', '{\"parameterCheckCode\":\"SUCCESS\",\"parameterCheckMessage\":\"成功\",\"save\":true}', null, null);
INSERT INTO `example` VALUES ('73E8A55AC68245DCB7D21F04B225249C', null, 'FAILURE', '{\"message\":0}', '2015-11-13 09:28:09', '2');
INSERT INTO `example` VALUES ('743483DF013641AA9EE851A5F15255B5', null, 'SUCCESS', '{\"requestId\":\"2f5d6998-83bf-42a6-b245-28d318b9909c\",\"code\":\"Success\",\"message\":\"Success\",\"httpCode\":\"200\",\"result\":[{\"stageCode\":\"1\",\"gradeCode\":\"11\",\"gradeName\":\"一年级\",\"version\":0},{\"stageCode\":\"1\",\"gradeCode\":\"12\",\"gradeName\":\"二年级\",\"version\":0},{\"stageCode\":\"1\",\"gradeCode\":\"13\",\"gradeName\":\"三年级\",\"version\":0},{\"stageCode\":\"1\",\"gradeCode\":\"14\",\"gradeName\":\"四年级\",\"version\":0},{\"stageCode\":\"1\",\"gradeCode\":\"15\",\"gradeName\":\"五年级\",\"version\":0},{\"stageCode\":\"1\",\"gradeCode\":\"16\",\"gradeName\":\"六年级\",\"version\":0}]}', null, null);
INSERT INTO `example` VALUES ('75D6DAE15E5C4F5EBFE0489C2F6FD8CA', '62FDFBD4799745039C8BB8D3E34F0B55', 'SUCCESS', '{}', null, null);
INSERT INTO `example` VALUES ('76DB87485B7F4654BFCE5725D7F6347A', null, 'SUCCESS', '{\"sign\":\"E5EE681119DB19400B8CFC9FC199EB77\",\"timestamp\":1461900985878,\"noncestr\":\"43baa6762fa81bb43b39c62553b2970d\",\"partnerid\":\"1335354601\",\"prepayid\":\"wx20160429113720bf13bc8c8f0248793604\",\"package\":\"Sign=WXPay\",\"appid\":\"wxfd22896c1e4be407\"}', '2016-04-29 11:04:42', '1');
INSERT INTO `example` VALUES ('7A0FE99A139A48949C4B0C1146D831EA', null, 'SUCCESS', '{\"message\":1,\"provinces\":[{\"provinceId\":1,\"province\":\"北京\",\"universitys\":null},{\"provinceId\":2,\"province\":\"上海\",\"universitys\":null},{\"provinceId\":3,\"province\":\"天津\",\"universitys\":null},{\"provinceId\":4,\"province\":\"重庆\",\"universitys\":null},{\"provinceId\":5,\"province\":\"黑龙江\",\"universitys\":null},{\"provinceId\":6,\"province\":\"吉林\",\"universitys\":null},{\"provinceId\":7,\"province\":\"辽宁\",\"universitys\":null},{\"provinceId\":8,\"province\":\"山东\",\"universitys\":null},{\"provinceId\":9,\"province\":\"山西\",\"universitys\":null},{\"provinceId\":10,\"province\":\"陕西\",\"universitys\":null},{\"provinceId\":11,\"province\":\"河北\",\"universitys\":null},{\"provinceId\":12,\"province\":\"河南\",\"universitys\":null},{\"provinceId\":13,\"province\":\"湖北\",\"universitys\":null},{\"provinceId\":14,\"province\":\"湖南\",\"universitys\":null},{\"provinceId\":15,\"province\":\"海南\",\"universitys\":null},{\"provinceId\":16,\"province\":\"江苏\",\"universitys\":null},{\"provinceId\":17,\"province\":\"江西\",\"universitys\":null},{\"provinceId\":18,\"province\":\"广东\",\"universitys\":null},{\"provinceId\":19,\"province\":\"广西\",\"universitys\":null},{\"provinceId\":20,\"province\":\"云南\",\"universitys\":null},{\"provinceId\":21,\"province\":\"贵州\",\"universitys\":null},{\"provinceId\":22,\"province\":\"四川\",\"universitys\":null},{\"provinceId\":23,\"province\":\"内蒙古\",\"universitys\":null},{\"provinceId\":24,\"province\":\"宁夏\",\"universitys\":null},{\"provinceId\":25,\"province\":\"甘肃\",\"universitys\":null},{\"provinceId\":26,\"province\":\"青海\",\"universitys\":null},{\"provinceId\":27,\"province\":\"西藏\",\"universitys\":null},{\"provinceId\":28,\"province\":\"新疆\",\"universitys\":null},{\"provinceId\":29,\"province\":\"安徽\",\"universitys\":null},{\"provinceId\":30,\"province\":\"浙江\",\"universitys\":null},{\"provinceId\":31,\"province\":\"福建\",\"universitys\":null},{\"provinceId\":32,\"province\":\"台湾\",\"universitys\":null},{\"provinceId\":33,\"province\":\"香港\",\"universitys\":null},{\"provinceId\":34,\"province\":\"澳门\",\"universitys\":null},{\"provinceId\":35,\"province\":\"国外\",\"universitys\":null}]}', '2015-11-16 09:19:37', '1');
INSERT INTO `example` VALUES ('7A56C5966B174ED0BD55E81494CE21F9', null, 'SUCCESS', '{\"experience\":380,\"rank\":2,\"rightNumber\":10,\"startNumber\":3,\"subjectCode\":\"274ea\"}', '2015-11-26 11:20:52', '1');
INSERT INTO `example` VALUES ('7AEB7DB972C34D20A2523787430A1F32', null, 'SUCCESS', '{\"requestId\":\"3b19f887-7bc8-46b7-8f29-b9168c245a68\",\"code\":\"Success\",\"message\":\"Success\",\"httpCode\":\"200\",\"result\":null}', null, null);
INSERT INTO `example` VALUES ('7B54ACD1AC964F4FA6B4D68C72D44645', 'CD3ABF598EB84706B738AAC866B6DA2F', 'SUCCESS', '{\"requestId\":\"5ba93b17-a436-4862-b36d-2da3b501cdb1\",\"code\":\"SUCCESS\",\"message\":\"响应成功\",\"httpCode\":\"200\",\"result\":{\"rankingNumber\":1011,\"reportId\":89}}', '2016-08-03 13:08:36', '1');
INSERT INTO `example` VALUES ('7BB75B69DD1948E9A3B5A4DD220EC69B', 'BB02B4833448486C866917A07FDA435A', 'SUCCESS', '{\"parameterCheckCode\":\"SUCCESS\",\"parameterCheckMessage\":\"成功\",\"addPublishing\":\"FAILURE\"}', null, null);
INSERT INTO `example` VALUES ('7D51C792631145A08752D03A0C86366E', '7E3CAC82C98342EBAE61C8E5199E8DF6', 'SUCCESS', '{\"requestId\":\"SDFDW3F343JLKL3L5LN43J434\",\"code\":\"Success\",\"message\":\"Success\",\"httpCode\":\"200\",\"result\":{\"disagree\":true}}', null, null);
INSERT INTO `example` VALUES ('7E13E029474242959475B7D6C1080C9E', '16A3E536E68840FF90BDAACE55CDAF4E', 'SUCCESS', '{\"requestId\":\"SDDL234LSDK\",\"code\":\"Success\",\"message\":\"Success\",\"httpCode\":\"200\",\"result\":{\"list\":[],\"totalPage\":1,\"pageNumber\":1,\"pageSize\":10}}', null, null);
INSERT INTO `example` VALUES ('7E651D38174B4920AB4886E1C3492C7A', 'C18AA3D094BB4DC7949D9B77FAAFD001', 'SUCCESS', '{}', null, null);
INSERT INTO `example` VALUES ('7F5AA4B551E441CEAD0AB80E535C510A', null, 'SUCCESS', '{\"message\":1,\"signTime\":0}', '2015-12-03 09:54:16', '1');
INSERT INTO `example` VALUES ('81C46CD8827F484ABC1C467EA3E6DD64', null, 'SUCCESS', '{\"requestId\":\"c92311e3-1284-4c93-abad-83f4cdc6cda3\",\"code\":\"Success\",\"message\":\"Success\",\"httpCode\":\"200\",\"result\":{\"orderNumber\":\"EDU20170518140135000001\"}}', null, null);
INSERT INTO `example` VALUES ('83E55033243441C082F2C32A8E1E1890', 'EB531E77211F4819ABBA795E7BEA8287', 'SUCCESS', '{\"requestId\":\"1234\",\"code\":\"Success\",\"message\":\"Success\",\"httpCode\":\"200\",\"result\":null}', '2016-07-20 09:07:58', '1');
INSERT INTO `example` VALUES ('84A9773321E44C3CBF29B884246C1B09', '10FA60732D0E47C0972013B5D404DF62', 'SUCCESS', '{\"requestId\":\"9730d3b7-9b73-4fed-b2fd-09ba9bfc8658\",\"code\":\"Success\",\"message\":\"unifyOrder sucess\",\"httpCode\":\"200\",\"result\":{\"appid\":\"wxfd22896c1e4be407\",\"partnerid\":\"1335354601\",\"prepayid\":\"wx20170221102413106fdcfddf0290676117\",\"_package\":\"Sign=WXPay\",\"noncestr\":\"551FB32CD97E4A3A9DD1F79988CF5B81\",\"timestamp\":\"1487643845\",\"paysign\":\"84DF778AC0F51CF42ABE23CFF7DC5A69\",\"outTradeNo\":\"20170221102405000001\"}}', null, null);
INSERT INTO `example` VALUES ('851727C239524E6DB3CFDD40BC99B0E3', null, 'SUCCESS', 'ff', '2016-06-18 09:06:30', '1');
INSERT INTO `example` VALUES ('85B093DC50E943DB9203CDB64E7359CB', null, null, null, null, null);
INSERT INTO `example` VALUES ('85F38BBD03AB49A8AF4FCDDF15545BF0', null, 'SUCCESS', '{\"requestId\":\"bf8bceef-23b9-4746-a754-6711ffb3f2be\",\"code\":\"Success\",\"message\":\"Success\",\"httpCode\":\"200\",\"result\":{\"updateOnlineState\":\"1\"}}', null, null);
INSERT INTO `example` VALUES ('864F775783DA440EAC5137B624572E79', null, 'FAILURE', 'sf', '2015-11-28 14:54:29', '2');
INSERT INTO `example` VALUES ('8732FDE17B4F42B8A22AB0687735506B', null, 'SUCCESS', '{\"requestId\":\"fbf10119-6caa-4ece-a08f-1e7565046184\",\"code\":\"Success\",\"message\":\"Success\",\"httpCode\":\"200\",\"result\":{\"userInfo\":{\"id\":26,\"updateDate\":\"May 18, 2017 3:51:40 PM\",\"onlineState\":\"0\",\"phoneNumber\":\"13466638306\",\"vipState\":\"1\"}}}', null, null);
INSERT INTO `example` VALUES ('89A46FB0EC064E29B4CD7FA45BBB587F', null, 'SUCCESS', '{\"requestId\":\"123456\",\"code\":\"Success\",\"message\":\"Success\",\"httpCode\":\"200\",\"result\":{\"id\":11,\"userCode\":\"fc99e30e2e3b483380e610c618290044\",\"userName\":\"test1\",\"passWord\":\"dd4b21e9ef71e1291183a46b913ae6f2\",\"userType\":1,\"belongCompany\":null,\"delFlag\":0,\"updateTime\":1493783452000,\"createTime\":1493783452000}}', null, null);
INSERT INTO `example` VALUES ('89FD16A671714005B81425B185E85668', null, 'SUCCESS', '{\n    \"responseCode\": true,\n    \"responseMessage\": \"更新成功\"\n}', null, null);
INSERT INTO `example` VALUES ('8A1C738341D84A64997CD9437A0CF439', null, 'SUCCESS', '{\"message\":1}', '2015-11-11 11:50:14', '1');
INSERT INTO `example` VALUES ('8B0BCCFC818F43E89FD7F1903B4F806C', null, null, null, null, null);
INSERT INTO `example` VALUES ('8C2BC7B72C3A437EA736E7BD0052205E', 'F96E90CE661E48A68628B6007198923D', 'SUCCESS', '{\"requestId\":\"9d081b6d-cbdb-403c-a896-2fad68d61d67\",\"code\":\"Success\",\"message\":\"Success\",\"httpCode\":\"200\",\"result\":{\"id\":6,\"uuid\":\"da95e1572e134177875c18a3289de849\",\"myUserCode\":\"da95e1572e134177875c18a3289de842\",\"friendCode\":\"2a10903cdd1646c5934b35a82939640d\",\"applyState\":\"BeSend\",\"applySource\":null,\"createDate\":1468932472000,\"updateDate\":1468932472000}}', '2016-07-19 20:07:28', '1');
INSERT INTO `example` VALUES ('8DA331F5DB774C27B579A2D21BA42C8E', null, 'SUCCESS', '{\"1\":13,\"2\":18,\"3\":18,\"4\":18,\"5\":3,\"6\":16,\"breakthroughTime\":0,\"challengeDemonTime\":0,\"challengeSchooleId\":1,\"demonAppearTime\":0,\"intelligenceQuestionTime\":0,\"mistakeTime\":0,\"opponentLocation\":15,\"thisSchedule\":\"6\"}', '2015-11-26 15:54:59', '1');
INSERT INTO `example` VALUES ('8F1B5E68A84342EC842FF96D9A53A5CA', 'CDD68C41A3814459A8E32D98CABE108E', 'SUCCESS', '{\"requestId\":\"0da923c7-b1ec-4050-a219-6382f451bcef\",\"code\":\"SUCCESS\",\"message\":\"响应成功\",\"httpCode\":\"200\",\"result\":{\"isPay\":\"1\"}}', null, null);
INSERT INTO `example` VALUES ('908000841E14418A81ED3977B1EFBC94', null, 'SUCCESS', '{\n    \"responseCode\": true,\n    \"responseMessage\": \"SUCCESS\",\n    \"list\": [\n        {\n            \"id\": 5,\n            \"company\": \"测试5号\",\n            \"delFlag\": 0,\n            \"updateTime\": 1493191408000,\n            \"createTime\": 1493191408000\n        }\n    ]\n}', null, null);
INSERT INTO `example` VALUES ('90CC2974EEFA4C20992DF2912B8CD54E', '993CE14365794776A9A53099448684BE', 'SUCCESS', '{\"requestId\":\"WEUOW343KL34L26NBSK3\",\"code\":\"Success\",\"message\":\"Success\",\"httpCode\":\"200\",\"result\":{\"smallClassScheduleIsIssue\":false}}', null, null);
INSERT INTO `example` VALUES ('914A19C9637B47C497A1CACDA4BD035C', '671D85F66A4A4665A1274FF94C07AFA1', 'SUCCESS', '{\"requestId\":\"SDFDW3F343JLKL3L5LN43J434\",\"code\":\"Success\",\"message\":\"Success\",\"httpCode\":\"200\",\"result\":{\"agree\":true}}', null, null);
INSERT INTO `example` VALUES ('916F4E5DACAE4E559AFF2A6C712F48E3', 'D8F9339B57DE4FBA8C7FB677622232D0', 'SUCCESS', '{\n  \"responseCode\": true,\n  \"agencyOrganization\": {\n    \"agencyCode\": \"24774056099243D1A0F2DB9C4DFC4879\",\n    \"updateDate\": 1497420740784,\n    \"parentAgencyList\": null,\n    \"agencyName\": null,\n    \"linkmanPhone\": null,\n    \"agencyJurisdiction\": null,\n    \"statisticsJurisdiction\": null,\n    \"parentAgencyCode\": null,\n    \"proportion\": null,\n    \"agencySchoolList\": null,\n    \"loginPassword\": \"123456\",\n    \"createDate\": null,\n    \"agencyAreaList\": null,\n    \"agencyRank\": null,\n    \"linkmanName\": null\n  }\n}', null, null);
INSERT INTO `example` VALUES ('91857100C74C49DE9E530C6699150C51', '0E116EA0B411429BA811AAC236CE88C4', 'SUCCESS', '{\"requestId\":\"WEUOW343KL34L26NBSK3\",\"code\":\"Success\",\"message\":\"Success\",\"httpCode\":\"200\",\"result\":{\"bigClassScheduleIsIssue\":false}}', null, null);
INSERT INTO `example` VALUES ('9257D1850DBC444AAFE85B49D8CC6DC3', '34C1FCBA8F0C4C81BF198B25BAFEEF38', 'SUCCESS', '{\n  \"responseCode\": true\n}', null, null);
INSERT INTO `example` VALUES ('9310367514644CD08A86F411B38A31AA', '54852B51EF2A4D29A26D91A892F34D3D', 'SUCCESS', '{\"requestId\":\"67f08a3d-8849-45b3-a639-57a35de62b5f\",\"code\":\"SUCCESS\",\"message\":\"响应成功\",\"httpCode\":\"200\",\"result\":{\"isSave\":\"1\"}}', '2016-08-03 11:08:10', '1');
INSERT INTO `example` VALUES ('93EC4CFBEF264A4B8F0ECB0C37572E85', '9F7EE10BB25E436DB144C20891A64D36', 'SUCCESS', '{\"message\":\"Success\",\"result\":null,\"code\":\"Success\",\"requestId\":null,\"httpCode\":\"200\"}', '2016-03-21 09:24:01', '1');
INSERT INTO `example` VALUES ('95AB5F48E5344439ACAE13B0171F0BA8', 'FB921A705C42476099B16176A478B698', 'SUCCESS', '{\"parameterCheckCode\":\"SUCCESS\",\"parameterCheckMessage\":\"成功\",\"save\":true}', null, null);
INSERT INTO `example` VALUES ('9627ADB2DE64488B93DED464A5CFAED8', 'F88C0CF7232A429CA0C8CFE3829AABCB', 'SUCCESS', '{\"requestId\":\"WEUOW343KL34L26NBSK3\",\"code\":\"Success\",\"message\":\"Success\",\"httpCode\":\"200\",\"result\":{\"issueSchedule\":true}}', null, null);
INSERT INTO `example` VALUES ('963023BBD7114C60A728647FABA53A67', null, 'SUCCESS', '{\"requestId\":\"5a1ed730-9ab6-45f2-a4a3-c9a164f1ffb5\",\"code\":\"Success\",\"message\":\"Success\",\"httpCode\":\"200\",\"result\":{\"subjectIntroduce\":{\"id\":1,\"pictureUrl\":\"http://haotibenapk.b0.upaiyun.com/pengyun_tv/primary_chinese.jpg\",\"introduce\":\"专家级名师生动讲解，让学习变得简单，激发孩子学习兴趣，让孩子爱上语文。预置学习体系涵盖了小学阶段语文学科所有考点、重点、难点。边看视频边学习，课中测、课后练。解决孩子听懂不会做的问题，帮孩子考出好成绩。\",\"subjectCode\":\"1\",\"title\":\"小学语文\"}}}', null, null);
INSERT INTO `example` VALUES ('96A23D2A6F074E499041846B3B5EC5E6', null, 'SUCCESS', '{\n    \"responseCode\": true,\n    \"responseMessage\": \"保存成功\"\n}', null, null);
INSERT INTO `example` VALUES ('96E4761C6D25418FB42171FD29814008', null, 'SUCCESS', '{\n  \"requestId\": \"7941d9bc-e7b3-4d56-9751-97856e6e8d9f\",\n  \"code\": \"Success\",\n  \"message\": \"Success\",\n  \"httpCode\": \"200\",\n  \"result\": {\n    \"pageNo\": 1,\n    \"pageSize\": 10,\n    \"total\": 2,\n    \"pages\": 1,\n    \"result\": [\n      {\n        \"waresId\": 36,\n        \"curriculumName\": \"sdffefd\",\n        \"teacher\": \"尼古拉斯赵四\",\n        \"subjectCode\": \"3\",\n        \"startTime\": 1500355800000,\n        \"playState\": 2,\n        \"subjectName\": \"英语\"\n      },\n      {\n        \"waresId\": 35,\n        \"curriculumName\": \"sdffefd\",\n        \"teacher\": \"王二麻子\",\n        \"subjectCode\": \"3\",\n        \"startTime\": 1500355800000,\n        \"playState\": 2,\n        \"subjectName\": \"英语\"\n      }\n    ]\n  }\n}', null, null);
INSERT INTO `example` VALUES ('9760A579DB714C7991202BAFE460305D', null, 'SUCCESS', '{\"message\":1}', '2015-11-17 11:40:51', '1');
INSERT INTO `example` VALUES ('98E9DEBCFCB343E1918A0C9B6463A39A', null, 'SUCCESS', '{\"message\":1}', '2015-11-11 11:37:37', '1');
INSERT INTO `example` VALUES ('9D2F578F5AD34921B8124EDE6BED1061', '780011C87E914E4BA935DD41EEBD3710', 'SUCCESS', '{\"requestId\":\"1234\",\"code\":\"Success\",\"message\":\"Success\",\"httpCode\":\"200\",\"result\":null}', '2016-07-19 14:07:01', '1');
INSERT INTO `example` VALUES ('9EE8E12F9CDF4BBE8F6700B8DDFBB899', null, 'SUCCESS', '{}', null, null);
INSERT INTO `example` VALUES ('A1C0901ADB9A4CC4AD1B988E1BFCE7F2', '27D22A1FF7144ACBB31F567873F2E40B', 'SUCCESS', '{}', null, null);
INSERT INTO `example` VALUES ('A280DE02DAB84B0BB8E98432A35BF436', 'E9B64C5A676B4545BBDC6139B1CA8260', 'SUCCESS', '{\"requestId\":\"WEUOW343KL34L26NBSK3\",\"code\":\"Success\",\"message\":\"Success\",\"httpCode\":\"200\",\"result\":{\"groupCode\":\"9647e0240df346fcb67d947544fabaf2\"}}', null, null);
INSERT INTO `example` VALUES ('A3A1F2C37B8B4D7DB33060D15C7A8CE7', null, 'SUCCESS', '{\"message\":1,\"phoneNumber\":\"13681004142\",\"sessionId\":\"B4E017982905478DB4FC58266A7AF0F3\"}', '2015-11-11 13:35:25', '1');
INSERT INTO `example` VALUES ('A3E8E064735F4D82A18EF5D38743E39E', null, 'SUCCESS', '{\"message\":1,\"signAwards\":[{\"signAwardId\":1,\"awardType\":\"GOLD\",\"awardValue\":100,\"signTime\":1},{\"signAwardId\":2,\"awardType\":\"EXP\",\"awardValue\":100,\"signTime\":2},{\"signAwardId\":3,\"awardType\":\"GOLD\",\"awardValue\":200,\"signTime\":3},{\"signAwardId\":4,\"awardType\":\"EXP\",\"awardValue\":200,\"signTime\":4},{\"signAwardId\":5,\"awardType\":\"GOLD\",\"awardValue\":300,\"signTime\":5},{\"signAwardId\":6,\"awardType\":\"EXP\",\"awardValue\":300,\"signTime\":6},{\"signAwardId\":7,\"awardType\":\"GOLD\",\"awardValue\":400,\"signTime\":7},{\"signAwardId\":8,\"awardType\":\"EXP\",\"awardValue\":400,\"signTime\":8},{\"signAwardId\":9,\"awardType\":\"GOLD\",\"awardValue\":500,\"signTime\":9},{\"signAwardId\":10,\"awardType\":\"EXP\",\"awardValue\":500,\"signTime\":10},{\"signAwardId\":11,\"awardType\":\"GOLD\",\"awardValue\":600,\"signTime\":11},{\"signAwardId\":12,\"awardType\":\"EXP\",\"awardValue\":600,\"signTime\":12},{\"signAwardId\":13,\"awardType\":\"GOLD\",\"awardValue\":700,\"signTime\":13},{\"signAwardId\":14,\"awardType\":\"EXP\",\"awardValue\":700,\"signTime\":14},{\"signAwardId\":15,\"awardType\":\"GOLD\",\"awardValue\":800,\"signTime\":15},{\"signAwardId\":16,\"awardType\":\"EXP\",\"awardValue\":800,\"signTime\":16},{\"signAwardId\":17,\"awardType\":\"GOLD\",\"awardValue\":900,\"signTime\":17},{\"signAwardId\":18,\"awardType\":\"EXP\",\"awardValue\":900,\"signTime\":18},{\"signAwardId\":19,\"awardType\":\"GOLD\",\"awardValue\":1000,\"signTime\":19},{\"signAwardId\":20,\"awardType\":\"EXP\",\"awardValue\":1000,\"signTime\":20}]}', '2015-12-03 09:46:36', '1');
INSERT INTO `example` VALUES ('A41511100C084C1AA156E79D6965BAA6', 'D33E8D15F41E4E6D8CD7F55E4179ACF0', 'SUCCESS', '{\"parameterCheckCode\":\"SUCCESS\",\"parameterCheckMessage\":\"成功\",\"addPublishing\":\"SUCCESS\",\"agencyCode\":\"074F2EAA89034BA7BC97B8EC6BAE3A3D\"}', null, null);
INSERT INTO `example` VALUES ('A4F06590612246889ACEBAFD6160141D', 'F5F7B033D066444FA396FF487547727E', 'SUCCESS', '{\"requestId\":\"WEUOW343KL34L26NBSK3\",\"code\":\"Success\",\"message\":\"Success\",\"httpCode\":\"200\",\"result\":{\"students\":[{\"code\":\"1\",\"createDate\":\"2016-09-07 09:58:58\",\"upDate\":null,\"userName\":\"test1\",\"password\":null,\"name\":null,\"province\":null,\"city\":null,\"county\":null,\"identCard\":null,\"mobile\":\"1\",\"courseType\":null,\"payType\":null,\"accessionYear\":null,\"goalType\":null,\"artType\":null,\"state\":null,\"type\":null,\"centerCode\":null,\"classCode\":null,\"groupCode\":null,\"graduated\":null,\"nickName\":\"1\",\"wxId\":null,\"address\":null,\"sex\":1,\"delFlag\":0,\"openId\":null,\"token\":null,\"expire\":null,\"accessKey\":null,\"secretKey\":null,\"accd\":null,\"imToken\":null,\"imName\":null,\"easeobName\":null,\"authSchoolGroupModels\":null,\"authSchoolClassModel\":null,\"authSchoolCenterModel\":null,\"authSchoolDivisionModel\":null,\"authSchoolDistrictModel\":null,\"authSchoolBranchModel\":null,\"authSchoolMainModel\":null,\"authParentModels\":null},{\"code\":\"123\",\"createDate\":\"2016-09-13 11:03:37\",\"upDate\":null,\"userName\":\"demo\",\"password\":null,\"name\":null,\"province\":null,\"city\":null,\"county\":null,\"identCard\":null,\"mobile\":\"15691705273\",\"courseType\":null,\"payType\":null,\"accessionYear\":null,\"goalType\":null,\"artType\":null,\"state\":null,\"type\":null,\"centerCode\":null,\"classCode\":null,\"groupCode\":null,\"graduated\":null,\"nickName\":null,\"wxId\":null,\"address\":null,\"sex\":null,\"delFlag\":0,\"openId\":null,\"token\":null,\"expire\":null,\"accessKey\":null,\"secretKey\":null,\"accd\":null,\"imToken\":null,\"imName\":null,\"easeobName\":null,\"authSchoolGroupModels\":null,\"authSchoolClassModel\":null,\"authSchoolCenterModel\":null,\"authSchoolDivisionModel\":null,\"authSchoolDistrictModel\":null,\"authSchoolBranchModel\":null,\"authSchoolMainModel\":null,\"authParentModels\":null},{\"code\":\"2\",\"createDate\":\"2016-09-13 11:03:37\",\"upDate\":null,\"userName\":\"test2\",\"password\":null,\"name\":null,\"province\":null,\"city\":null,\"county\":null,\"identCard\":null,\"mobile\":null,\"courseType\":null,\"payType\":null,\"accessionYear\":null,\"goalType\":null,\"artType\":null,\"state\":null,\"type\":null,\"centerCode\":null,\"classCode\":null,\"groupCode\":null,\"graduated\":null,\"nickName\":null,\"wxId\":null,\"address\":null,\"sex\":null,\"delFlag\":0,\"openId\":null,\"token\":null,\"expire\":null,\"accessKey\":null,\"secretKey\":null,\"accd\":null,\"imToken\":null,\"imName\":null,\"easeobName\":null,\"authSchoolGroupModels\":null,\"authSchoolClassModel\":null,\"authSchoolCenterModel\":null,\"authSchoolDivisionModel\":null,\"authSchoolDistrictModel\":null,\"authSchoolBranchModel\":null,\"authSchoolMainModel\":null,\"authParentModels\":null},{\"code\":\"3\",\"createDate\":\"2016-09-13 11:03:37\",\"upDate\":null,\"userName\":\"test3\",\"password\":null,\"name\":null,\"province\":null,\"city\":null,\"county\":null,\"identCard\":null,\"mobile\":null,\"courseType\":null,\"payType\":null,\"accessionYear\":null,\"goalType\":null,\"artType\":null,\"state\":null,\"type\":null,\"centerCode\":null,\"classCode\":null,\"groupCode\":null,\"graduated\":null,\"nickName\":null,\"wxId\":null,\"address\":null,\"sex\":null,\"delFlag\":0,\"openId\":null,\"token\":null,\"expire\":null,\"accessKey\":null,\"secretKey\":null,\"accd\":null,\"imToken\":null,\"imName\":null,\"easeobName\":null,\"authSchoolGroupModels\":null,\"authSchoolClassModel\":null,\"authSchoolCenterModel\":null,\"authSchoolDivisionModel\":null,\"authSchoolDistrictModel\":null,\"authSchoolBranchModel\":null,\"authSchoolMainModel\":null,\"authParentModels\":null}]}}', null, null);
INSERT INTO `example` VALUES ('A5A78F2D366B4A1D8538FB4CFC9B0B69', null, 'SUCCESS', '{\n  \"requestId\": \"7334b6ba-3e29-475e-b3f6-81be796e4fcc\",\n  \"code\": \"Success\",\n  \"message\": \"Success\",\n  \"httpCode\": \"200\",\n  \"result\": \"课程上架成功\"\n}', null, null);
INSERT INTO `example` VALUES ('A6205537EAF44D7BB77C632617524A9F', '6549023E7887420EB14736CD95E76DD3', 'SUCCESS', '{\"scopeData\":[{\"sucNumber\":0,\"falNumber\":5,\"date\":\"2016-03-21\"}],\"typeStat\":[{\"number\":5,\"type\":\"log\"}],\"main\":{\"yearSuc\":0,\"monthSuc\":0,\"threeSuc\":0,\"todayFal\":5,\"monthFal\":5,\"sevenSuc\":0,\"threeFal\":5,\"todaySuc\":0,\"halfYearSuc\":0,\"halfYearFal\":5,\"yearFal\":5,\"sevenFal\":5}}', '2016-03-21 14:02:09', '1');
INSERT INTO `example` VALUES ('A746F1E8E21E4B18957CABF36C0C2706', '1D8345881C864FB8896BF2CE2506A649', 'SUCCESS', '{\"requestId\":\"1234567\",\"code\":\"Success\",\"message\":\"Success\",\"httpCode\":\"200\",\"result\":{\"update\":true}}', null, null);
INSERT INTO `example` VALUES ('A759FAC2FBCD40CB898B7EBB2892A962', '54D583FCAF4B4D71B289A9140B31FE41', 'SUCCESS', '{\"parameterCheckCode\":\"SUCCESS\",\"parameterCheckMessage\":\"成功\",\"updatePublishing\":\"SUCCESS\"}', null, null);
INSERT INTO `example` VALUES ('A75D4816C1C84B05B70499646896D355', '7EE04C4AAE1B42D5BD7A37ABF3E62CC0', 'SUCCESS', '{\"requestCode\":\"1\"}', null, null);
INSERT INTO `example` VALUES ('A89F19B3D25F4A6B909919AAB9BB47AD', null, 'SUCCESS', '{\"parameterCheckCode\":\"SUCCESS\",\"parameterCheckMessage\":\"成功\",\"responseCode\":true,\"list\":[{\"production_code\":\"0006000100070007,0006000100070008\",\"video_duration\":\"239\",\"video_name\":\"多和少_最多和最少\",\"origin_id\":\"402881ce558fb38801558fc988170008\",\"update_name\":\"常晨丽\",\"video_url\":\"http://7vil13.com2.z0.glb.qiniucdn.com/XSASP0054.mp4\",\"cognize_id\":\"402881ce558fb38801558fc76ed80002\",\"file_oldname\":\"\",\"id\":\"9677651eea724297bf79275569ae6260\",\"knowledge_names\":\"比一比\",\"create_date\":1438306692000,\"grade_code\":\"11\",\"isdel\":\"0\",\"video_desc\":\" \",\"subject_code\":\"2\",\"scene_id\":\"402881ce558fb38801558fd000d2000c,402881ce558fb38801558fd050e0000d,402881ce558fb38801558fd2fcd20016\",\"video_comment\":\"\",\"knowledge_codes\":\"000600010007\",\"file_size\":0.0,\"update_date\":1469170912000,\"video_price\":20.0,\"video_type\":\"1\",\"application_code\":\"1\",\"difficult_star\":1,\"productions\":\"多和少,最多和最少\",\"scene_user_id\":\"402881ce558fb38801558fcbdf290009\"}]}', null, null);
INSERT INTO `example` VALUES ('A8BBBD9961604E2A82CDB82FA766360D', 'C1E8BE8AF9734B1AB00D7048251A559C', 'SUCCESS', '{    \"requestId\": \"2da27a33-76f0-4e86-b71c-904e3c8cf100\",    \"code\": \"Success\",    \"message\": \"Success\",    \"httpCode\": \"200\" ,    \"result\":null}', '2016-07-19 18:07:14', '1');
INSERT INTO `example` VALUES ('AC53166B1BFE4EA7AB1925E9356863C9', 'F2C5C42EF70241A5B19B57E686E5A720', 'SUCCESS', '{\"requestId\":\"WEUOW343KL34L26NBSK3\",\"code\":\"Success\",\"message\":\"Success\",\"httpCode\":\"200\",\"result\":{\"teachers\":[]}}', null, null);
INSERT INTO `example` VALUES ('AE3562B44C2F4BE9A868CE09A77EFDCE', null, 'SUCCESS', '{\n  \"requestId\": \"89029393-22c3-43f2-96ee-aee6051ba8fa\",\n  \"code\": \"Success\",\n  \"message\": \"Success\",\n  \"httpCode\": \"200\",\n  \"result\": \"创建课程成功\"\n}', null, null);
INSERT INTO `example` VALUES ('AFEE52C30DC14820B02A24C8DBA4275B', null, 'SUCCESS', '', '2016-04-29 10:04:33', '1');
INSERT INTO `example` VALUES ('AFEFF66205B24B168811CE1FFF778849', '9652BF1CEBBE43A9B66265822DB4E8B5', 'SUCCESS', '{\"requestId\":\"SDFDW3F343JLKL3L5LN43J434\",\"code\":\"Success\",\"message\":\"Success\",\"httpCode\":\"200\",\"result\":{\"updatePhoneAffirmStatus\":true}}', null, null);
INSERT INTO `example` VALUES ('B3799A1042EE4CCFA1AB13D31E74FAB2', null, 'SUCCESS', '{\"message\":1,\"verificationCode\":\"000000\"}', '2015-11-11 10:25:39', '1');
INSERT INTO `example` VALUES ('B3ABC36B498D41CDA17E1698C8731826', null, 'SUCCESS', '{\n    \"responseCode\": true,\n    \"responseMessage\": \"SUCCESS\",\n    \"list\": [\n        {\n            \"id\": 1,\n            \"videoCode\": \"http://com.eeduspace.test001.mp4\",\n            \"videoName\": \"test001\",\n            \"videoPrice\": null,\n            \"laydown\": null,\n            \"userType\": 1,\n            \"userName\": \"test1\",\n            \"userCompany\": \"测试1部\",\n            \"updateTime\": 1493791622000,\n            \"createTime\": 1493791622000\n        },\n        {\n            \"id\": 2,\n            \"videoCode\": \"http://com.eeduspace.test002.mp4\",\n            \"videoName\": \"test002\",\n            \"videoPrice\": null,\n            \"laydown\": null,\n            \"userType\": 1,\n            \"userName\": \"test1\",\n            \"userCompany\": \"测试1部\",\n            \"updateTime\": 1493791623000,\n            \"createTime\": 1493791623000\n        },\n        {\n            \"id\": 3,\n            \"videoCode\": \"http://com.eeduspace.test003.mp4\",\n            \"videoName\": \"test003\",\n            \"videoPrice\": null,\n            \"laydown\": null,\n            \"userType\": 1,\n            \"userName\": \"test1\",\n            \"userCompany\": \"测试1部\",\n            \"updateTime\": 1495184335000,\n            \"createTime\": 1495184324000\n        },\n        {\n            \"id\": 4,\n            \"videoCode\": \"http://com.eeduspace.test004.mp4\",\n            \"videoName\": \"test001\",\n            \"videoPrice\": null,\n            \"laydown\": null,\n            \"userType\": 1,\n            \"userName\": \"test1\",\n            \"userCompany\": \"测试1部\",\n            \"updateTime\": 1493791351000,\n            \"createTime\": 1493791351000\n        },\n        {\n            \"id\": 5,\n            \"videoCode\": \"http://com.eeduspace.test005.mp4\",\n            \"videoName\": \"test001\",\n            \"videoPrice\": null,\n            \"laydown\": null,\n            \"userType\": 1,\n            \"userName\": \"test1\",\n            \"userCompany\": \"测试1部\",\n            \"updateTime\": 1493791729000,\n            \"createTime\": 1493791684000\n        }\n    ]\n}', null, null);
INSERT INTO `example` VALUES ('B3C690FBBBEE47C08FB4B3453EBF5CC6', null, 'SUCCESS', '{\"requestId\":\"e84e092a-af0c-4f8b-8162-cb68e474e675\",\"code\":\"Success\",\"message\":\"Success\",\"httpCode\":\"200\",\"result\":null}', null, null);
INSERT INTO `example` VALUES ('B4227BACE853444FA42603B9F4AFAD71', null, 'SUCCESS', '{\n  \"requestId\": \"25420\",\n  \"code\": \"200\",\n  \"httpCode\": \"200\",\n  \"message\": \"ok\",\n  \"result\": [\n    {\n      \"visible\": false,\n      \"create_name\": \"王彩娟\",\n      \"scene_id\": \"8a2a746856a0fb1d0156bb2317562a9f\",\n      \"frequency\": \"2/周\",\n      \"type\": true,\n      \"book_type\": \"191bb9fb41a341df861d0d52f6035517\",\n      \"id\": \"8a2a746856ea6fb101574591926714fa\",\n      \"area\": null,\n      \"resource_origin_id\": \"8a2a746856da5b0e0156df45949a0b2c\",\n      \"create_date\": 1474340950000,\n      \"hour_count\": 26,\n      \"course_time\": \"\",\n      \"name\": \"六年级数学（上）同步课程\",\n      \"scene_user\": null,\n      \"isdel\": false,\n      \"status\": null,\n      \"id_number\": \"\",\n      \"extend1\": null,\n      \"extend3\": null,\n      \"extend2\": null,\n      \"subject_code\": \"2\",\n      \"section\": null,\n      \"difficult_star\": 2,\n      \"suggest_period\": null,\n      \"duration\": \"30\",\n      \"rt_category_code\": \"is_003\",\n      \"grade_code\": \"16\",\n      \"suggest_price\": \"1300\",\n      \"update_name\": null,\n      \"update_date\": 1483953753000,\n      \"goal_score\": 90,\n      \"teaching_goal\": \"<p>1、理解分数乘、除法的意义，掌握分数乘、除法的计算方法，比较熟练地</p><p>计算简单的分数乘、除法，会进行简单的分数四则混合运算。</p><p>2、理解倒数的意义，掌握求倒数的方法。</p><p>3、理解比的意义和性质，会求比值和化简比，会解决有关比的简单实际问</p><p>题。</p><p>4、掌握圆的特征，会用圆规画圆；探索并掌握圆的周长和面积公式，能够</p><p>正确计算圆的周长和面积。</p><p>5、知道圆是轴对称图形，进一步认识轴对称图形；能运用平移、轴对称和</p><p>旋转设计简单的图案。</p><p>6、理解百分数的意义，比较熟练地进行有关百分数的计算，能够解决有关</p><p>百分数的简单实际问题。</p><p>7、认识扇形统计图，能根据需要选择合适的统计图表示数据。</p><p>8、经历从实际生活中发现问题、提出问题、解决问题的过程，体会数学在</p><p>日常生活中的作用，初步形成综合运用数学知识解决问题的能力。</p><p>9、体会解决问题策略的多样性及运用假设的数学思想方法解决问题的有</p><p>效性，感受数学的魅力。形成发现生活中的数学的意识，初步形成观察、分析及推理的能力。</p><p>10、体会学习数学的乐趣，提高学习数学的兴趣，建立学好数学的信心。</p><p>11、养成认真作业、书写整洁的良好习惯。</p><p><br/></p>\",\n      \"categories_code\": \"007\"\n    },\n    {\n      \"visible\": false,\n      \"create_name\": \"王彩娟\",\n      \"scene_id\": \"8a2a746856a0fb1d0156bb23613c2aa1\",\n      \"frequency\": \"2/周\",\n      \"type\": true,\n      \"book_type\": \"191bb9fb41a341df861d0d52f6035517\",\n      \"id\": \"8a2a7468574a3d1e015754cdf9bf1050\",\n      \"area\": null,\n      \"resource_origin_id\": \"8a2a746856da5b0e0156df45949a0b2c\",\n      \"create_date\": 1474596567000,\n      \"hour_count\": 26,\n      \"course_time\": \"10-24\",\n      \"name\": \"六年级数学（上）提高课程\",\n      \"scene_user\": null,\n      \"isdel\": false,\n      \"status\": null,\n      \"id_number\": \"\",\n      \"extend1\": null,\n      \"extend3\": null,\n      \"extend2\": null,\n      \"subject_code\": \"2\",\n      \"section\": null,\n      \"difficult_star\": 2,\n      \"suggest_period\": null,\n      \"duration\": \"30\",\n      \"rt_category_code\": \"\",\n      \"grade_code\": \"16\",\n      \"suggest_price\": \"1300\",\n      \"update_name\": null,\n      \"update_date\": 1477320165000,\n      \"goal_score\": 90,\n      \"teaching_goal\": \"<p>1、理解分数乘、除法的意义，掌握分数乘、除法的计算方法，比较熟练地</p><p>计算简单的分数乘、除法，会进行简单的分数四则混合运算。</p><p>2、理解倒数的意义，掌握求倒数的方法。</p><p>3、理解比的意义和性质，会求比值和化简比，会解决有关比的简单实际问</p><p>题。</p><p>4、掌握圆的特征，会用圆规画圆；探索并掌握圆的周长和面积公式，能够</p><p>正确计算圆的周长和面积。</p><p>5、知道圆是轴对称图形，进一步认识轴对称图形；能运用平移、轴对称和</p><p>旋转设计简单的图案。</p><p>6、理解百分数的意义，比较熟练地进行有关百分数的计算，能够解决有关</p><p>百分数的简单实际问题。</p><p>7、认识扇形统计图，能根据需要选择合适的统计图表示数据。</p><p>8、经历从实际生活中发现问题、提出问题、解决问题的过程，体会数学在</p><p>日常生活中的作用，初步形成综合运用数学知识解决问题的能力。</p><p>9、体会解决问题策略的多样性及运用假设的数学思想方法解决问题的有</p><p>效性，感受数学的魅力。形成发现生活中的数学的意识，初步形成观察、分析及推理的能力。</p><p>10、体会学习数学的乐趣，提高学习数学的兴趣，建立学好数学的信心。</p><p>11、养成认真作业、书写整洁的良好习惯。</p>\",\n      \"categories_code\": \"007\"\n    },\n    {\n      \"visible\": false,\n      \"create_name\": \"王彩娟\",\n      \"scene_id\": \"8a2a746856a0fb1d0156bb2317562a9f\",\n      \"frequency\": \"2/周\",\n      \"type\": true,\n      \"book_type\": \"191bb9fb41a341df861d0d52f6035517\",\n      \"id\": \"8a2a7468574a3d1e015773fa16c442fc\",\n      \"area\": null,\n      \"resource_origin_id\": \"8a2a746856da5b0e0156df45fed00b2e\",\n      \"create_date\": 1475119552000,\n      \"hour_count\": 26,\n      \"course_time\": \"10-08\",\n      \"name\": \"六年级数学上册人教版名家开讲同步课程\",\n      \"scene_user\": null,\n      \"isdel\": false,\n      \"status\": null,\n      \"id_number\": \"\",\n      \"extend1\": null,\n      \"extend3\": null,\n      \"extend2\": null,\n      \"subject_code\": \"2\",\n      \"section\": null,\n      \"difficult_star\": 2,\n      \"suggest_period\": null,\n      \"duration\": \"30\",\n      \"rt_category_code\": \"\",\n      \"grade_code\": \"16\",\n      \"suggest_price\": \"1300\",\n      \"update_name\": null,\n      \"update_date\": null,\n      \"goal_score\": 90,\n      \"teaching_goal\": \"<p>1、理解分数乘、除法的意义，掌握分数乘、除法的计算方法，比较熟练地计算简单的分数乘、除法，会进行简单的分数四则混合运算。</p><p>2、理解倒数的意义，掌握求倒数的方法。</p><p>3、理解比的意义和性质，会求比值和化简比，会解决有关比的简单实际问题。</p><p>4、掌握圆的特征，会用圆规画圆；探索并掌握圆的周长和面积公式，能够正确计算圆的周长和面积。</p><p>5、知道圆是轴对称图形，进一步认识轴对称图形；能运用平移、轴对称和旋转设计简单的图案。</p><p>6、理解百分数的意义，比较熟练地进行有关百分数的计算，能够解决有关百分数的简单实际问题。</p><p>7、认识扇形统计图，能根据需要选择合适的统计图表示数据。</p><p>8、经历从实际生活中发现问题、提出问题、解决问题的过程，体会数学在日常生活中的作用，初步形成综合运用数学知识解决问题的能力。</p><p>9、体会解决问题策略的多样性及运用假设的数学思想方法解决问题的有效性，感受数学的魅力。形成发现生活中的数学的意识，初步形成观察、分析及推理的能力。</p><p>10、体会学习数学的乐趣，提高学习数学的兴趣，建立学好数学的信心。</p><p>11、养成认真作业、书写整洁的良好习惯。</p>\",\n      \"categories_code\": \"006\"\n    },\n    {\n      \"visible\": false,\n      \"create_name\": \"刘玲玲\",\n      \"scene_id\": \"8a2a746856a0fb1d0156bb23613c2aa1\",\n      \"frequency\": \"2/周\",\n      \"type\": true,\n      \"book_type\": \"191bb9fb41a341df861d0d52f6035517\",\n      \"id\": \"8a2a746857c829cb0157d0a19c8613a3\",\n      \"area\": null,\n      \"resource_origin_id\": \"8a2a746856da5b0e0156df45fed00b2e\",\n      \"create_date\": 1476674034000,\n      \"hour_count\": 4,\n      \"course_time\": \"10-18\",\n      \"name\": \"六年级数学上册人教版80分进阶课程\",\n      \"scene_user\": null,\n      \"isdel\": false,\n      \"status\": null,\n      \"id_number\": \"\",\n      \"extend1\": null,\n      \"extend3\": null,\n      \"extend2\": null,\n      \"subject_code\": \"2\",\n      \"section\": null,\n      \"difficult_star\": 2,\n      \"suggest_period\": null,\n      \"duration\": \"30\",\n      \"rt_category_code\": \"\",\n      \"grade_code\": \"16\",\n      \"suggest_price\": \"200\",\n      \"update_name\": null,\n      \"update_date\": 1476773498000,\n      \"goal_score\": 90,\n      \"teaching_goal\": \"<p>1、理解分数乘、除法的意义，掌握分数乘、除法的计算方法，比较熟练地计算简单的分数乘、除法，会进行简单的分数四则混合运算。</p><p><br/></p>\",\n      \"categories_code\": \"008\"\n    },\n    {\n      \"visible\": false,\n      \"create_name\": \"刘玲玲\",\n      \"scene_id\": \"8a2a746856a0fb1d0156bb23613c2aa1\",\n      \"frequency\": \"2/周\",\n      \"type\": true,\n      \"book_type\": \"191bb9fb41a341df861d0d52f6035517\",\n      \"id\": \"8a2a746857c829cb0157d0aca1db151e\",\n      \"area\": null,\n      \"resource_origin_id\": \"8a2a746856da5b0e0156df45949a0b2c\",\n      \"create_date\": 1476674757000,\n      \"hour_count\": 4,\n      \"course_time\": \"10-18\",\n      \"name\": \"六年级数学上册人教版90分进阶课程\",\n      \"scene_user\": null,\n      \"isdel\": false,\n      \"status\": null,\n      \"id_number\": \"\",\n      \"extend1\": null,\n      \"extend3\": null,\n      \"extend2\": null,\n      \"subject_code\": \"2\",\n      \"section\": null,\n      \"difficult_star\": 3,\n      \"suggest_period\": null,\n      \"duration\": \"30\",\n      \"rt_category_code\": \"\",\n      \"grade_code\": \"16\",\n      \"suggest_price\": \"200\",\n      \"update_name\": null,\n      \"update_date\": 1476773481000,\n      \"goal_score\": 95,\n      \"teaching_goal\": \"<p>理解分数乘、除法的意义，掌握分数乘、除法的计算方法，比较熟练地计算简单的分数乘、除法，会进行简单的分数四则混合运算。</p><p><br/></p>\",\n      \"categories_code\": \"008\"\n    },\n    {\n      \"visible\": false,\n      \"create_name\": \"刘玲玲\",\n      \"scene_id\": \"8a2a746856a0fb1d0156bb2317562a9f\",\n      \"frequency\": \"2/周\",\n      \"type\": true,\n      \"book_type\": \"191bb9fb41a341df861d0d52f6035517\",\n      \"id\": \"8a2a746857d1247a0157d12f6795002d\",\n      \"area\": null,\n      \"resource_origin_id\": \"8a2a746856da5b0e0156df45949a0b2c\",\n      \"create_date\": 1476683327000,\n      \"hour_count\": 20,\n      \"course_time\": \"10-17\",\n      \"name\": \"六年级数学上册人教版基础课程\",\n      \"scene_user\": null,\n      \"isdel\": false,\n      \"status\": null,\n      \"id_number\": \"\",\n      \"extend1\": null,\n      \"extend3\": null,\n      \"extend2\": null,\n      \"subject_code\": \"2\",\n      \"section\": null,\n      \"difficult_star\": 2,\n      \"suggest_period\": null,\n      \"duration\": \"30\",\n      \"rt_category_code\": \"\",\n      \"grade_code\": \"16\",\n      \"suggest_price\": \"1000\",\n      \"update_name\": null,\n      \"update_date\": null,\n      \"goal_score\": 70,\n      \"teaching_goal\": \"<p>1、理解分数乘、除法的意义，掌握分数乘、除法的计算方法，比较熟练地计算简单的分数乘、除法，会进行简单的分数四则混合运算。</p><p>2、理解倒数的意义，掌握求倒数的方法。</p><p>3、理解比的意义和性质，会求比值和化简比，会解决有关比的简单实际问题。</p><p><br/></p>\",\n      \"categories_code\": \"005001\"\n    },\n    {\n      \"visible\": false,\n      \"create_name\": \"刘玲玲\",\n      \"scene_id\": \"8a2a746856a0fb1d0156bb23613c2aa1\",\n      \"frequency\": \"2/周\",\n      \"type\": true,\n      \"book_type\": \"191bb9fb41a341df861d0d52f6035517\",\n      \"id\": \"8a2a7468584ddf6e015852cc88851646\",\n      \"area\": null,\n      \"resource_origin_id\": \"8a2a746856da5b0e0156df45949a0b2c\",\n      \"create_date\": 1478857885000,\n      \"hour_count\": 26,\n      \"course_time\": \"\",\n      \"name\": \"六年级数学（上）大班提高课程\",\n      \"scene_user\": null,\n      \"isdel\": false,\n      \"status\": null,\n      \"id_number\": \"\",\n      \"extend1\": null,\n      \"extend3\": null,\n      \"extend2\": null,\n      \"subject_code\": \"2\",\n      \"section\": null,\n      \"difficult_star\": 2,\n      \"suggest_period\": null,\n      \"duration\": \"30\",\n      \"rt_category_code\": \"is_001\",\n      \"grade_code\": \"16\",\n      \"suggest_price\": \"1300\",\n      \"update_name\": null,\n      \"update_date\": 1478916405000,\n      \"goal_score\": 90,\n      \"teaching_goal\": \"<p>1、理解分数乘、除法的意义，掌握分数乘、除法的计算方法，比较熟练地</p><p>计算简单的分数乘、除法，会进行简单的分数四则混合运算。</p><p>2、理解倒数的意义，掌握求倒数的方法。</p><p>3、理解比的意义和性质，会求比值和化简比，会解决有关比的简单实际问</p><p>题。</p><p>4、掌握圆的特征，会用圆规画圆；探索并掌握圆的周长和面积公式，能够</p><p>正确计算圆的周长和面积。</p><p>5、知道圆是轴对称图形，进一步认识轴对称图形；能运用平移、轴对称和</p><p>旋转设计简单的图案。</p><p>6、理解百分数的意义，比较熟练地进行有关百分数的计算，能够解决有关</p><p>百分数的简单实际问题。</p><p>7、认识扇形统计图，能根据需要选择合适的统计图表示数据。</p><p>8、经历从实际生活中发现问题、提出问题、解决问题的过程，体会数学在</p><p>日常生活中的作用，初步形成综合运用数学知识解决问题的能力。</p><p>9、体会解决问题策略的多样性及运用假设的数学思想方法解决问题的有</p><p>效性，感受数学的魅力。形成发现生活中的数学的意识，初步形成观察、分析及推理的能力。</p><p>10、体会学习数学的乐趣，提高学习数学的兴趣，建立学好数学的信心。</p><p>11、养成认真作业、书写整洁的良好习惯。</p><p><br/></p>\",\n      \"categories_code\": \"009\"\n    },\n    {\n      \"visible\": false,\n      \"create_name\": \"蔡建磊\",\n      \"scene_id\": \"8a2a746856a0fb1d0156bb23613c2aa1\",\n      \"frequency\": \"3/周\",\n      \"type\": true,\n      \"book_type\": \"191bb9fb41a341df861d0d52f6035517\",\n      \"id\": \"8a2a7468596e3a2f01598288c0db1cab\",\n      \"area\": null,\n      \"resource_origin_id\": \"8a2a746856da5b0e0156df45fed00b2e\",\n      \"create_date\": 1483953717000,\n      \"hour_count\": 0,\n      \"course_time\": \"\",\n      \"name\": \"六年级人教新课标版数学（上）寒假同步、提高课程\",\n      \"scene_user\": null,\n      \"isdel\": false,\n      \"status\": null,\n      \"id_number\": \"\",\n      \"extend1\": null,\n      \"extend3\": null,\n      \"extend2\": null,\n      \"subject_code\": \"2\",\n      \"section\": null,\n      \"difficult_star\": 2,\n      \"suggest_period\": null,\n      \"duration\": \"30\",\n      \"rt_category_code\": \"is_003\",\n      \"grade_code\": \"16\",\n      \"suggest_price\": \"0\",\n      \"update_name\": null,\n      \"update_date\": 1484122028000,\n      \"goal_score\": 90,\n      \"teaching_goal\": \"<p>1、理解分数乘、除法的意义，掌握分数乘、除法的计算方法，比较熟练地</p><p>计算简单的分数乘、除法，会进行简单的分数四则混合运算。</p><p>2、理解倒数的意义，掌握求倒数的方法。</p><p>3、理解比的意义和性质，会求比值和化简比，会解决有关比的简单实际问</p><p>题。</p><p>4、掌握圆的特征，会用圆规画圆；探索并掌握圆的周长和面积公式，能够</p><p>正确计算圆的周长和面积。</p><p>5、知道圆是轴对称图形，进一步认识轴对称图形；能运用平移、轴对称和</p><p>旋转设计简单的图案。</p><p>6、理解百分数的意义，比较熟练地进行有关百分数的计算，能够解决有关</p><p>百分数的简单实际问题。</p><p>7、认识扇形统计图，能根据需要选择合适的统计图表示数据。</p><p>8、经历从实际生活中发现问题、提出问题、解决问题的过程，体会数学在</p><p>日常生活中的作用，初步形成综合运用数学知识解决问题的能力。</p><p>9、体会解决问题策略的多样性及运用假设的数学思想方法解决问题的有</p><p>效性，感受数学的魅力。形成发现生活中的数学的意识，初步形成观察、分析及推理的能力。</p><p>10、体会学习数学的乐趣，提高学习数学的兴趣，建立学好数学的信心。</p><p>11、养成认真作业、书写整洁的良好习惯。</p>\",\n      \"categories_code\": \"009\"\n    }\n  ]\n}', null, null);
INSERT INTO `example` VALUES ('B4C75B6618814DCF91096064CE83739A', null, 'SUCCESS', 'sdfsd', '2015-11-28 14:53:41', '1');
INSERT INTO `example` VALUES ('BA49CCEE6BB44F128FAAA117F91A55EC', 'D0227FB8D22B4A0083FEC87E9A6A1D61', 'SUCCESS', '{\"requestId\":\"b2b29657-0e6b-4e9f-a61c-44b4c3d1530d\",\"code\":\"SUCCESS\",\"message\":\"响应成功\",\"httpCode\":\"200\",\"result\":{\"isCancel\":\"0\"}}', '2016-08-03 11:08:01', '1');
INSERT INTO `example` VALUES ('BA7ACEC4BC01407AB930E894C0D0C28F', null, 'SUCCESS', '{\"inspirations\":[{\"inspirationId\":1,\"userId\":1,\"coverPicture\":\"upload\\\\image\\\\201511\\\\365562A927784FCF83FC7996E27EEF0A.png\",\"content\":\"减肥还是看使得开发商结婚老师的看法和了似的咖啡碱老师的课了独守空房\",\"illustration\":\"upload\\\\image\\\\201511\\\\F180B410841449B08996733CAB768C9A.jpg\",\"creatDate\":1447723813000,\"isPassCheck\":\"0\",\"isPublish\":\"1\",\"browseTime\":0,\"praiseTime\":0,\"commentTime\":0,\"collectTime\":0,\"isEssence\":null,\"user\":null,\"inspirationComments\":null,\"inspirationUsers\":null}],\"message\":1,\"total\":1,\"totalPages\":1}', '2015-11-17 09:44:53', '1');
INSERT INTO `example` VALUES ('BA8B705DEC1B4340BC29AA55C5AC0704', 'D3104083B3064C328BEC0EA0C79ADA06', 'SUCCESS', '{\"requestId\":\"0feb0ff9-61fd-440b-af00-4328292ff935\",\"code\":\"SUCCESS\",\"message\":\"响应成功\",\"httpCode\":\"200\",\"result\":{\"total\":1,\"pageNumber\":1,\"pageSize\":10,\"totalPages\":1,\"isFirstPage\":true,\"isLastPage\":false,\"isHasNextPage\":false,\"isHasPreviousPage\":false,\"reports\":[{\"gradeName\":\"一年级\",\"title\":\"北京市 2016年高一下学期期末-学情诊断\",\"subjectName\":\"化学\",\"reportDate\":\"2016-08-03 12:08:21\",\"reportId\":88}]}}', '2016-08-03 13:08:10', '1');
INSERT INTO `example` VALUES ('BAB5B6CAE5934B93AEC39497CA172B5C', null, 'SUCCESS', '{\"requestId\":\"2e93b3e6-fe94-4877-8f1d-72de5e601ca8\",\"code\":\"400\",\"message\":\"参数 url 不能为空\",\"httpCode\":\"200\",\"result\":null}', null, null);
INSERT INTO `example` VALUES ('BC03A2AF2957496EB585B948B2636D00', '7B21C20D798D434FB38C88912D1EAAAE', 'SUCCESS', '{}', null, null);
INSERT INTO `example` VALUES ('BC2F30DE4F8C4F7286EAD921351B4A48', null, 'SUCCESS', '{\n    \"responseCode\": \"true\",\n    \"responseMessage\": \"SUCCESS\",\n    \"user\": {\n        \"id\": 11,\n        \"userCode\": \"fc99e30e2e3b483380e610c618290044\",\n        \"userName\": \"test1\",\n        \"passWord\": \"dd4b21e9ef71e1291183a46b913ae6f2\",\n        \"userType\": 1,\n        \"belongCompany\": null,\n        \"delFlag\": 0,\n        \"updateTime\": 1493783452000,\n        \"createTime\": 1493783452000\n    },\n    \"company\": {\n        \"id\": 6,\n        \"company\": \"测试6号\",\n        \"delFlag\": 0,\n        \"updateTime\": 1493191413000,\n        \"createTime\": 1493191413000\n    }\n}', null, null);
INSERT INTO `example` VALUES ('BD0A7EBEDB9A4FA68E2F3713417AD366', null, 'SUCCESS', '{\"requestId\":\"25046757-e9f5-40c0-a6ca-151472ea0fa8\",\"code\":\"Success\",\"message\":\"Success\",\"httpCode\":\"200\",\"result\":[{\"stageCode\":\"1\",\"gradeCode\":\"11\",\"gradeName\":\"一年级\",\"version\":0},{\"stageCode\":\"1\",\"gradeCode\":\"12\",\"gradeName\":\"二年级\",\"version\":0},{\"stageCode\":\"1\",\"gradeCode\":\"13\",\"gradeName\":\"三年级\",\"version\":0},{\"stageCode\":\"1\",\"gradeCode\":\"14\",\"gradeName\":\"四年级\",\"version\":0},{\"stageCode\":\"1\",\"gradeCode\":\"15\",\"gradeName\":\"五年级\",\"version\":0},{\"stageCode\":\"1\",\"gradeCode\":\"16\",\"gradeName\":\"六年级\",\"version\":0}]}', null, null);
INSERT INTO `example` VALUES ('C11E2278F1B2411198E7BCECDFB0286D', 'CBCFF946A0DE462A826D2ADB8417F1DD', 'SUCCESS', '{\"parameterCheckCode\":\"SUCCESS\",\"parameterCheckMessage\":\"成功\",\"agencyOrganization\":{\"agencyCode\":\"73223BD164674D23B37494C2F7206F4C\",\"agencyAreaNameList\":null,\"updateDate\":1497078233000,\"parentAgencyList\":\"73223BD164674D23B37494C2F7206F4C\",\"agencyName\":\"人民出版社\",\"linkmanPhone\":\"13681004142\",\"agencyJurisdiction\":\"4\",\"statisticsJurisdiction\":\"1\",\"parentAgencyCode\":null,\"proportion\":\"100\",\"agencySchoolList\":\";677878;345667\",\"loginPassword\":\"670B14728AD9902AECBA32E22FA4F6BD\",\"createDate\":1497078233000,\"agencyAreaList\":\"110000:110100:110101;120000:120100:120104;\",\"agencyRank\":0,\"linkmanName\":\"何臣\"},\"agencyGoodses\":[{\"id\":7,\"goodsCode\":\"33445\",\"updateDate\":1497078233000,\"createDate\":1497078233000,\"goodsName\":\"一年级语文同步辅导\",\"agencyCode\":\"73223BD164674D23B37494C2F7206F4C\"},{\"id\":8,\"goodsCode\":\"56677\",\"updateDate\":1497078233000,\"createDate\":1497078233000,\"goodsName\":\"二年级语文同步辅导\",\"agencyCode\":\"73223BD164674D23B37494C2F7206F4C\"}],\"agencySchools\":[{\"id\":5,\"updateDate\":1497078234000,\"schoolName\":\"北京第一小学\",\"areaId\":110101,\"createDate\":1497078234000,\"schoolCode\":\"677878\",\"agencyCode\":\"73223BD164674D23B37494C2F7206F4C\"},{\"id\":6,\"updateDate\":1497078234000,\"schoolName\":\"北京第二小学\",\"areaId\":110101,\"createDate\":1497078234000,\"schoolCode\":\"345667\",\"agencyCode\":\"73223BD164674D23B37494C2F7206F4C\"}]}', null, null);
INSERT INTO `example` VALUES ('C22958EA174542A1916D9F19F73CCADB', '6808796B1BEC4E7BB8CC2189FBBA73EF', 'SUCCESS', '{\"requestId\":\"WEUOW343KL34L26NBSK3\",\"code\":\"Success\",\"message\":\"Success\",\"httpCode\":\"200\",\"result\":{\"isDelete\":true}}', null, null);
INSERT INTO `example` VALUES ('C2A923E673CF4751B85CF805926DC899', '372308C89B5045FEBACBA0BB49FFF320', 'SUCCESS', '{\"requestId\":\"6830396ce01a464ab3c97aec9300be0d\",\"code\":\"Success\",\"message\":\"success\",\"httpCode\":\"200\",\"result\":[{\"id\":26,\"vipPrice\":189.0,\"vipType\":null,\"vipDays\":null,\"vipDesc\":null,\"uuid\":\"7f280f9ea9d841dc92ae8300e9000c43\",\"isRelease\":null,\"discountPrice\":null,\"discountStartDate\":null,\"discountEndDate\":null,\"backgroundimg\":null,\"vipSale\":null,\"vipTypeDesc\":null,\"operationManager\":null,\"isAll\":false,\"isDiscount\":false}]}', '2016-07-21 10:07:58', '1');
INSERT INTO `example` VALUES ('C3948845F3024CF09FE57382E464D80B', null, 'SUCCESS', '{\"message\":1,\"universityId\":1001,\"universityName\":\"清华大学\"}', '2015-11-28 10:09:18', '1');
INSERT INTO `example` VALUES ('C3D73F2A17754CEFA360C2A16A5AD44F', null, 'SUCCESS', '{\n    \"responseCode\": true,\n    \"responseMessage\": \"SUCCESS\",\n    \"company\": {\n        \"id\": 2,\n        \"company\": \"测试2号\",\n        \"delFlag\": 0,\n        \"updateTime\": 1493191350000,\n        \"createTime\": 1493191350000\n    }\n}', null, null);
INSERT INTO `example` VALUES ('C65FEEAC65B3415289679582069684F5', '54A1EF9FFDBF49ECB6806D8175C7AC69', 'SUCCESS', '{\"requestId\":\"123456\",\"code\":\"Success\",\"message\":\"Success\",\"httpCode\":\"200\",\"result\":{\"password\":\"e10adc3949ba59abbe56e057f20f883e\",\"registerSource\":0,\"type\":0,\"userCode\":\"f4f15acf42244b218a69905242791661\",\"mobile\":\"13126658155\",\"userName\":\"iwrong26658155\",\"isVip\":true,\"VIPExpireTime\":\"2017-03-01 15:55:00\",\"VIPExpireDays\":15,\"isOverdue\":false,\"scanStatus\":\"\",\"createDate\":\"2016-08-08 15:39:39\",\"token\":\"TKCCA660EF0E1EA950\",\"refreshToken\":\"fa2289afa7123a802ef2ef3c22536c8f\",\"expires\":\"1800\"}}', null, null);
INSERT INTO `example` VALUES ('C6675ACC902244E3AF3CB0D7F5963345', null, 'SUCCESS', '{\"message\":1}', '2015-12-14 15:38:52', '1');
INSERT INTO `example` VALUES ('C6B5E4566B104812952C1BE420C17A42', 'D4BB22FD0942411A879677EAC5C10B50', 'SUCCESS', '{\"requestId\":\"870b00cf-7337-4cc5-98e8-3d16473d6a9c\",\"code\":\"SUCCESS\",\"message\":\"响应成功\",\"result\":{\"reportId\":896,\"testCode\":\"55287EC4CDFB42EB9EE83DD2F2DC3B47\",\"subjectName\":\"化学\",\"subjectCode\":\"23434\",\"gradeName\":\"一年级\",\"gradeCode\":\"12334\",\"title\":\"北京市 2016年高一下学期期末-学情诊断\",\"totalScore\":100,\"useTime\":60,\"answers\":[{\"serialNumber\":1,\"isRight\":false,\"exercisesCode\":\"234534\",\"answer\":\"B\",\"userAnswer\":\"D\"},{\"serialNumber\":2,\"isRight\":true,\"exercisesCode\":\"234535\",\"answer\":\"B\",\"userAnswer\":\"B\"},{\"serialNumber\":3,\"isRight\":true,\"exercisesCode\":\"234536\",\"answer\":\"B\",\"userAnswer\":\"B\"}],\"graspMap\":null,\"errorFrequency\":[{\"knowledgeName\":\"有机化学基础\",\"knowledgeCode\":\"1233455452\",\"errorSize\":1},{\"knowledgeName\":\"常见非金属元素及其化合物\",\"knowledgeCode\":\"1233455452\",\"errorSize\":1},{\"knowledgeName\":\"物质的组成和性质\",\"knowledgeCode\":\"123345545\",\"errorSize\":1},{\"knowledgeName\":\"常见金属元素及其化合物\",\"knowledgeCode\":\"1233455452\",\"errorSize\":1}],\"graspRate\":{\"常见非金属元素及其化合物\":50,\"有机化学基础\":83,\"物质的组成和性质\":50,\"常见金属元素及其化合物\":50}},\"httpCode\":\"200\"}', '2016-08-03 13:08:17', '1');
INSERT INTO `example` VALUES ('C7368773BC064E4CAAD03D532EE7BDA7', null, 'SUCCESS', '{\"challengeSchooleId\":4,\"message\":1,\"opponentLocation\":14,\"thisSchedule\":\"1\"}', '2015-11-26 11:07:41', '1');
INSERT INTO `example` VALUES ('C8A960F9FB6A490CB7309525BD934BB9', null, 'SUCCESS', '{\"parameterCheckCode\":\"SUCCESS\",\"parameterCheckMessage\":\"成功\",\"responseCode\":true,\"list\":[{\"production_code\":\"0006000100070007,0006000100070008\",\"subject_code\":\"2\",\"video_duration\":\"239\",\"video_name\":\"多和少_最多和最少\",\"video_comment\":\"\",\"knowledge_codes\":\"000600010007\",\"file_size\":0.0,\"video_price\":20.0,\"video_url\":\"http://7vil13.com2.z0.glb.qiniucdn.com/XSASP0054.mp4\",\"application_code\":\"1\",\"id\":\"9677651eea724297bf79275569ae6260\",\"knowledge_names\":\"比一比\",\"productions\":\"多和少,最多和最少\",\"grade_code\":\"11\",\"isdel\":\"0\",\"video_desc\":\" \"},{\"production_code\":\"0006000100010001,0006000100010002,0006000100010003,0006000100010004,0006000100010005,0006000100010006,0006000100020001,0006000100020002,0006000100020003,0006000100020004,0006000100030001,0006000100030002,0006000100030003,0006000100030004,0006000100040001,0006000100040002,0006000100040003,0006000100040004,0006000200010001,0006000200010002\",\"subject_code\":\"2\",\"video_duration\":\"207\",\"video_name\":\"1~10数字的认识\",\"video_comment\":\"\",\"knowledge_codes\":\"000600010001,000600010002,000600010003,000600010004,000600020001\",\"file_size\":0.0,\"video_price\":20.0,\"video_url\":\"http://7vil13.com2.z0.glb.qiniucdn.com/XSASP0308.mp4\",\"application_code\":\"1\",\"id\":\"650ee66c423d473a81305e701f839fa4\",\"knowledge_names\":\"1~3的认识,4和5的认识,6和7的认识,8和9的认识,10的认识\",\"productions\":\"给一个图形写数字1,给数字1画一个图形,给两个图形写数字2,给数字2画两个图形,给三个图形写数字3,给数字3画三个图形,给四个图形写数字4,给数字4画四个图形,给五个图形写数字5,给数字5画五个图形,给六个图形写数字6,给数字6画六个图形,给七个图形写数字7,给数字7画七个图形,给八个图形写数字8,给数字8画八个图形,给九个图形写数字9,给数字9画九个图形,给十个图形写数字10,给数字10画十个图形\",\"grade_code\":\"11\",\"isdel\":\"0\",\"video_desc\":\" \"}]}', null, null);
INSERT INTO `example` VALUES ('CB13A09027CB464A940B2C3D477E002C', null, 'SUCCESS', 'ffff', '2015-12-30 11:52:44', '1');
INSERT INTO `example` VALUES ('CBA4A0DFDCE848009AC586E22C6B1B25', null, 'SUCCESS', '{\n  \"requestId\": \"7334b6ba-3e29-475e-b3f6-81be796e4fcc\",\n  \"code\": \"Success\",\n  \"message\": \"Success\",\n  \"httpCode\": \"200\",\n  \"result\": \"课程下架成功\"\n}', null, null);
INSERT INTO `example` VALUES ('CCF44D3EFEB44A508B5AF1886BE4F4E6', '729ED158BC17437789232A9B5EA52830', 'SUCCESS', '{\"parameterCheckCode\":\"SUCCESS\",\"parameterCheckMessage\":\"成功\",\"agencyOrganizations\":[{\"agencyCode\":\"4303ACBD7FD54A4697A60131F9A64984\",\"agencyAreaNameList\":\"北京市 - 市辖区 - 昌平区  \",\"updateDate\":1498182080000,\"parentAgencyList\":\"1D943827E7B24BA5B11A7F60B0D6291E;18226E494AD04B79A6F0627E04B22F0C;4303ACBD7FD54A4697A60131F9A64984\",\"agencyName\":\"人民教育出版社二级代理\",\"linkmanPhone\":\"13600001112\",\"agencyJurisdiction\":\"2\",\"statisticsJurisdiction\":\"1\",\"parentAgencyCode\":\"18226E494AD04B79A6F0627E04B22F0C\",\"proportion\":\"90\",\"agencySchoolList\":\";1\",\"loginPassword\":\"670B14728AD9902AECBA32E22FA4F6BD\",\"createDate\":1498182080000,\"agencyAreaList\":\"110000:110100:110114;\",\"agencyRank\":2,\"linkmanName\":\"李四\",\"agencyGoodsSize\":4}],\"pageNum\":1,\"pageSize\":10,\"total\":1,\"totalPages\":1}', null, null);
INSERT INTO `example` VALUES ('CD064D93CDBD486C8C79A979E8AE7B01', null, 'SUCCESS', '[{\"id\":103855,\"code\":\"93e10b2c16a74276bc214059e272f455\",\"createAt\":1430818821408,\"create_author\":\"admin\",\"update_at\":1430818821408,\"update_author\":null,\"name\":\"集合\",\"lineCode\":\"2ee1c4979f674b468d2faa024bce4b99103855\",\"knowledgeIndex\":\"\",\"parentCode\":\"2ee1c4979f674b468d2faa024bce4b99\",\"isleaf\":true,\"typeCode\":\"0\",\"subjectCode\":\"274ea\",\"gradeCode\":\"83e01\",\"booktype\":\"cec15c81e25040898f5aae9be1dd60ad\",\"isdel\":false,\"startStudyTime\":902,\"endStudyTime\":910,\"version\":1,\"sorts\":103855,\"selfLabel\":false,\"chk\":false},{\"id\":105991,\"code\":\"9ab93965c01149498ad38e7e91534406\",\"createAt\":1430876015189,\"create_author\":\"admin\",\"update_at\":1430876015189,\"update_author\":null,\"name\":\"函数\",\"lineCode\":\"2ee1c4979f674b468d2faa024bce4b99105991\",\"knowledgeIndex\":\"\",\"parentCode\":\"2ee1c4979f674b468d2faa024bce4b99\",\"isleaf\":true,\"typeCode\":\"0\",\"subjectCode\":\"274ea\",\"gradeCode\":\"83e01\",\"booktype\":\"cec15c81e25040898f5aae9be1dd60ad\",\"isdel\":false,\"startStudyTime\":911,\"endStudyTime\":1108,\"version\":1,\"sorts\":105991,\"selfLabel\":false,\"chk\":false}]', '2015-11-11 11:11:16', '1');
INSERT INTO `example` VALUES ('CD0DF7EF89C54A9090A92FF4DB32B14E', null, 'SUCCESS', '{\"parameterCheckCode\":\"SUCCESS\",\"parameterCheckMessage\":\"成功\",\"list\":[{\"book_type\":\"人教新课标版\",\"ctb_code\":\"170a286029b24ed78626c5203fc1c816\",\"subject\":\"2\",\"grade\":\"11\"}]}', null, null);
INSERT INTO `example` VALUES ('CDB7A2CAE7CB4A2C806727CEF9284635', null, null, null, null, null);
INSERT INTO `example` VALUES ('CF6ED19A3CDC42868868900BAFAEBAC8', null, 'SUCCESS', '[{\"id\":271,\"code\":\"c88ba8a0e85846438937106b17d1282b\",\"createAt\":1430707985129,\"create_author\":\"admin\",\"update_at\":1430707985129,\"bookType\":\"苏教版\",\"subject\":\"a7ecc\",\"grade\":\"83e01\"},{\"id\":275,\"code\":\"8fb417217cd04b35ad561695f734e70a\",\"createAt\":1430708009080,\"create_author\":\"admin\",\"update_at\":1430708009080,\"bookType\":\"鲁科版\",\"subject\":\"a7ecc\",\"grade\":\"83e01\",\"version\":1},{\"id\":279,\"code\":\"0ed8cda6c7b743d789a3137724e09eaf\",\"createAt\":1430708040013,\"create_author\":\"admin\",\"update_at\":1430708040013,\"bookType\":\"人教版\",\"subject\":\"a7ecc\",\"grade\":\"83e01\"}]', '2015-11-11 10:55:24', '1');
INSERT INTO `example` VALUES ('CFB47C6059924DA3B3CABC90D97E9293', null, 'SUCCESS', '{\"collectExercise\":[{\"subjectCode\":\"274ea\",\"exerciseSize\":5,\"exerciseCodes\":[\"3f3f3b5a92db4d1ea7467d1750a3d698\",\"3f3f3b4a92db4d1ea7467d1750a3d698\",\"3f3f3b4a92db4d1ea7464d1750a3d698\",\"3f3f3b4a92db4d1ea7464d1750a3d690\",\"3f3f3b4a92db4d1ea7464d1750a6d690\"]},{\"subjectCode\":\"be6c8\",\"exerciseSize\":7,\"exerciseCodes\":[\"3f3f3b4a92db4d1ea7464d1750a6d690\",\"4f3f3b4a92db4d1ea7464d1750a6d690\",\"4f3f3b4a92df4d1ea7464d1750a6d690\",\"4f3f3b4a92df4d1ea7464d1750a4d690\",\"4f3f3b4a92df4d1ea7464d1750a4d640\",\"4f3f3b4a92df4d1ea7464d1750a4d641\",\"4f3f3b4a95df4d1ea7464d1750a4d641\"]}]}', '2015-12-02 13:19:45', '1');
INSERT INTO `example` VALUES ('D05FEEE156F64AC78C94060E4395EED8', null, 'SUCCESS', '{    \"message\": 1,    \"universities\": [        {            \"universityId\": 1001,            \"university\": \"清华大学\",            \"provinceId\": 1,            \"colleges\": null        },        {            \"universityId\": 1002,            \"university\": \"北京大学\",            \"provinceId\": 1,            \"colleges\": null        },        {            \"universityId\": 1003,            \"university\": \"中国人民大学\",            \"provinceId\": 1,            \"colleges\": null        }]}', '2015-11-16 09:23:13', '1');
INSERT INTO `example` VALUES ('D0DFC671CD76446B8E8E212FBB723AA8', '965EDF63544B4804BE66F1D18518E877', 'SUCCESS', '{\"message\":\"Success\",\"result\":{\"code\":\"482664\"},\"code\":\"Success\",\"requestId\":\"sdfsds2343546546ffsdfw\",\"httpCode\":\"200\"}', '2016-03-17 10:34:01', '1');
INSERT INTO `example` VALUES ('D107DC5A0AD048DEB5CA858AF36438E5', null, 'SUCCESS', '{\"message\":\"false\"}', '2016-04-21 09:04:43', '1');
INSERT INTO `example` VALUES ('D192940A95854713BF2263AC33A6DECE', null, 'SUCCESS', '{\"message\":1}', '2015-11-18 10:04:06', '1');
INSERT INTO `example` VALUES ('D1E285A2A0B541C78610D7CDA14439E6', null, 'FAILURE', '{\"message\":0}', '2015-11-13 11:25:54', '2');
INSERT INTO `example` VALUES ('D45D7906E38F4929936A7DDB67221C0A', 'C93FB62E19D740B3B74DBBC8FEEA3205', 'SUCCESS', '{}', null, null);
INSERT INTO `example` VALUES ('D46B8B291B8B44479FDD1168A8D0879E', null, 'SUCCESS', '{\"requestId\":\"b5876890-f32b-4b2b-8abc-4c915df7e119\",\"code\":\"Success\",\"message\":\"Success\",\"httpCode\":\"200\",\"result\":{\"exitMessage\":\"退出成功\",\"exitCode\":\"EXIT_SUCCESS\"}}\n\n{\"requestId\":\"a501a081-63ab-466a-b0ac-4eb1437f8208\",\"code\":\"Success\",\"message\":\"Success\",\"httpCode\":\"200\",\"result\":{\"exitMessage\":\"令牌已失效\",\"exitCode\":\"TOKEN_INVALIDATION\"}}', null, null);
INSERT INTO `example` VALUES ('D47E9E9FF5AF420886F29B7FD44B0F74', '94F74A01EFFB4B318421DDFCAA07F961', 'SUCCESS', '{\"parameterCheckCode\":\"SUCCESS\",\"parameterCheckMessage\":\"成功\",\"save\":true}', null, null);
INSERT INTO `example` VALUES ('D528DF1F545848568C567DA079280E77', null, 'SUCCESS', '{\"parameterCheckCode\":\"SUCCESS\",\"parameterCheckMessage\":\"成功\",\"list\":[{\"createBy\":\"admin\",\"stageName\":\"初中\",\"id\":\"402881b45170bb97015170bd09980004\",\"isdel\":\"0\",\"updateName\":\"郭森\",\"createName\":\"管理员\",\"stageCode\":\"2\",\"createDate\":1449244800000}]}', null, null);
INSERT INTO `example` VALUES ('D5B141E7A00F4892B20B95B8FEA81607', null, 'FAILURE', '{\"message\":2}', '2015-11-11 13:34:53', '2');
INSERT INTO `example` VALUES ('D670A0F43ED64723B198631BD543D726', null, 'SUCCESS', '[{\"id\":103807,\"code\":\"2ee1c4979f674b468d2faa024bce4b99\",\"createAt\":1430818776294,\"create_author\":\"admin\",\"update_at\":1430818776294,\"update_author\":null,\"name\":\"必修一\",\"lineCode\":\"2ee1c4979f674b468d2faa024bce4b99\",\"knowledgeIndex\":\"\",\"parentCode\":\"0\",\"isleaf\":true,\"typeCode\":\"0\",\"subjectCode\":\"274ea\",\"gradeCode\":\"83e01\",\"booktype\":\"cec15c81e25040898f5aae9be1dd60ad\",\"isdel\":false,\"startStudyTime\":902,\"endStudyTime\":1108,\"version\":1,\"sorts\":103807,\"selfLabel\":false,\"chk\":false},{\"id\":109649,\"code\":\"0349a81f4761472aa6a7cdd806394372\",\"createAt\":1430880239703,\"create_author\":\"admin\",\"update_at\":1430880239703,\"update_author\":null,\"name\":\"必修四\",\"lineCode\":\"0349a81f4761472aa6a7cdd806394372\",\"knowledgeIndex\":\"\",\"parentCode\":\"0\",\"isleaf\":true,\"typeCode\":\"0\",\"subjectCode\":\"274ea\",\"gradeCode\":\"83e01\",\"booktype\":\"cec15c81e25040898f5aae9be1dd60ad\",\"isdel\":false,\"startStudyTime\":1109,\"endStudyTime\":1231,\"version\":1,\"sorts\":109649,\"selfLabel\":false,\"chk\":false},{\"id\":114247,\"code\":\"9c2eabc140be4aecba57ff4be88a8f03\",\"createAt\":1430888710593,\"create_author\":\"admin\",\"update_at\":1430888710593,\"update_author\":null,\"name\":\"必修五\",\"lineCode\":\"9c2eabc140be4aecba57ff4be88a8f03\",\"knowledgeIndex\":\"\",\"parentCode\":\"0\",\"isleaf\":true,\"typeCode\":\"0\",\"subjectCode\":\"274ea\",\"gradeCode\":\"83e01\",\"booktype\":\"cec15c81e25040898f5aae9be1dd60ad\",\"isdel\":false,\"startStudyTime\":303,\"endStudyTime\":503,\"version\":1,\"sorts\":114247,\"selfLabel\":false,\"chk\":false},{\"id\":118815,\"code\":\"00647543941e4418985afafbaddb1229\",\"createAt\":1430892845077,\"create_author\":\"admin\",\"update_at\":1430892845077,\"update_author\":null,\"name\":\"必修二\",\"lineCode\":\"00647543941e4418985afafbaddb1229\",\"knowledgeIndex\":\"\",\"parentCode\":\"0\",\"isleaf\":true,\"typeCode\":\"0\",\"subjectCode\":\"274ea\",\"gradeCode\":\"83e01\",\"booktype\":\"cec15c81e25040898f5aae9be1dd60ad\",\"isdel\":false,\"startStudyTime\":504,\"endStudyTime\":630,\"version\":1,\"sorts\":118815,\"selfLabel\":false,\"chk\":false}]', '2015-11-11 11:02:29', '1');
INSERT INTO `example` VALUES ('D864A3AB537A453491B26D74335C3A79', '387A33CA1DF744D4AA3CC47A78E3CDB3', 'SUCCESS', '{\"requestId\":\"WEUOW343KL34L26NBSK3\",\"code\":\"Success\",\"message\":\"Success\",\"httpCode\":\"200\",\"result\":{\"teachers\":[{\"teacherName\":\"烦死\",\"teacherCode\":\"9e0a1a95b57e495eb4f2b5ad57ec205e\"},{\"teacherName\":\"2222\",\"teacherCode\":\"b9e5f659676e4685b7c1b100a50c7d81\"},{\"teacherName\":\"0\",\"teacherCode\":\"b2733a79e2fa4f5f828b343d5fd491cc\"},{\"teacherName\":\"12\",\"teacherCode\":\"ab2d4dc632fe409daccdd607c181f061\"}]}}', null, null);
INSERT INTO `example` VALUES ('D87086E599224EC68C912C55C48F23C2', null, null, null, null, null);
INSERT INTO `example` VALUES ('D881761FB6EC4BAD8FBFF675D9CAD8AA', '6991FB4C864844EBBCF99B92E9B9F2FA', 'SUCCESS', '{\"requestId\":\"25ac3ade-8368-4828-b7fa-9fb3603974f1\",\"code\":\"SUCCESS\",\"message\":\"响应成功\",\"httpCode\":\"200\",\"result\":{\"isPay\":\"1\"}}', null, null);
INSERT INTO `example` VALUES ('DB2A2DFE0F224F818A583B41BF5A7ECF', 'F84FBF59B23943AEBB1DC24C5CC3696B', 'SUCCESS', '{}', null, null);
INSERT INTO `example` VALUES ('DB9F037984174A7389841D0BC800C35C', null, 'SUCCESS', '[{\"id\":1,\"code\":\"ff7d6\",\"createAt\":1413091692952,\"create_author\":\"libh\",\"update_at\":1413091692952,\"gradeName\":\"一年级\",\"stageCode\":\"41935\"},{\"id\":2,\"code\":\"24156\",\"createAt\":1413091828704,\"create_author\":\"libh\",\"update_at\":1413091828704,\"gradeName\":\"二年级\",\"stageCode\":\"41935\"},{\"id\":3,\"code\":\"09520\",\"createAt\":1413091832512,\"create_author\":\"libh\",\"update_at\":1413091832512,\"gradeName\":\"三年级\",\"stageCode\":\"41935\"},{\"id\":4,\"code\":\"4a5e7\",\"createAt\":1413091836631,\"create_author\":\"libh\",\"update_at\":1413091836631,\"gradeName\":\"四年级\",\"stageCode\":\"41935\"},{\"id\":5,\"code\":\"d2325\",\"createAt\":1413091840563,\"create_author\":\"libh\",\"update_at\":1413091840563,\"gradeName\":\"五年级\",\"stageCode\":\"41935\"},{\"id\":6,\"code\":\"fdfaf\",\"createAt\":1413091845197,\"create_author\":\"libh\",\"update_at\":1413091845197,\"gradeName\":\"六年级\",\"stageCode\":\"41935\"},{\"id\":7,\"code\":\"cf5c3\",\"createAt\":1413092008004,\"create_author\":\"libh\",\"update_at\":1413092008004,\"gradeName\":\"初一\",\"stageCode\":\"b2cf3\"},{\"id\":8,\"code\":\"56e93\",\"createAt\":1413092011640,\"create_author\":\"libh\",\"update_at\":1413092011640,\"gradeName\":\"初二\",\"stageCode\":\"b2cf3\"},{\"id\":9,\"code\":\"eaad3\",\"createAt\":1413092017273,\"create_author\":\"libh\",\"update_at\":1413092017273,\"gradeName\":\"初三\",\"stageCode\":\"b2cf3\"},{\"id\":10,\"code\":\"83e01\",\"createAt\":1413092031548,\"create_author\":\"libh\",\"update_at\":1413092031548,\"gradeName\":\"高一\",\"stageCode\":\"947b8\",\"version\":1},{\"id\":11,\"code\":\"34bbc\",\"createAt\":1413092034856,\"create_author\":\"libh\",\"update_at\":1413092034856,\"gradeName\":\"高二\",\"stageCode\":\"947b8\"},{\"id\":12,\"code\":\"7a811\",\"createAt\":1413092039568,\"create_author\":\"libh\",\"update_at\":1413092039568,\"gradeName\":\"高三\",\"stageCode\":\"947b8\"}]', '2015-11-11 10:41:36', '1');
INSERT INTO `example` VALUES ('DC2E1886C6E14D15995B72FD0C3D3575', '3C178B9F469E4D4B9F1F3612A14160DD', 'SUCCESS', '{\"requestId\":\"WEUOW343KL34L26NBSK3\",\"code\":\"Success\",\"message\":\"Success\",\"httpCode\":\"200\",\"result\":{\"isAddLesson\":false}}', null, null);
INSERT INTO `example` VALUES ('DCB1AD3B74F24AC9A8C8EE5FF9CAB47D', null, 'SUCCESS', '{\"requestId\":\"5de50dff-4c07-4826-825a-2bf4a1576ceb\",\"code\":\"Success\",\"message\":\"Success\",\"httpCode\":\"200\",\"result\":{\"verificationMessage\":\"令牌有效\",\"verificationCode\":\"TOKEN_EFFICACIOUS\"}}\n\n{\"requestId\":\"d934a06b-acb5-4879-b46d-982e33fee9bc\",\"code\":\"Success\",\"message\":\"Success\",\"httpCode\":\"200\",\"result\":{\"verificationMessage\":\"令牌已失效\",\"verificationCode\":\"TOKEN_INVALIDATION\"}}', null, null);
INSERT INTO `example` VALUES ('DE438C8CE29F445884EC0D00282BA9F3', '90DF1B76A1964DA2B53FA479FAF473AE', 'SUCCESS', '[{\"id\":\"402881b4518f800101518f83cf5e000f\",\"gradeCode\":\"22\",\"gradeName\":\"八年级\",\"isdel\":\"0\",\"version\":null,\"stageCode\":\"2\",\"createDate\":1449811758000,\"createBy\":\"admin\",\"createName\":\"管理员\",\"updateDate\":1464849226000,\"updateBy\":null,\"updateName\":\"郭森\"},{\"id\":\"402881b4518f800101518f8443c40011\",\"gradeCode\":\"23\",\"gradeName\":\"九年级\",\"isdel\":\"0\",\"version\":null,\"stageCode\":\"2\",\"createDate\":1449811788000,\"createBy\":\"admin\",\"createName\":\"管理员\",\"updateDate\":1464849235000,\"updateBy\":null,\"updateName\":\"郭森\"}]', null, null);
INSERT INTO `example` VALUES ('DEFB7C757DE0460AB332986C690429D3', null, null, null, null, null);
INSERT INTO `example` VALUES ('E009FE0E177E448F86B2D24C166334D5', 'A7B4EAACCA6A4991B8EC323028F07E85', 'SUCCESS', '{}', null, null);
INSERT INTO `example` VALUES ('E052FBD0635B46FDA186134BAF37C82C', null, 'SUCCESS', '[{\"id\":1,\"code\":\"274ea\",\"createAt\":1413177765142,\"create_author\":\"libh\",\"update_at\":1413177765142,\"subjectName\":\"数学\",\"gradeCode\":\"ff7d6,24156,09520,4a5e7,d2325,fdfaf,cf5c3,56e93,eaad3,83e01,34bbc,7a811\",\"version\":4},{\"id\":2,\"code\":\"be6c8\",\"createAt\":1413177788551,\"create_author\":\"libh\",\"update_at\":1413177788551,\"subjectName\":\"英语\",\"gradeCode\":\"ff7d6,24156,09520,4a5e7,d2325,fdfaf,cf5c3,56e93,eaad3,83e01,34bbc,7a811\"},{\"id\":3,\"code\":\"2e426\",\"createAt\":1413177806760,\"create_author\":\"libh\",\"update_at\":1413177806760,\"subjectName\":\"物理\",\"gradeCode\":\"56e93,eaad3,83e01,34bbc,7a811\"},{\"id\":4,\"code\":\"a7ecc\",\"createAt\":1413177818692,\"create_author\":\"libh\",\"update_at\":1413177818692,\"subjectName\":\"化学\",\"gradeCode\":\"eaad3,83e01,34bbc,7a811\"},{\"id\":7,\"code\":\"9c1e0\",\"createAt\":1422513939679,\"create_author\":\"zp\",\"update_at\":1422513939679,\"subjectName\":\"生物\",\"gradeCode\":\"83e01,34bbc,7a811\"},{\"id\":9,\"code\":\"1b0b2\",\"createAt\":1422514008680,\"create_author\":\"zp\",\"update_at\":1422514008680,\"subjectName\":\"历史\",\"gradeCode\":\"83e01,34bbc,7a811\"},{\"id\":11,\"code\":\"fb413\",\"createAt\":1422514016608,\"create_author\":\"zp\",\"update_at\":1422514016608,\"subjectName\":\"地理\",\"gradeCode\":\"83e01,34bbc,7a811\"},{\"id\":13,\"code\":\"5df22\",\"createAt\":1422514023796,\"create_author\":\"zp\",\"update_at\":1422514023796,\"subjectName\":\"政治\",\"gradeCode\":\"83e01,34bbc,7a811\"},{\"id\":15,\"code\":\"f43e2\",\"createAt\":1422514052075,\"create_author\":\"zp\",\"update_at\":1422514052075,\"subjectName\":\"语文\",\"gradeCode\":\"ff7d6,24156,09520,4a5e7,d2325,fdfaf,cf5c3,56e93,eaad3,83e01,34bbc,7a811\",\"version\":2}]', '2015-11-11 10:45:48', '1');
INSERT INTO `example` VALUES ('E5AC41A9701F46E6BFDAA8990A0F835A', null, 'SUCCESS', ' {\"clozeTest\":[{\"id\":143638,\"code\":\"6caee92c3cbc46ec8556c5ef8ddab79e\",\"createAt\":1432688525555,\"create_author\":null,\"update_at\":1432688525557,\"update_author\":null,\"title\":\"GKS05506\",\"stem\":\"对任意等比数列<img src = \'<img src = \'http://iwrong.b0.upaiyun.com/resources_v3/GKS201505181119.files/image022.gif\'></img>\'></img>,下列说法一定正确的是(&nbsp;&nbsp;&nbsp;&nbsp;)\",\"stemPicture\":null,\"option\":\"[{\\\"optionKey\\\":\\\"A\\\",\\\"optionValue\\\":\\\"<img src = \'http://iwrong.b0.upaiyun.com/resources_v3/GKS201505181119.files/image040.gif\'></img>\\\"},{\\\"optionKey\\\":\\\"B\\\",\\\"optionValue\\\":\\\"&nbsp;<img src = \'http://iwrong.b0.upaiyun.com/resources_v3/GKS201505181119.files/image041.gif\'></img>&nbsp;\\\"},{\\\"optionKey\\\":\\\"C\\\",\\\"optionValue\\\":\\\"<img src = \'http://iwrong.b0.upaiyun.com/resources_v3/GKS201505181119.files/image042.gif\'></img>\\\"},{\\\"optionKey\\\":\\\"D\\\",\\\"optionValue\\\":\\\"<img src = \'http://iwrong.b0.upaiyun.com/resources_v3/GKS201505181119.files/image043.gif\'></img>\\\"}]\",\"optionPicture\":null,\"analyze\":\"[{\\\"analyzeKey\\\":\\\"A\\\",\\\"analyzeValue\\\":\\\"通过分析,此选项错误.\\\"},{\\\"analyzeKey\\\":\\\"B\\\",\\\"analyzeValue\\\":\\\"通过分析,此选项错误.\\\"},{\\\"analyzeKey\\\":\\\"C\\\",\\\"analyzeValue\\\":\\\"通过分析,此选项错误.\\\"},{\\\"analyzeKey\\\":\\\"D\\\",\\\"analyzeValue\\\":\\\"<img src = \'http://iwrong.b0.upaiyun.com/resources_v3/GKS201505181119.files/image044.gif\'></img>\\\"}]\",\"analyzePicture\":null,\"knowledgeCode\":null,\"knowledges\":\"数列\",\"productionCode\":null,\"productions\":\"等差数列与等比数列\",\"answer\":\"D\",\"star\":0,\"comment\":null,\"remark\":null,\"audio\":null,\"video\":null,\"source\":\"web\",\"isDel\":false,\"isCheck\":false,\"isCompleted\":3,\"type\":5,\"grade\":\"高三\",\"subject\":\"数学\",\"stage\":null},{\"id\":143640,\"code\":\"25fd2f2f6e234b7dbba24afe3f79a85b\",\"createAt\":1432688550568,\"create_author\":null,\"update_at\":1432688550571,\"update_author\":null,\"title\":\"GKS05507\",\"stem\":\"已知等比数列<img src = \'<img src = \'<img src = \'<img src = \'http://iwrong.b0.upaiyun.com/resources_v3/GKS201505181119.files/image001.gif\'></img>\'></img>\'></img>\'></img>的公比为正数,且<img src = \'<img src = \'http://iwrong.b0.upaiyun.com/resources_v3/GKS201505181119.files/image002.gif\'></img>\'></img>,<img src = \'<img src = \'http://iwrong.b0.upaiyun.com/resources_v3/GKS201505181119.files/image003.gif\'></img>\'></img>,则<img src = \'<img src = \'http://iwrong.b0.upaiyun.com/resources_v3/GKS201505181119.files/image004.gif\'></img>\'></img>(&nbsp;&nbsp;&nbsp;&nbsp;)\",\"stemPicture\":null,\"option\":\"[{\\\"optionKey\\\":\\\"A\\\",\\\"optionValue\\\":\\\"<img src = \'<img src = \'http://iwrong.b0.upaiyun.com/resources_v3/GKS201505181119.files/image005.gif\'></img>\'></img>&nbsp;&nbsp;&nbsp;&nbsp;&nbsp;\\\"},{\\\"optionKey\\\":\\\"B\\\",\\\"optionValue\\\":\\\"<img src = \'<img src = \'http://iwrong.b0.upaiyun.com/resources_v3/GKS201505181119.files/image006.gif\'></img>\'></img>&nbsp;&nbsp;&nbsp;&nbsp;&nbsp;&nbsp;\\\"},{\\\"optionKey\\\":\\\"C\\\",\\\"optionValue\\\":\\\"&nbsp;<img src = \'<img src = \'http://iwrong.b0.upaiyun.com/resources_v3/GKS201505181119.files/image007.gif\'></img>\'></img>&nbsp;&nbsp;&nbsp;&nbsp;&nbsp;\\\"},{\\\"optionKey\\\":\\\"D\\\",\\\"optionValue\\\":\\\"<img src = \'<img src = \'http://iwrong.b0.upaiyun.com/resources_v3/GKS201505181119.files/image008.gif\'></img>\'></img>\\\"}]\",\"optionPicture\":null,\"analyze\":\"[{\\\"analyzeKey\\\":\\\"A\\\",\\\"analyzeValue\\\":\\\"通过分析,此选项错误.\\\"},{\\\"analyzeKey\\\":\\\"B\\\",\\\"analyzeValue\\\":\\\"<img src = \'<img src = \'http://iwrong.b0.upaiyun.com/resources_v3/GKS201505181119.files/image045.gif\'></img>\'></img>\\\"},{\\\"analyzeKey\\\":\\\"C\\\",\\\"analyzeValue\\\":\\\"通过分析,此选项错误.\\\"},{\\\"analyzeKey\\\":\\\"D\\\",\\\"analyzeValue\\\":\\\"通过分析,此选项错误.\\\"}]\",\"analyzePicture\":null,\"knowledgeCode\":null,\"knowledges\":\"数列\",\"productionCode\":null,\"productions\":\"等差数列与等比数列\",\"answer\":\"B\",\"star\":0,\"comment\":null,\"remark\":null,\"audio\":null,\"video\":null,\"source\":\"web\",\"isDel\":false,\"isCheck\":false,\"isCompleted\":3,\"type\":5,\"grade\":\"高三\",\"subject\":\"数学\",\"stage\":null},{\"id\":143640,\"code\":\"25fd2f2f6e234b7dbba24afe3f79a85b\",\"createAt\":1432688550568,\"create_author\":null,\"update_at\":1432688550571,\"update_author\":null,\"title\":\"GKS05507\",\"stem\":\"已知等比数列<img src = \'<img src = \'<img src = \'<img src = \'http://iwrong.b0.upaiyun.com/resources_v3/GKS201505181119.files/image001.gif\'></img>\'></img>\'></img>\'></img>的公比为正数,且<img src = \'<img src = \'http://iwrong.b0.upaiyun.com/resources_v3/GKS201505181119.files/image002.gif\'></img>\'></img>,<img src = \'<img src = \'http://iwrong.b0.upaiyun.com/resources_v3/GKS201505181119.files/image003.gif\'></img>\'></img>,则<img src = \'<img src = \'http://iwrong.b0.upaiyun.com/resources_v3/GKS201505181119.files/image004.gif\'></img>\'></img>(&nbsp;&nbsp;&nbsp;&nbsp;)\",\"stemPicture\":null,\"option\":\"[{\\\"optionKey\\\":\\\"A\\\",\\\"optionValue\\\":\\\"<img src = \'<img src = \'http://iwrong.b0.upaiyun.com/resources_v3/GKS201505181119.files/image005.gif\'></img>\'></img>&nbsp;&nbsp;&nbsp;&nbsp;&nbsp;\\\"},{\\\"optionKey\\\":\\\"B\\\",\\\"optionValue\\\":\\\"<img src = \'<img src = \'http://iwrong.b0.upaiyun.com/resources_v3/GKS201505181119.files/image006.gif\'></img>\'></img>&nbsp;&nbsp;&nbsp;&nbsp;&nbsp;&nbsp;\\\"},{\\\"optionKey\\\":\\\"C\\\",\\\"optionValue\\\":\\\"&nbsp;<img src = \'<img src = \'http://iwrong.b0.upaiyun.com/resources_v3/GKS201505181119.files/image007.gif\'></img>\'></img>&nbsp;&nbsp;&nbsp;&nbsp;&nbsp;\\\"},{\\\"optionKey\\\":\\\"D\\\",\\\"optionValue\\\":\\\"<img src = \'<img src = \'http://iwrong.b0.upaiyun.com/resources_v3/GKS201505181119.files/image008.gif\'></img>\'></img>\\\"}]\",\"optionPicture\":null,\"analyze\":\"[{\\\"analyzeKey\\\":\\\"A\\\",\\\"analyzeValue\\\":\\\"通过分析,此选项错误.\\\"},{\\\"analyzeKey\\\":\\\"B\\\",\\\"analyzeValue\\\":\\\"<img src = \'<img src = \'http://iwrong.b0.upaiyun.com/resources_v3/GKS201505181119.files/image045.gif\'></img>\'></img>\\\"},{\\\"analyzeKey\\\":\\\"C\\\",\\\"analyzeValue\\\":\\\"通过分析,此选项错误.\\\"},{\\\"analyzeKey\\\":\\\"D\\\",\\\"analyzeValue\\\":\\\"通过分析,此选项错误.\\\"}]\",\"analyzePicture\":null,\"knowledgeCode\":null,\"knowledges\":\"数列\",\"productionCode\":null,\"productions\":\"等差数列与等比数列\",\"answer\":\"B\",\"star\":0,\"comment\":null,\"remark\":null,\"audio\":null,\"video\":null,\"source\":\"web\",\"isDel\":false,\"isCheck\":false,\"isCompleted\":3,\"type\":5,\"grade\":\"高三\",\"subject\":\"数学\",\"stage\":null},{\"id\":143642,\"code\":\"79fa80ee441840a0bbb66605a7c743fe\",\"createAt\":1432688574115,\"create_author\":null,\"update_at\":1432688574127,\"update_author\":null,\"title\":\"GKS05508\",\"stem\":\"已知<img src = \'<img src = \'<img src = \'<img src = \'http://iwrong.b0.upaiyun.com/resources_v3/GKS201505181119.files/image001.gif\'></img>\'></img>\'></img>\'></img>为等差数列,<img src = \'<img src = \'http://iwrong.b0.upaiyun.com/resources_v3/GKS201505181119.files/image046.gif\'></img>\'></img>+<img src = \'<img src = \'http://iwrong.b0.upaiyun.com/resources_v3/GKS201505181119.files/image047.gif\'></img>\'></img>+<img src = \'<img src = \'http://iwrong.b0.upaiyun.com/resources_v3/GKS201505181119.files/image048.gif\'></img>\'></img>=105,<img src = \'<img src = \'http://iwrong.b0.upaiyun.com/resources_v3/GKS201505181119.files/image049.gif\'></img>\'></img>=99,以<img src = \'<img src = \'http://iwrong.b0.upaiyun.com/resources_v3/GKS201505181119.files/image050.gif\'></img>\'></img>表示<img src = \'<img src = \'<img src = \'<img src = \'http://iwrong.b0.upaiyun.com/resources_v3/GKS201505181119.files/image001.gif\'></img>\'></img>\'></img>\'></img>的前<img src = \'<img src = \'http://iwrong.b0.upaiyun.com/resources_v3/GKS201505181119.files/image051.gif\'></img>\'></img>项和,则使得<img src = \'<img src = \'http://iwrong.b0.upaiyun.com/resources_v3/GKS201505181119.files/image050.gif\'></img>\'></img>达到最大值的<img src = \'<img src = \'http://iwrong.b0.upaiyun.com/resources_v3/GKS201505181119.files/image051.gif\'></img>\'></img>是(&nbsp;&nbsp;&nbsp;&nbsp;&nbsp;)\",\"stemPicture\":null,\"option\":\"[{\\\"optionKey\\\":\\\"A\\\",\\\"optionValue\\\":\\\"21&nbsp;&nbsp;&nbsp;&nbsp;\\\"},{\\\"optionKey\\\":\\\"B\\\",\\\"optionValue\\\":\\\"20&nbsp;&nbsp;&nbsp;\\\"},{\\\"optionKey\\\":\\\"C\\\",\\\"optionValue\\\":\\\"19&nbsp;&nbsp;&nbsp;\\\"},{\\\"optionKey\\\":\\\"D\\\",\\\"optionValue\\\":\\\"&nbsp;18\\\"}]\",\"optionPicture\":null,\"analyze\":\"[{\\\"analyzeKey\\\":\\\"A\\\",\\\"analyzeValue\\\":\\\"通过分析,此选项错误.\\\"},{\\\"analyzeKey\\\":\\\"B\\\",\\\"analyzeValue\\\":\\\"由<img src = \'<img src = \'http://iwrong.b0.upaiyun.com/resources_v3/GKS201505181119.files/image046.gif\'></img>\'></img>+<img src = \'<img src = \'http://iwrong.b0.upaiyun.com/resources_v3/GKS201505181119.files/image047.gif\'></img>\'></img>+<img src = \'<img src = \'http://iwrong.b0.upaiyun.com/resources_v3/GKS201505181119.files/image048.gif\'></img>\'></img>=105得<img src = \'http://iwrong.b0.upaiyun.com/resources_v3/GKS201505181119.files/image052.gif\'></img>即<img src = \'http://iwrong.b0.upaiyun.com/resources_v3/GKS201505181119.files/image053.gif\'></img>,由<img src = \'<img src = \'http://iwrong.b0.upaiyun.com/resources_v3/GKS201505181119.files/image049.gif\'></img>\'></img>=99得<img src = \'http://iwrong.b0.upaiyun.com/resources_v3/GKS201505181119.files/image054.gif\'></img>即<img src = \'http://iwrong.b0.upaiyun.com/resources_v3/GKS201505181119.files/image055.gif\'></img>,∴<img src = \'http://iwrong.b0.upaiyun.com/resources_v3/GKS201505181119.files/image056.gif\'></img>,<img src = \'http://iwrong.b0.upaiyun.com/resources_v3/GKS201505181119.files/image057.gif\'></img>,由<img src = \'http://iwrong.b0.upaiyun.com/resources_v3/GKS201505181119.files/image058.gif\'></img>得<img src = \'http://iwrong.b0.upaiyun.com/resources_v3/GKS201505181119.files/image059.gif\'></img>,此选项正确.\\\"},{\\\"analyzeKey\\\":\\\"C\\\",\\\"analyzeValue\\\":\\\"通过分析,此选项错误.\\\"},{\\\"analyzeKey\\\":\\\"D\\\",\\\"analyzeValue\\\":\\\"通过分析,此选项错误.\\\"}]\",\"analyzePicture\":null,\"knowledgeCode\":null,\"knowledges\":\"数列\",\"productionCode\":null,\"productions\":\"等差数列与等比数列\",\"answer\":\"B\",\"star\":0,\"comment\":null,\"remark\":null,\"audio\":null,\"video\":null,\"source\":\"web\",\"isDel\":false,\"isCheck\":false,\"isCompleted\":3,\"type\":5,\"grade\":\"高三\",\"subject\":\"数学\",\"stage\":null},{\"id\":143634,\"code\":\"27883f04c2cc423799116be57609a938\",\"createAt\":1432688444066,\"create_author\":null,\"update_at\":1432688444069,\"update_author\":null,\"title\":\"GKS05504\",\"stem\":\"等比数列<img src = \'<img src = \'http://iwrong.b0.upaiyun.com/resources_v3/GKS201505181119.files/image022.gif\'></img>\'></img>中,<img src = \'http://iwrong.b0.upaiyun.com/resources_v3/GKS201505181119.files/image029.gif\'></img>,则数列<img src = \'http://iwrong.b0.upaiyun.com/resources_v3/GKS201505181119.files/image030.gif\'></img>的前8项和等于(&nbsp;&nbsp;&nbsp;&nbsp;&nbsp;)\",\"stemPicture\":null,\"option\":\"[{\\\"optionKey\\\":\\\"A\\\",\\\"optionValue\\\":\\\"6&nbsp;&nbsp;&nbsp;\\\"},{\\\"optionKey\\\":\\\"B\\\",\\\"optionValue\\\":\\\"5&nbsp;&nbsp;&nbsp;\\\"},{\\\"optionKey\\\":\\\"C\\\",\\\"optionValue\\\":\\\"4&nbsp;&nbsp;\\\"},{\\\"optionKey\\\":\\\"D\\\",\\\"optionValue\\\":\\\"3\\\"}]\",\"optionPicture\":null,\"analyze\":\"[{\\\"analyzeKey\\\":\\\"A\\\",\\\"analyzeValue\\\":\\\"通过分析,此选项错误.\\\"},{\\\"analyzeKey\\\":\\\"B\\\",\\\"analyzeValue\\\":\\\"通过分析,此选项错误.\\\"},{\\\"analyzeKey\\\":\\\"C\\\",\\\"analyzeValue\\\":\\\"<img src = \'http://iwrong.b0.upaiyun.com/resources_v3/GKS201505181119.files/image031.jpg\'></img><img src = \'http://iwrong.b0.upaiyun.com/resources_v3/GKS201505181119.files/image032.jpg\'></img>此选项正确.\\\"},{\\\"analyzeKey\\\":\\\"D\\\",\\\"analyzeValue\\\":\\\"通过分析,此选项错误.\\\"}]\",\"analyzePicture\":null,\"knowledgeCode\":null,\"knowledges\":\"数列\",\"productionCode\":null,\"productions\":\"等差数列与等比数列\",\"answer\":\"C\",\"star\":0,\"comment\":null,\"remark\":null,\"audio\":null,\"video\":null,\"source\":\"web\",\"isDel\":false,\"isCheck\":false,\"isCompleted\":3,\"type\":5,\"grade\":\"高三\",\"subject\":\"数学\",\"stage\":null}]}', '2015-11-11 11:20:38', '1');
INSERT INTO `example` VALUES ('E5DA39F89A28406EBC5E818387A518A7', null, 'SUCCESS', '{\"requestId\":\"046f8bd0-ceff-4475-a65c-042c65414711\",\"code\":\"Success\",\"message\":\"Success\",\"httpCode\":\"200\",\"result\":\"新增banner成功\"}', null, null);
INSERT INTO `example` VALUES ('E68D92CD70694A4094F8985BA4FC9CEC', null, 'SUCCESS', '{}', null, null);
INSERT INTO `example` VALUES ('EB968228E3F1400CA920C52D9CB07442', null, 'SUCCESS', '{\n    \"responseCode\": true,\n    \"responseMessage\": \"密码修改成功\"\n}', null, null);
INSERT INTO `example` VALUES ('EBAF4DF4BFB74643A743B4B07C88C06C', null, 'SUCCESS', '{\"requestId\":\"bd15082e-544d-44fe-868d-9b840de7457a\",\"code\":\"Success\",\"message\":\"Success\",\"httpCode\":\"200\",\"result\":{\"userCode\":\"fc31bcd7-a2cd-4596-9851-230a4cff986e\"}}', null, null);
INSERT INTO `example` VALUES ('EC59E2E80083470B9BC5F63077D8B57B', '9E9B67A867AE4A3A8EF676F1EACFB23F', 'SUCCESS', '{\"requestId\":\"WEUOW343KL34L26NBSK3\",\"code\":\"Success\",\"message\":\"Success\",\"httpCode\":\"200\",\"result\":{\"eduScheduleCode\":\"67C465CA3AA349EE948F2911834998BC\",\"ownerCode\":\"AEDBB67C70B24165817BAEA2B4EBF0D0\",\"eduWeekTimeCode\":\"30A56BA2E71E4BE2BD5DD59BA044C1D6\",\"sections\":[{\"eduSectionCode\":\"05F6AFE0F9C34D159F61285A3B5EB6FF\",\"sectionNumber\":1,\"sectionName\":\"第1节\",\"startTime\":\"8:00\",\"endTime\":\"9:00\",\"duration\":60,\"lessons\":[null,null,null,null,null,null,null,null,null,null,null,null,null,null]},{\"eduSectionCode\":\"BA15920F395947D69C064A1543C00691\",\"sectionNumber\":2,\"sectionName\":\"第2节\",\"startTime\":\"9:00\",\"endTime\":\"10:00\",\"duration\":60,\"lessons\":[null,null,null,null,null,null,null,null,null,null,null,null,null,null]},{\"eduSectionCode\":\"1E2C1ADE05BE4F5EB9B9A9CFDBC5CC62\",\"sectionNumber\":3,\"sectionName\":\"第3节\",\"startTime\":\"10:00\",\"endTime\":\"11:00\",\"duration\":60,\"lessons\":[null,null,null,null,null,null,null,null,null,null,null,null,null,null]},{\"eduSectionCode\":\"BB8DD94E3BD744EB8ACFB3243CA71EC0\",\"sectionNumber\":4,\"sectionName\":\"第4节\",\"startTime\":\"11:00\",\"endTime\":\"12:00\",\"duration\":60,\"lessons\":[null,null,null,null,null,null,null,null,null,null,null,null,null,null]},{\"eduSectionCode\":\"70C9DEA30FE8464B87795E9E066B2FB6\",\"sectionNumber\":5,\"sectionName\":\"第5节\",\"startTime\":\"12:00\",\"endTime\":\"13:00\",\"duration\":60,\"lessons\":[null,null,null,null,null,null,null,null,null,null,null,null,null,null]},{\"eduSectionCode\":\"C6A2026B0DC84EAFB3952C2A470997AD\",\"sectionNumber\":6,\"sectionName\":\"第6节\",\"startTime\":\"13:00\",\"endTime\":\"14:00\",\"duration\":60,\"lessons\":[null,null,null,null,null,null,null,null,null,null,null,null,null,null]},{\"eduSectionCode\":\"4873BF4A228540989BF8B76C02343A1C\",\"sectionNumber\":7,\"sectionName\":\"第7节\",\"startTime\":\"14:00\",\"endTime\":\"15:00\",\"duration\":60,\"lessons\":[null,null,null,null,null,null,null,null,null,null,null,null,null,null]},{\"eduSectionCode\":\"36453DFD44154F4990AEA3EED9D555E5\",\"sectionNumber\":8,\"sectionName\":\"第8节\",\"startTime\":\"15:00\",\"endTime\":\"16:00\",\"duration\":60,\"lessons\":[null,null,null,null,null,null,null,null,null,null,null,null,null,null]},{\"eduSectionCode\":\"F8949AA049254DE2B889C7A720A40AA5\",\"sectionNumber\":9,\"sectionName\":\"第9节\",\"startTime\":\"16:00\",\"endTime\":\"17:00\",\"duration\":60,\"lessons\":[null,null,null,null,null,null,null,null,null,null,null,null,null,null]},{\"eduSectionCode\":\"5F1F4E3C7342470FA36CFD6D4AFF35EB\",\"sectionNumber\":10,\"sectionName\":\"第10节\",\"startTime\":\"17:00\",\"endTime\":\"18:00\",\"duration\":60,\"lessons\":[null,null,null,null,null,null,null,null,null,null,null,null,null,null]},{\"eduSectionCode\":\"396A8459109E44C08C1B70AAA76000BF\",\"sectionNumber\":11,\"sectionName\":\"第11节\",\"startTime\":\"18:00\",\"endTime\":\"19:00\",\"duration\":60,\"lessons\":[null,null,null,null,null,null,null,null,null,null,null,null,null,null]},{\"eduSectionCode\":\"0A1D74DB030543A28D78475A012FF6DC\",\"sectionNumber\":12,\"sectionName\":\"第12节\",\"startTime\":\"19:00\",\"endTime\":\"20:00\",\"duration\":60,\"lessons\":[null,null,null,null,null,null,null,null,null,null,null,null,null,null]},{\"eduSectionCode\":\"8A68133A041B4AFD8198498F2173956E\",\"sectionNumber\":13,\"sectionName\":\"第13节\",\"startTime\":\"20:00\",\"endTime\":\"21:00\",\"duration\":60,\"lessons\":[null,null,null,null,null,null,null,null,null,null,null,null,null,null]},{\"eduSectionCode\":\"083C47911D8A45D8BE590E153C2F315E\",\"sectionNumber\":14,\"sectionName\":\"第14节\",\"startTime\":\"21:00\",\"endTime\":\"22:00\",\"duration\":60,\"lessons\":[null,null,null,null,null,null,null,null,null,null,null,null,null,null]},{\"eduSectionCode\":\"3761C049D1F34DF89A5DA707397F0018\",\"sectionNumber\":15,\"sectionName\":\"第15节\",\"startTime\":\"22:00\",\"endTime\":\"23:00\",\"duration\":60,\"lessons\":[null,null,null,null,null,null,null,null,null,null,null,null,null,null]},{\"eduSectionCode\":\"D30B899CE11245C094CCA592A6313B6C\",\"sectionNumber\":16,\"sectionName\":\"第16节\",\"startTime\":\"23:00\",\"endTime\":\"24:00\",\"duration\":60,\"lessons\":[null,null,null,null,null,null,null,null,null,null,null,null,null,null]}],\"dates\":null,\"weekTimeName\":\"2017年 第1期\"}}', null, null);
INSERT INTO `example` VALUES ('EC68B67653224382A5BFAE57E537D2C9', 'FFEBA8FC0AF14FAA976ED002290E9D38', 'SUCCESS', '{}', null, null);
INSERT INTO `example` VALUES ('EE639B4999304A15BCEB0327178E8EC8', null, 'SUCCESS', '{\"requestId\":\"5bd49315-c3fc-4b86-9c2e-3ba6314aac77\",\"code\":\"Success\",\"message\":\"Success\",\"httpCode\":\"200\",\"result\":{\"list\":[{\"id\":1,\"pictureUrl\":\"http://haotibenapk.b0.upaiyun.com/pengyun_tv/chinese.png\",\"packYear\":598,\"stage\":\"1\",\"subject\":1,\"title\":\"作业辅导服务\",\"updateTime\":\"May 24, 2017 9:49:42 AM\",\"createTime\":\"May 24, 2017 9:49:42 AM\",\"monthly\":68,\"productId\":\"primary_school_chinese\",\"productName\":\"小学语文\"},{\"id\":2,\"pictureUrl\":\"http://haotibenapk.b0.upaiyun.com/pengyun_tv/math.png\",\"packYear\":598,\"stage\":\"1\",\"subject\":2,\"title\":\"作业辅导服务\",\"updateTime\":\"May 24, 2017 9:49:54 AM\",\"createTime\":\"May 24, 2017 9:49:54 AM\",\"monthly\":68,\"productId\":\"primary_school_math\",\"productName\":\"小学数学\"},{\"id\":3,\"pictureUrl\":\"http://haotibenapk.b0.upaiyun.com/pengyun_tv/english.png\",\"packYear\":598,\"stage\":\"1\",\"subject\":3,\"title\":\"作业辅导服务\",\"updateTime\":\"May 24, 2017 9:50:06 AM\",\"createTime\":\"May 24, 2017 9:50:06 AM\",\"monthly\":68,\"productId\":\"primary_school_english\",\"productName\":\"小学英语\"},{\"id\":4,\"pictureUrl\":\"http://haotibenapk.b0.upaiyun.com/pengyun_tv/all.png\",\"packYear\":998,\"stage\":\"1\",\"subject\":0,\"title\":\"作业辅导服务\",\"updateTime\":\"May 24, 2017 9:50:25 AM\",\"createTime\":\"May 24, 2017 9:50:25 AM\",\"monthly\":198,\"productId\":\"primary_school\",\"productName\":\"小学全科\"}],\"include\":{\"id\":1,\"classPractice\":\"随堂练习题，巩固所学知识点\",\"answeringService\":\"疑难问题，专属辅导老师人工解答\",\"updateTime\":\"Apr 18, 2017 4:56:31 PM\",\"createTime\":\"Apr 18, 2017 4:56:35 PM\",\"videoPractice\":\"根据评测后弱项知识点，进行针对性视频学习\"}}}频学习\"}}}', null, null);
INSERT INTO `example` VALUES ('EEF5814CE22E47FC9025E1E43C50167B', null, null, null, null, null);
INSERT INTO `example` VALUES ('F03C1479704A4B718A4DC3A37115942E', '0178AED6425749199DEE285FB9D6A844', 'SUCCESS', '{\"requestId\":\"d7bf68fd-c2ee-4ee1-a054-6fd1c1231f88\",\"code\":\"SUCCESS\",\"message\":\"响应成功\",\"httpCode\":\"200\"}', null, null);
INSERT INTO `example` VALUES ('F06BA6B4B09644A8A025AAA5D2102049', '107FF0F3DF4C4FFB9F61EABCD800D1D9', 'SUCCESS', '{\"requestId\":\"SDDL234LSDK\",\"code\":\"Service.Error\",\"message\":\"The request service process error.\",\"httpCode\":\"500\",\"result\":null}', null, null);
INSERT INTO `example` VALUES ('F14EB96729CB4177B0F816A31FFCD41E', '6AC4E4B66E33421084D849E1634E7F7A', 'SUCCESS', '[{\"subject\":\"1\",\"grade\":\"21\",\"ctb_code\":\"enMsrFmptKC6Y7PTK3zWH6CPWBJrSJzk\",\"book_type\":\"作业辅导人教版\"},{\"subject\":\"1\",\"grade\":\"21\",\"ctb_code\":\"dc7007af733943d8834af38555189c21\",\"book_type\":\"新课标人教版\"}]', null, null);
INSERT INTO `example` VALUES ('F1A21B331E0E449B91F3F0C41DDEEA01', '07FB9B1E44C74A66A544DF9E4B341E05', 'SUCCESS', '{}', null, null);
INSERT INTO `example` VALUES ('F2C5014BED3547428B5FF1F756997A0B', null, 'SUCCESS', '{}', null, null);
INSERT INTO `example` VALUES ('F3F1D60F66954E69A8EC605D9494C85C', '96CFEC0DAF93441A8ACFE2B292A4F2AE', 'SUCCESS', '{\n  \"responseCode\": true,\n  \"agencyOrganization\": {\n    \"agencyCode\": \"24774056099243D1A0F2DB9C4DFC4879\",\n    \"updateDate\": 1497332469000,\n    \"parentAgencyList\": \"24774056099243D1A0F2DB9C4DFC4879\",\n    \"agencyName\": \"陕西出版社\",\n    \"linkmanPhone\": \"13681004129\",\n    \"agencyJurisdiction\": \"4\",\n    \"statisticsJurisdiction\": \"1\",\n    \"parentAgencyCode\": null,\n    \"proportion\": \"100\",\n    \"agencySchoolList\": \";677878;345667\",\n    \"loginPassword\": \"LKSDFJLKDJFJDK43KLSJDFLSK\",\n    \"createDate\": 1497332469000,\n    \"agencyAreaList\": \"110000:110101;120000:120104;\",\n    \"agencyRank\": 0,\n    \"linkmanName\": \"何臣\"\n  }\n}', null, null);
INSERT INTO `example` VALUES ('F5C415B1EA1B4CF3B8D8A8AF1949705E', '3857C6B81BEA439D966F4D288CB31F72', 'SUCCESS', '{\"responseCode\":\"SUCCESS\",\"responseMesg\":\"响应成功\",\"appid\":\"wxfd22896c1e4be407\",\"partnerid\":\"1335354601\",\"prepayid\":\"wx20160721094513e174c7a2eb0091231394\",\"package\":\"Sign=WXPay\",\"noncestr\":\"9645CF9EEC334C8C9274965123690728\",\"timestamp\":\"1469065502\",\"sign\":\"9A042CCBB4BD483B44B0257F3DCE84F2\",\"outTradeNo\":\"20160715160357000001\"}', '2016-07-21 09:07:17', '1');
INSERT INTO `example` VALUES ('F7AFEEE98ED24ADDBB83004358431370', '4B92B82929024C5383F34D217CC85647', 'SUCCESS', '{\"parameterCheckCode\":\"SUCCESS\",\"parameterCheckMessage\":\"成功\",\"areas\":[{\"id\":null,\"areaName\":\"北京市\",\"level\":1,\"agencyId\":null,\"areaId\":110000,\"parentId\":0},{\"id\":null,\"areaName\":\"天津市\",\"level\":1,\"agencyId\":null,\"areaId\":120000,\"parentId\":0},{\"id\":null,\"areaName\":\"河北省\",\"level\":1,\"agencyId\":null,\"areaId\":130000,\"parentId\":0},{\"id\":null,\"areaName\":\"山西省\",\"level\":1,\"agencyId\":null,\"areaId\":140000,\"parentId\":0},{\"id\":null,\"areaName\":\"内蒙古自治区\",\"level\":1,\"agencyId\":null,\"areaId\":150000,\"parentId\":0},{\"id\":null,\"areaName\":\"辽宁省\",\"level\":1,\"agencyId\":null,\"areaId\":210000,\"parentId\":0},{\"id\":null,\"areaName\":\"吉林省\",\"level\":1,\"agencyId\":null,\"areaId\":220000,\"parentId\":0},{\"id\":null,\"areaName\":\"黑龙江省\",\"level\":1,\"agencyId\":null,\"areaId\":230000,\"parentId\":0},{\"id\":null,\"areaName\":\"上海市\",\"level\":1,\"agencyId\":null,\"areaId\":310000,\"parentId\":0},{\"id\":null,\"areaName\":\"江苏省\",\"level\":1,\"agencyId\":null,\"areaId\":320000,\"parentId\":0},{\"id\":null,\"areaName\":\"浙江省\",\"level\":1,\"agencyId\":null,\"areaId\":330000,\"parentId\":0},{\"id\":null,\"areaName\":\"安徽省\",\"level\":1,\"agencyId\":null,\"areaId\":340000,\"parentId\":0},{\"id\":null,\"areaName\":\"福建省\",\"level\":1,\"agencyId\":null,\"areaId\":350000,\"parentId\":0},{\"id\":null,\"areaName\":\"江西省\",\"level\":1,\"agencyId\":null,\"areaId\":360000,\"parentId\":0},{\"id\":null,\"areaName\":\"山东省\",\"level\":1,\"agencyId\":null,\"areaId\":370000,\"parentId\":0},{\"id\":null,\"areaName\":\"河南省\",\"level\":1,\"agencyId\":null,\"areaId\":410000,\"parentId\":0},{\"id\":null,\"areaName\":\"湖北省\",\"level\":1,\"agencyId\":null,\"areaId\":420000,\"parentId\":0},{\"id\":null,\"areaName\":\"湖南省\",\"level\":1,\"agencyId\":null,\"areaId\":430000,\"parentId\":0},{\"id\":null,\"areaName\":\"广东省\",\"level\":1,\"agencyId\":null,\"areaId\":440000,\"parentId\":0},{\"id\":null,\"areaName\":\"广西壮族自治区\",\"level\":1,\"agencyId\":null,\"areaId\":450000,\"parentId\":0},{\"id\":null,\"areaName\":\"海南省\",\"level\":1,\"agencyId\":null,\"areaId\":460000,\"parentId\":0},{\"id\":null,\"areaName\":\"重庆市\",\"level\":1,\"agencyId\":null,\"areaId\":500000,\"parentId\":0},{\"id\":null,\"areaName\":\"四川省\",\"level\":1,\"agencyId\":null,\"areaId\":510000,\"parentId\":0},{\"id\":null,\"areaName\":\"贵州省\",\"level\":1,\"agencyId\":null,\"areaId\":520000,\"parentId\":0},{\"id\":null,\"areaName\":\"云南省\",\"level\":1,\"agencyId\":null,\"areaId\":530000,\"parentId\":0},{\"id\":null,\"areaName\":\"西藏自治区\",\"level\":1,\"agencyId\":null,\"areaId\":540000,\"parentId\":0},{\"id\":null,\"areaName\":\"陕西省\",\"level\":1,\"agencyId\":null,\"areaId\":610000,\"parentId\":0},{\"id\":null,\"areaName\":\"甘肃省\",\"level\":1,\"agencyId\":null,\"areaId\":620000,\"parentId\":0},{\"id\":null,\"areaName\":\"青海省\",\"level\":1,\"agencyId\":null,\"areaId\":630000,\"parentId\":0},{\"id\":null,\"areaName\":\"宁夏回族自治区\",\"level\":1,\"agencyId\":null,\"areaId\":640000,\"parentId\":0},{\"id\":null,\"areaName\":\"新疆维吾尔自治区\",\"level\":1,\"agencyId\":null,\"areaId\":650000,\"parentId\":0},{\"id\":null,\"areaName\":\"台湾省\",\"level\":1,\"agencyId\":null,\"areaId\":710000,\"parentId\":0},{\"id\":null,\"areaName\":\"香港特别行政区\",\"level\":1,\"agencyId\":null,\"areaId\":810000,\"parentId\":0},{\"id\":null,\"areaName\":\"澳门特别行政区\",\"level\":1,\"agencyId\":null,\"areaId\":820000,\"parentId\":0}]}', null, null);
INSERT INTO `example` VALUES ('F83B34F219DD4744A1888DDB43D0A13A', '37A1E0B80D4B46A6A3F2B4560A6B6ECF', 'SUCCESS', '{\"requestId\":\"SDDL234LSDK\",\"code\":\"Success\",\"message\":\"Success\",\"httpCode\":\"200\",\"result\":{\"addInvigilateTeacher\":false}}', null, null);
INSERT INTO `example` VALUES ('FA17FF891CD74BDDA5BC6DCD920CE8D7', null, 'SUCCESS', '{\"regions\":[\"宣武\",\"朝阳\",\"丰台\",\"海淀\",\"东城\",\"昌平\",\"西城\",\"石景山\",\"崇文\"]}', '2015-11-09 15:27:04', '1');
INSERT INTO `example` VALUES ('FAF2D2C4EE164DF0A5ED3E9A18BBCF7D', null, 'SUCCESS', '{\n    \"responseCode\": true,\n    \"responseMessage\": \"SUCCESS\",\n    \"list\": [\n        {\n            \"user\": {\n                \"id\": 11,\n                \"userCode\": \"fc99e30e2e3b483380e610c618290044\",\n                \"userName\": \"test1\",\n                \"passWord\": \"dd4b21e9ef71e1291183a46b913ae6f2\",\n                \"userType\": 1,\n                \"belongCompany\": null,\n                \"delFlag\": 0,\n                \"updateTime\": 1493783452000,\n                \"createTime\": 1493783452000\n            },\n            \"company\": {\n                \"id\": 6,\n                \"company\": \"测试6号\",\n                \"delFlag\": 0,\n                \"updateTime\": 1493191413000,\n                \"createTime\": 1493191413000\n            }\n        }\n    ]\n}', null, null);
INSERT INTO `example` VALUES ('FB70E3F9DE8E4DEF8FC3126BFC49D04A', 'F55C32A22B8A4E9DA0E17B63CE320749', 'SUCCESS', '{\"requestId\":\"870b00cf-7337-4cc5-98e8-3d16473d6a9c\",\"code\":\"SUCCESS\",\"message\":\"响应成功\",\"result\":{\"reportId\":896,\"testCode\":\"55287EC4CDFB42EB9EE83DD2F2DC3B47\",\"subjectName\":\"化学\",\"subjectCode\":\"23434\",\"gradeName\":\"一年级\",\"gradeCode\":\"12334\",\"title\":\"北京市 2016年高一下学期期末-学情诊断\",\"totalScore\":100,\"useTime\":60,\"answers\":[{\"serialNumber\":1,\"isRight\":false,\"exercisesCode\":\"234534\",\"answer\":\"B\",\"userAnswer\":\"D\"},{\"serialNumber\":2,\"isRight\":true,\"exercisesCode\":\"234535\",\"answer\":\"B\",\"userAnswer\":\"B\"},{\"serialNumber\":3,\"isRight\":true,\"exercisesCode\":\"234536\",\"answer\":\"B\",\"userAnswer\":\"B\"}],\"graspMap\":null,\"errorFrequency\":[{\"knowledgeName\":\"有机化学基础\",\"knowledgeCode\":\"1233455452\",\"errorSize\":1},{\"knowledgeName\":\"常见非金属元素及其化合物\",\"knowledgeCode\":\"1233455452\",\"errorSize\":1},{\"knowledgeName\":\"物质的组成和性质\",\"knowledgeCode\":\"123345545\",\"errorSize\":1},{\"knowledgeName\":\"常见金属元素及其化合物\",\"knowledgeCode\":\"1233455452\",\"errorSize\":1}],\"graspRate\":{\"常见非金属元素及其化合物\":50,\"有机化学基础\":83,\"物质的组成和性质\":50,\"常见金属元素及其化合物\":50}},\"httpCode\":\"200\"}', '2016-08-03 13:08:35', '1');

-- ----------------------------
-- Table structure for interfac
-- ----------------------------
DROP TABLE IF EXISTS `interfac`;
CREATE TABLE `interfac` (
  `INTERFAC_ID` varchar(32) NOT NULL COMMENT '接口编号',
  `MODULE_ID` varchar(32) DEFAULT NULL COMMENT '模块_编号',
  `INTERFAC_NAME` varchar(32) DEFAULT NULL COMMENT '接口名称',
  `INTERFAC_CODE` varchar(128) DEFAULT NULL COMMENT '接口代码',
  `INTERFAC_INTRO` varchar(256) DEFAULT NULL COMMENT '接口简介',
  `URL` varchar(256) DEFAULT NULL COMMENT '接口链接',
  `RETURN_DATA_TYPE` varchar(16) DEFAULT NULL COMMENT '返回数据类型',
  `REQUEST_TYPE` varchar(16) DEFAULT NULL COMMENT '请求方式',
  `STYLE` varchar(16) DEFAULT NULL COMMENT '风格',
  `CREAT_DATE` datetime DEFAULT NULL COMMENT '创建时间',
  `WEIGHT` int(11) DEFAULT NULL COMMENT '权重',
  `PARAMETER_FORMAT` varchar(16) DEFAULT NULL COMMENT '参数格式',
  `JSON_PARAMETERS` text COMMENT 'JSON格式的参数',
  PRIMARY KEY (`INTERFAC_ID`),
  KEY `FK_INTERFACE_MODULE` (`MODULE_ID`),
  CONSTRAINT `FK_INTERFACE_MODULE` FOREIGN KEY (`MODULE_ID`) REFERENCES `module` (`MODULE_ID`) ON DELETE CASCADE ON UPDATE CASCADE
) ENGINE=InnoDB DEFAULT CHARSET=utf8 COMMENT='接口_接口';

-- ----------------------------
-- Records of interfac
-- ----------------------------
INSERT INTO `interfac` VALUES ('0178AED6425749199DEE285FB9D6A844', '11AF79E5149645D7AC554E2614683E04', '购买VIP后修改用户诊断报告状态', 'undefined', 'undefined', 'http://211.157.179.218:8280/hxs_tutorship/report/updateReportState', 'JSON', 'POST', 'GENERAL', null, '6', 'JSON', '{\"userCode\":\"c8be870fe0a64270b2ad7ae5bf7ad40a\",\"reportId\":\"905\"}');
INSERT INTO `interfac` VALUES ('02762319B9244002853367CC2772A223', '5AF98192119F4DECA09E2C8525A73FA7', '注册', 'undefined', 'undefined', 'http://www.docin.com/p-890884029.html', 'JSON', 'POST', 'REST', null, '3', 'JSON', null);
INSERT INTO `interfac` VALUES ('0286EAE7EF6048F18BE82E5259E3E467', 'DCF4F8B3DA7F4308B33C43A12C6454C8', '单元检测报告是否支付', 'undefined', 'undefined', 'http://127.0.0.1/wisdom-companion/action/wexinPay/isPay', 'JSON', 'POST', 'GENERAL', null, '2', 'JSON', '{\"userCode\":\"123\",\"sectionCode\":\"123\"}');
INSERT INTO `interfac` VALUES ('07FB9B1E44C74A66A544DF9E4B341E05', '2E6B5DADE16346C285E89DF752D2A662', '重置密码时发送验证码', 'undefined', 'undefined', 'http://127.0.0.1/wisdom-companion/action/wexinController/restPasswordSms', 'JSON', 'POST', 'GENERAL', null, '4', 'JSON', '{\"mobile\":\"13681004143\"}');
INSERT INTO `interfac` VALUES ('09D6592DF9DC43D096736A23F5EBDAD3', '11AF79E5149645D7AC554E2614683E04', '支付宝支付获取订单信息', 'undefined', 'undefined', 'http://192.168.1.124:8181/hxs_tutorship/zhifubao/getZhifubaoOrderInfo', 'JSON', 'POST', 'GENERAL', null, '3', 'JSON', '{\"userUniqueId\":\"4739482039820394209383409\",\"testCode\":\"55287EC4CDFB42EB9EE83DD2F2DC3B44\",\"type\":\"GAO_ZHONG\"}');
INSERT INTO `interfac` VALUES ('0BDB1BD77A3D42839652AE8A15AC3FFD', '262CF99A85E24CFCA0176980F97FCF9C', '获取学生作业答题详情', 'undefined', 'undefined', 'http://192.168.1.213:8080/keepMark-teacher-business/partTeacher/getStudentWork?requestId=SDDL234LSDK', 'JSON', 'POST', 'GENERAL', null, '2', 'JSON', '{\"crouseCode\":\"JSLDF2LK334LK2L\",\"studentCode\":\"FJ2J4K654L7K\"}');
INSERT INTO `interfac` VALUES ('0D3DC6671B054FA497BCA7C2DBA30D9A', '56BA2AA2F2104A388671CC8B79BB261A', '注册', 'undefined', 'undefined', 'http://www.docin.com/p-890884029.html', 'JSON', 'POST', 'GENERAL', null, '1', 'GENERAL', null);
INSERT INTO `interfac` VALUES ('0E116EA0B411429BA811AAC236CE88C4', 'D6F9BA8A7DE045A99A97A20B2DCCD81D', '查看大班课是否发布', 'undefined', 'undefined', 'http://192.168.1.213:8080/keepMark-teacher-business/teaching/course/bigClassScheduleIsIssue?requestId=WEUOW343KL34L26NBSK3', 'JSON', 'POST', 'GENERAL', null, '12', 'JSON', '{   \"weekTimeCode\":\"1E68781D9DF84C2E9F98E663FB18AF46\",\"bigClassCode\":\"6a02d783bb2b4cae996184a15f24cd8b\"}');
INSERT INTO `interfac` VALUES ('0E1AAD989CA3432CB12F81887E7E7CAB', 'F25E5F1067314F79820714922077EB9B', '支付宝统一下单', 'undefined', 'undefined', 'http://127.0.0.1:8081/uutool/pay/weixin/unifiedorder', 'JSON', 'POST', 'GENERAL', null, '0', 'JSON', '{ \"outTradeNo\":\"dsfsdfds\",   \"body\":\"dfsdf\",\"totalFee\":\"1\",\"openId\":\"fsdfsd\",\"password\":\"dfsdfds\",\"spbillCreateIp\":\"127.0.0.1\"}');
INSERT INTO `interfac` VALUES ('0F89F5A7C7B74477A5453417224CE199', '2E6B5DADE16346C285E89DF752D2A662', '获取手机验证码', 'undefined', 'undefined', 'http://192.168.1.213/wisdom-companion/wisdom-companion/user/verifyCode?requestId=123456', 'JSON', 'POST', 'GENERAL', null, '2', 'JSON', '{       \"mobile\": \"13681004142\" ,         \"type\": \"register\"   }');
INSERT INTO `interfac` VALUES ('107FF0F3DF4C4FFB9F61EABCD800D1D9', '12C86AA627FD422688EB7568000CE1D5', '分班后list', 'undefined', 'undefined', 'http://192.168.1.213:8080/keepMark-teacher-business/teaching/placement/list?requestId=SDDL234LSDK', 'JSON', 'POST', 'GENERAL', null, '1', 'JSON', '{\"schoolCenterCode\":\"SLDFL2J3L2L\"}');
INSERT INTO `interfac` VALUES ('10FA60732D0E47C0972013B5D404DF62', 'DCF4F8B3DA7F4308B33C43A12C6454C8', '微信支付统一下单', 'undefined', 'undefined', '  http://192.168.1.213/wisdom-companion/action/wexinPay/unifyOrder', 'JSON', 'POST', 'GENERAL', null, '1', 'JSON', '{ \"openid\":\"oPn4l1UleT_n8vgER_KAHB-0p4VY\",\"sectionCode\":\"qwer\",\"userCode\":\"234345\",\"spbillCreateIp\":\"127.0.0.1\",\"body\":\"测试\"}');
INSERT INTO `interfac` VALUES ('13F9A466F14C42EF90D4BAC488B75D40', 'A6DD4D0399004830BB902DD55EBAC215', '支付宝支付获取订单信息（VIP包）', 'undefined', 'undefined', 'http://192.168.1.124:8181/hxs_tutorship/zhifubao/getZhifubaoOrderInfo4vip', 'JSON', 'POST', 'GENERAL', null, '1', 'JSON', '{\"userUniqueId\":\"4739482039820394209383409\",\"vipProductCode\":\"55287EC4CD\",\"type\":\"GAO_ZHONG\",\"body\":\"好学生VIP-2个月\",\"totalFee\":22.01}');
INSERT INTO `interfac` VALUES ('147FC35D42DC4B149F4AF5D639A698D9', 'D89E8C10EB4543D0B4C4D607C2BBFB62', '自定义短信发送', 'undefined', 'undefined', 'http://127.0.0.1:8080/uutool/sms/sendCustomMessage?', 'JSON', 'POST', 'GENERAL', null, '4', 'JSON', '{  \"requestId\":\"sdfsds2343546546ffsdfw\",  \"openId\":\"d4ae37ce-24a8-4763-82b5-51b261a416c8\",  \"password\":\"e10adc3949ba59abbe56e057f20f883e\",  \"phone\":\"13281004142\",  \"sendType\":\"xxoo\",  \"keys\":[{\"key1\":\"he chen\"},{\"key2\":\"938427329384\"}]}');
INSERT INTO `interfac` VALUES ('16A3E536E68840FF90BDAACE55CDAF4E', '262CF99A85E24CFCA0176980F97FCF9C', '获取老师 的学生的 作业列表', 'undefined', 'undefined', 'http://192.168.1.213:8080/keepMark-teacher-business/partTeacher/teacher/getStudentWorkes?requestId=SDDL234LSDK', 'JSON', 'POST', 'GENERAL', null, '1', 'JSON', '{\"teacherCode\":\"LSDFJLDFJSSKF\",\"subjectCode\":\"JLSD24LK\",\"pageNumber\":1,\"pageSize\":10}');
INSERT INTO `interfac` VALUES ('1D8345881C864FB8896BF2CE2506A649', '064CEDB84BA64064ACBA69FC95FAC89D', '更新学生类型', 'undefined', 'undefined', 'http://192.168.1.213:8080/keepMark-teacher-business/teaching/update/studentType?requestId=1234567', 'JSON', 'POST', 'GENERAL', null, '0', 'JSON', '{\"studentCode\":\"OWEIUROIOWEWOERIEIRLKSDJF\",\"studentType\":\"1\"}');
INSERT INTO `interfac` VALUES ('24734471A2D34E9E8452902E6AE47BD3', '30DD5EA633D24DB8B3F91E7DD10FFA69', '获取代理机构 代理的书籍', 'goodsController/getAgencyGoodses', null, 'http://pengyuntest.e-eduspace.com/synchrotutorship-publishers-distributor/goodsController/getAgencyGoodses', 'JSON', 'POST', 'GENERAL', '2017-09-26 19:05:23', '1', 'JSON', '{\"agencyRank\":\"SS\",\"agencyCode\":\"73223BD164674D23B37494C2F7206F4C\"}');
INSERT INTO `interfac` VALUES ('255407A4A0C848DDA10FEF6EC2C0E529', 'B708C19C6B2548C1B6DA47970E17B1B0', '新增书籍学生接口', 'undefined', 'undefined', 'http://127.0.0.1:8080/synchroTutorship-publishers-distributor/userController/addNewrUser', 'JSON', 'POST', 'GENERAL', null, '2', 'JSON', '{\"userName\":\"小明\",\"subject\":\"数学\",\"grade\":\"二年级\",\"textBook\":\"人教版\",\"province\":\"河南省\",\"city\":\"鹤壁市\",\"area\":\"淇滨区\",\"school\":\"淇滨小学\",\"addTime\":\"1497084649293\"}');
INSERT INTO `interfac` VALUES ('27482538BA2B4D2C90F7336510505A20', 'E77899B08FD7484CA1880485943F991B', '推送消息', 'undefined', 'undefined', 'http://127.0.0.1:8080/uutool/jpush/push?', 'JSON', 'POST', 'GENERAL', null, '3', 'GENERAL', null);
INSERT INTO `interfac` VALUES ('27D22A1FF7144ACBB31F567873F2E40B', '262CF99A85E24CFCA0176980F97FCF9C', '兼职老师根据中心,班级,阶段,获取我的学生列表', 'undefined', 'undefined', 'http://192.168.1.213:8080/keepMark-teacher-business/partTeacher/getMyStudentList?requestId=SDDL234LSDK', 'JSON', 'POST', 'GENERAL', null, '0', 'JSON', '{\"teacherCode\":\"SDLKSJDLKFJIE\"}');
INSERT INTO `interfac` VALUES ('27EBAD8816DC4F04B57A199264704C6B', '71783759ED0549F0912D5DDB04C075D0', '获取配置完成的排课规则', 'ruleController4Arrangclass/getDeployScheduleRules', null, 'http://192.168.1.213:8080/pike_web/ruleController4Arrangclass/getDeployScheduleRules', 'JSON', 'POST', 'GENERAL', '2017-09-25 10:30:56', '1', 'JSON', '{\"scheduleId\":\"1\"}');
INSERT INTO `interfac` VALUES ('2C160C74A1E147989D92BB250A7FA932', 'B708C19C6B2548C1B6DA47970E17B1B0', '添加注册学生', 'undefined', 'undefined', ' http://127.0.0.1:8080/synchroTutorship-publishers-distributor/userController/addRegisterUser', 'JSON', 'POST', 'GENERAL', null, '1', 'JSON', '{\"userName\":\"小明\",\"subject\":\"数学\",\"grade\":\"二年级\",\"textBook\":\"人教版\",\"province\":\"河南省\",\"city\":\"鹤壁市\",\"area\":\"淇滨区\",\"school\":\"淇滨小学\",\"registerTime\":\"1497084649293\"}');
INSERT INTO `interfac` VALUES ('2E26BEA7A28B4D1CBEA12A4F8BEE0B19', '5CB99CD14AA14A6A8A2B566C2E189C7D', '获取代理机构 代理的学校', 'undefined', 'undefined', 'http://127.0.0.1:8080/synchrotutorship-publishers-distributor/agencySchoolController/getAgencySchools', 'JSON', 'POST', 'GENERAL', null, '4', 'JSON', '{\"agencyCode\":\"73223BD164674D23B37494C2F7206F4C\",\"agencyRank\":3,\"areaId\":110101}');
INSERT INTO `interfac` VALUES ('2F9A0B80D4F541A5A1191879227645A9', '71783759ED0549F0912D5DDB04C075D0', '配置排课任务规则', 'ruleController4Arrangclass/deployScheduleRule', null, 'http://192.168.1.213:8080/pike_web/ruleController4Arrangclass/deployScheduleRule', 'JSON', 'POST', 'GENERAL', '2017-09-25 10:30:56', '1', 'JSON', '{\"scheduleId\":\"1\",\"ruleIds\":[{\"ruleId\":\"1\"}]}');
INSERT INTO `interfac` VALUES ('34045A916D834BEAA4244C6B9F949A08', 'D6F9BA8A7DE045A99A97A20B2DCCD81D', '删除课时（一对一调课）', 'undefined', 'undefined', 'http://192.168.1.213:8080/keepMark-teacher-business/teaching/course/delectLession?requestId=WEUOW343KL34L26NBSK3', 'JSON', 'POST', 'GENERAL', null, '6', 'JSON', '{    \"weekTimeCode\":\"30A56BA2E71E4BE2BD5DD59BA044C1D6\",    \"teacherCode\":\"AEDBB67C70B24165817BAEA2B4EBF0D0\",    \"studentCode\":\"AEDBB67C70B24165817BAEA2B4EBF0D0\",    \"eduDayCode\":\"8C14F9CAC70F4FEFA91BE2B0DF999092\",    \"eduSectionCode\":\"0A1D74DB030543A28D78475A012FF6DC\"}');
INSERT INTO `interfac` VALUES ('34C1FCBA8F0C4C81BF198B25BAFEEF38', 'B708C19C6B2548C1B6DA47970E17B1B0', '交易回调接口：订单回调', 'undefined', 'undefined', 'http://192.168.1.170:8070/synchroTutorship-publishers-distributor/order/saveOrderRecord', 'JSON', 'POST', 'GENERAL', null, '6', 'JSON', '{    \"orderSn\":\"ORDER2017061315183000008\",    \"orderName\":\"一年级数学（上册）vip服务（一个月）\",    \"bookVersionCode\":\"yuwencode\",    \"bookVersionName\":\"一年级数学（上册）\",    \"provinceCode\":\"1\",    \"provinceName\":\"北京\",    \"cityCode\":\"1\",    \"cityName\":\"北京市\",    \"countyCode\":\"1\",    \"countyName\":\"西城区\",    \"payTime\":\"2017-06-15 15:15:15\",    \"affiliatedSchoolCode\":\"00001\",    \"affiliatedSchool\":\"XXXX第一实验小学\",    \"affiliatedClass\":\"一年级（3班）\",    \"affiliatedTeacher\":\"AAA\",    \"orderPrice\":\"120\",    \"payChannel\":\"公众号\",    \"payUserMobile\":\"15155551111\",    \"payUserAccount\":\"15155551111\",    \"payType\":\"weixin\",    \"subjectCode\":\"1\",    \"gradeCode\":\"11\",    \"buyType\":\"1\"}');
INSERT INTO `interfac` VALUES ('3566DC3E4B2741188DE2DEADAA60C3A1', 'B708C19C6B2548C1B6DA47970E17B1B0', '禁用启用出版社接口', 'undefined', 'undefined', 'http://127.0.0.1:8080/synchrotutorship-publishers-distributor/agencyOrganizationController/disableAgency', 'JSON', 'POST', 'GENERAL', null, '7', 'JSON', '{\"agencyCode\":\"02DE5296B27246B099B76EF0FBA17D72\",\"disableFlag\":1}');
INSERT INTO `interfac` VALUES ('372308C89B5045FEBACBA0BB49FFF320', 'CFD07FD626CB413A8FA0F50D0E5F7723', '获取VIP包列表', 'undefined', 'undefined', 'http://192.168.1.69:8081/hxs-challenge-service/challenge/vip_pack/vip_pack_list', 'JSON', 'POST', 'GENERAL', null, '0', 'GENERAL', null);
INSERT INTO `interfac` VALUES ('37A1E0B80D4B46A6A3F2B4560A6B6ECF', '3B4387E43C5945DEB2158C26F833EC08', '新增监考老师', 'undefined', 'undefined', 'http://192.168.1.213:8080/keepMark-teacher-business/teaching/add/invigilateTeacher?requestId=SDDL234LSDK', 'JSON', 'POST', 'GENERAL', null, '0', 'JSON', '{\"teacherCodes\":[ \"JLS7S9FS90SFFS0\",\"JLS7S9FS90SFFS1\",\"JLS7S9FS90SFFS2\"]}');
INSERT INTO `interfac` VALUES ('3857C6B81BEA439D966F4D288CB31F72', '11AF79E5149645D7AC554E2614683E04', '微信支付统一下单', 'undefined', 'undefined', 'http://192.168.1.124:8181/hxs_tutorship/weixin/unifyOrder', 'JSON', 'POST', 'GENERAL', null, '1', 'JSON', '{\"userUniqueId\":\"4739482039820394209383409\",\"testCode\":\"55287EC4CDFB42EB9EE83DD2F2DC3B44\",\"type\":\"GAO_ZHONG\",\"spbillCreateIp\":\"127.0.0.1\"}');
INSERT INTO `interfac` VALUES ('387A33CA1DF744D4AA3CC47A78E3CDB3', 'D6F9BA8A7DE045A99A97A20B2DCCD81D', '获取小班课上课老师', 'undefined', 'undefined', 'http://192.168.1.213:8080/keepMark-teacher-business/teaching/course/findTeacherByFreeTimeAndCourseCode?requestId=WEUOW343KL34L26NBSK3', 'JSON', 'POST', 'GENERAL', null, '7', 'JSON', '{\"weekTimeCode\":\"30A56BA2E71E4BE2BD5DD59BA044C1D6\",\"dayCode\":\"8C14F9CAC70F4FEFA91BE2B0DF999092\",\"sectionCode\":\"05F6AFE0F9C34D159F61285A3B5EB6FF\",\"courseCode\":\"1\"}');
INSERT INTO `interfac` VALUES ('3989DFE57B364A1D88A1598833D707EA', '4DF688240F824687864C116AB750F44C', '订单详情', 'undefined', 'undefined', 'http://192.168.1.170:8070/synchroTutorship-publishers-distributor/order/detailOrderRecord', 'JSON', 'POST', 'GENERAL', null, '2', 'JSON', '{\"uuid\":\"4A72781F7E6A4A30A032058E6B03E263\"}');
INSERT INTO `interfac` VALUES ('39D6210B12DA4D80B709DDC0B3746D9E', '71783759ED0549F0912D5DDB04C075D0', '获取排课规则参考热力图', 'ruleController4Arrangclass/getRuleThermodynamic', null, 'http://192.168.1.213:8080/pike_web/ruleController4Arrangclass/getRuleThermodynamic', 'JSON', 'POST', 'GENERAL', '2017-09-25 10:30:56', '1', 'JSON', '{\"scheduleId\":\"1\"}');
INSERT INTO `interfac` VALUES ('3B39B981F876478CAD588DDBFBAB3D9E', 'B708C19C6B2548C1B6DA47970E17B1B0', '教师注册接口', 'undefined', 'undefined', 'http://127.0.0.1:8080/synchroTutorship-publishers-distributor/userController/addRegisterTeacher', 'JSON', 'POST', 'GENERAL', null, '4', 'JSON', '{\"userName\":\"小明\",\"subject\":\"数学\",\"grade\":\"二年级\",\"textBook\":\"人教版\",\"province\":\"河南省\",\"city\":\"鹤壁市\",\"area\":\"淇滨区\",\"school\":\"淇滨小学\",\"registerTime\":\"1497084649293\"}');
INSERT INTO `interfac` VALUES ('3C178B9F469E4D4B9F1F3612A14160DD', 'D6F9BA8A7DE045A99A97A20B2DCCD81D', '给课程表添加课时', 'undefined', 'undefined', 'http://192.168.1.213:8080/keepMark-teacher-business/teaching/course/addLesson?requestId=WEUOW343KL34L26NBSK3', 'JSON', 'POST', 'GENERAL', null, '3', 'JSON', '{    \"eduScheduleCode\":\"5BB1A6EBC59145298EE892D14BC7A897\",    \"eduDayCode\":\"8C14F9CAC70F4FEFA91BE2B0DF999092\",    \"eduSectionCode\":\"0A1D74DB030543A28D78475A012FF6DC\",    \"subjectCode\":\"FDG45\",    \"subjectName\":\"语文\",    \"curriculumCode\":\"3505088EAE604A29954E16EC3C0A5632\",    \"mainTeacherCode\":\"3505088EAE604A29954E16EC3C0A5632\",    \"lessonType\":\"1\",    \"courseType\":\"1\",    \"ownerCode\":\"SFJLSFJSKDFSLKLSDK\",     \"ownerName\":\"张三\"}');
INSERT INTO `interfac` VALUES ('3ECC14E4F82548EDB0FA24CE95673C02', 'F20871626021456C99FC30AE5939DD6F', '获取排课任务列表', 'pikeClassScheduleController4Arrangclass/getPikeClassSchedules', null, 'http://192.168.1.213:8080/pike_web/pikeClassScheduleController4Arrangclass/getPikeClassSchedules', 'JSON', 'POST', 'GENERAL', '2017-09-25 10:30:55', '1', 'JSON', '{\"pageSize\":\"1\",\"pageNum\":\"1\",\"schoolId\":\"1\"}');
INSERT INTO `interfac` VALUES ('3F6D7DC39B034AE494581E78F46A26E7', '064CEDB84BA64064ACBA69FC95FAC89D', '确认学生已缴费', 'undefined', 'undefined', 'http://192.168.1.213:8080/keepMark-teacher-business/teaching/payAgree?requestId=SDFDW3F343JLKL3L5LN43J434', 'JSON', 'POST', 'GENERAL', null, '5', 'JSON', '{\"studentCode\":\"OWEIUROIOWEWOERIEIRLKSDJF\"}');
INSERT INTO `interfac` VALUES ('405956C5213043B09F8DD558E57DB2CF', '667A1283506847768AD1A29D255B4141', '用户登出', 'undefined', 'undefined', 'http://192.168.1.12:8020/challenge/user/logout?requestId=1234', 'JSON', 'POST', 'GENERAL', null, '2', 'JSON', '{       \"televisionCode\": \"televisionCode\" ,         \"userCode\": \"userCode\"     }');
INSERT INTO `interfac` VALUES ('4304042CC433435F90755911928453D8', '2E6B5DADE16346C285E89DF752D2A662', '用户注册', 'undefined', 'undefined', 'http://127.0.0.1/wisdom-companion/action/wexinController/register', 'JSON', 'POST', 'GENERAL', null, '0', 'JSON', '{   \"openId\":\"oLTqh0ZhUoBsy7Vg3ecerJ8QLOsk\"   , \"mobile\": \"13681004142\" ,         \"password\": \"670B14728AD9902AECBA32E22FA4F6BD\"     }');
INSERT INTO `interfac` VALUES ('47E436D44ABC4B3E8E0E4A4667C72031', '8DB892BCFAB2484D8C4CBE0BE1747C87', '创建排课任务', 'pikeClassScheduleController4Arrangclass/createPikeClassSchedule', null, 'http://123.56.96.26:8585/pikeClassScheduleController4Arrangclass/createPikeClassSchedule', 'JSON', 'POST', 'GENERAL', '2017-09-26 18:58:50', '1', 'JSON', '{\"scheduleName\":\"2018秋季学期 - 高一上\",\"schoolName\":\"北京市第一中学\",\"schoolId\":\"1\"}');
INSERT INTO `interfac` VALUES ('4909C22D635342CEA8E93E4345B84840', 'BB0BCC7D1B714A3E9EE893E6436634A8', '发送手机验证码', 'undefined', 'undefined', 'http://192.168.1.170:8070/synchroTutorship-publishers-distributor/agency/sendCode', 'JSON', 'POST', 'GENERAL', null, '3', 'JSON', '{\"mobile\":\"13681004129\"}');
INSERT INTO `interfac` VALUES ('4B92B82929024C5383F34D217CC85647', '5CB99CD14AA14A6A8A2B566C2E189C7D', '获取区域信息', 'undefined', 'undefined', 'http://127.0.0.1:8080/synchrotutorship-publishers-distributor/areaController/getArea', 'JSON', 'POST', 'GENERAL', null, '0', 'JSON', '{ \"agencyCode\":\"73223BD164674D23B37494C2F7206F4C\",\"agencyRank\":3,\"areaId\":120104}');
INSERT INTO `interfac` VALUES ('526E20A146F149D8AFE1C0DA8C5CA023', '78411767936247BC86C8F8FBB1A004AD', '中心添加教学周期', 'undefined', 'undefined', 'http://192.168.1.213:8080/keepMark-teacher-business/teaching/course/addWeekTime?requestId=WEUOW343KL34L26NBSK3', 'JSON', 'POST', 'GENERAL', null, '1', 'JSON', '{\"centerCode\":\"AAAAA\",\"weekStartTime\":\"2017-01-16\",\"weekEndTimeStr\":\"2017-01-29\"}');
INSERT INTO `interfac` VALUES ('54852B51EF2A4D29A26D91A892F34D3D', '4ED6A4A934EA432DB5D0F4F4A04BBE1F', '收藏练习题', 'undefined', 'undefined', 'http://192.168.1.124:8181/hxs_tutorship/collectTestController/collectTest', 'JSON', 'POST', 'GENERAL', null, '0', 'JSON', '{    \"testCode\":\"47923742983\",    \"userUniqueId\":\"4739482039820394209383409\",    \"testTitile\":\"将联手对抗是垃圾地方就是懒得看飞机螺丝钉看法就老师的课\",    \"userAnswer\":\"A\",    \"subjectName\":\"语文\",    \"subjectCode\":\"39484\",    \"gradeName\":\"一年级\",    \"gradeCode\":\"354566\",    \"source\":\"同步辅导\"}');
INSERT INTO `interfac` VALUES ('54A1EF9FFDBF49ECB6806D8175C7AC69', '2E6B5DADE16346C285E89DF752D2A662', '用户登录', 'undefined', 'undefined', 'http://127.0.0.1/wisdom-companion/action/wexinController/login', 'JSON', 'POST', 'GENERAL', null, '1', 'JSON', '{\"openId\": \"oLTqh0ZhUoBsy7Vg3ecerJ8QLOsk\" , \"mobile\": \"13681004142\",   \"password\": \"670B14728AD9902AECBA32E22FA4F6BD\" }');
INSERT INTO `interfac` VALUES ('54D583FCAF4B4D71B289A9140B31FE41', '5CB99CD14AA14A6A8A2B566C2E189C7D', '修改代理机构', 'undefined', 'undefined', 'http://127.0.0.1:8080/synchrotutorship-publishers-distributor/agencyOrganizationController/updateAgencyOrganization', 'JSON', 'POST', 'GENERAL', null, '6', 'JSON', '{    \"agencyCode\":\"3DA5E861249C4EF8BD14446C6DF1CD78\",     \"agencyName\":\"人民出版社代理商\",    \"linkmanName\":\"hechen\",    \"linkmanPhone\":\"13681004144\",    \"agencyJurisdiction\":\"3\",    \"parentAgencyCode\":\"73223BD164674D23B37494C2F7206F4C\",    \"statisticsJurisdiction\":\"1\",    \"proportion\":\"90\",    \"agencyRank\":1,    \"agencyAreaIds\":[        \"110000:110101\",        \"120000:120104\"    ],    \"agencyGoods\":[        {            \"goodsCode\":\"33445\",            \"goodsName\":\"一年级语文同步辅导\"        },        {            \"goodsCode\":\"56677\",            \"goodsName\":\"二年级语文同步辅导\"        }    ],    \"agencyschools\":[        {            \"schoolCode\":\"677878\",            \"schoolName\":\"北京第一小学\",            \"areaId\":110101        },        {            \"schoolCode\":\"345667\",            \"schoolName\":\"北京第二小学\",            \"areaId\":110101        }    ]}');
INSERT INTO `interfac` VALUES ('5972EA20C7EF4274BB3AB177A649B90F', 'A19CAABA11124625B1BF6F71BCEC3E20', '获取好友列表', 'undefined', 'undefined', 'http://192.168.1.12:8020/challenge/user/friend/list?requestId=1234', 'JSON', 'POST', 'GENERAL', null, '2', 'JSON', '{\"myUserCode\":\"test\"}');
INSERT INTO `interfac` VALUES ('5B94C75BC03B44CC86A1DE0A5FE99175', '12C86AA627FD422688EB7568000CE1D5', '给学生们分班', 'undefined', 'undefined', 'http://192.168.1.213:8080/keepMark-teacher-business/teaching/placement?requestId=SDDL234LSDK', 'JSON', 'POST', 'GENERAL', null, '0', 'JSON', '{   \"schoolCenterCode\":\"SLJL3J23KJ3245LLKDS\",\"schoolClassCode\":\"EWL23LEWT323L2K1\",\"userCodeList\":[\"JSLDFJLJSLDFK\",\"SDJFLSTEEWL\"]}');
INSERT INTO `interfac` VALUES ('62FDFBD4799745039C8BB8D3E34F0B55', '3FC022F112194E55B0DBEC7BD69E6421', '用户注册', 'undefined', 'undefined', 'http://192.168.1.124:8181/hxs_tutorship/zhifubao/getZhifubaoOrderInfo4vip', 'JSON', 'POST', 'GENERAL', null, '0', 'JSON', '{}');
INSERT INTO `interfac` VALUES ('63329962813B478B9DCE909F3569EF34', 'D6F9BA8A7DE045A99A97A20B2DCCD81D', '创建小班课程表', 'undefined', 'undefined', 'http://192.168.1.213:8080/keepMark-teacher-business/teaching/course/createSmallClassSchedule?requestId=WEUOW343KL34L26NBSK3/', 'JSON', 'POST', 'GENERAL', null, '1', 'JSON', '{\"smallClass\":\"F84251DB25484B0B82084CD637D2B43E\",\"weekTimeCode\":\"30A56BA2E71E4BE2BD5DD59BA044C1D6\",\"bigClassCode\":\"00D20E260AA74DEA822F4BD3F3171C13\"}');
INSERT INTO `interfac` VALUES ('6549023E7887420EB14736CD95E76DD3', 'E77899B08FD7484CA1880485943F991B', '推送日志主要数据', 'undefined', 'undefined', 'http://127.0.0.1:8080/uutool/jpush/getJpushLogIndex?', 'JSON', 'POST', 'GENERAL', null, '2', 'GENERAL', null);
INSERT INTO `interfac` VALUES ('671D85F66A4A4665A1274FF94C07AFA1', '064CEDB84BA64064ACBA69FC95FAC89D', '确认学生同意分班 ', 'undefined', 'undefined', 'http://192.168.1.213:8080/keepMark-teacher-business/teaching/placement/agree?requestId=SDFDW3F343JLKL3L5LN43J434', 'JSON', 'POST', 'GENERAL', null, '3', 'JSON', '{\"studentCode\":\"OWEIUROIOWEWOERIEIRLKSDJF\"}');
INSERT INTO `interfac` VALUES ('6725D744DB1847B5BC341F5BBE6969B8', '700875D5AAED4DC6ADEF0F1E2BC897B5', '第1个接口', 'fist', '第1个接口', 'http://192.169.1.0', 'JSON', 'POST', 'GENERAL', null, '1', 'GENERAL', null);
INSERT INTO `interfac` VALUES ('673C016DD721465BBA135FACF0D6309D', '9DBAE98B5A5446C2B893A712A6447ABA', '获取老师课表', 'scheduleOwner4Arrangclass/getTeacherSchedule', null, 'http://192.168.1.213:8080/pike_web/scheduleOwner4Arrangclass/getTeacherSchedule', 'JSON', 'POST', 'GENERAL', '2017-09-25 10:30:56', '1', 'JSON', '{\"scheduleId\":\"1\",\"teacherId\":\"3\"}');
INSERT INTO `interfac` VALUES ('6808796B1BEC4E7BB8CC2189FBBA73EF', '78411767936247BC86C8F8FBB1A004AD', '中心删除教学周期', 'undefined', 'undefined', ' http://192.168.1.213:8080/keepMark-teacher-business/teaching/course/deleteWeekTime?requestId=WEUOW343KL34L26NBSK3', 'JSON', 'POST', 'GENERAL', null, '3', 'JSON', '{\"eduWeekTimeCode\":\"F8DCF141208B4084912DB8DBBC72E460\"}');
INSERT INTO `interfac` VALUES ('6991FB4C864844EBBCF99B92E9B9F2FA', '11AF79E5149645D7AC554E2614683E04', '支付宝支付   订单查询 ', 'undefined', 'undefined', 'http://192.168.1.124:8181/hxs_tutorship/zhifubao/orderquery', 'JSON', 'POST', 'GENERAL', null, '4', 'JSON', '{\"outTradeNo\":\"20160809153431000001\"}');
INSERT INTO `interfac` VALUES ('6AC4E4B66E33421084D849E1634E7F7A', 'E4DCE9626F754EAB9B124B9C137923BF', '通过学年和学科过滤教材', 'undefined', 'undefined', 'http://192.168.1.91:8080/studying-filter/study/getbookTypeByGradeAndSubject', 'JSON', 'POST', 'GENERAL', null, '4', 'JSON', '{\"gradecode\":\"21\",\"subjectcode\":\"1\"}');
INSERT INTO `interfac` VALUES ('6DAFABFAF3E34B4288D4BF3DCA2DCCE1', 'F20871626021456C99FC30AE5939DD6F', '创建排课任务', 'pikeClassScheduleController4Arrangclass/createPikeClassSchedule', null, 'http://192.168.1.213:8080/pike_web/pikeClassScheduleController4Arrangclass/createPikeClassSchedule', 'JSON', 'POST', 'GENERAL', '2017-09-25 10:30:55', '1', 'JSON', '{\"scheduleName\":\"2018秋季学期 - 高一上\",\"schoolName\":\"北京市第一中学\",\"schoolId\":\"1\"}');
INSERT INTO `interfac` VALUES ('6E577BD59A8746E184B9BF39E2CA1677', '11AF79E5149645D7AC554E2614683E04', '获取测试报告价格', 'undefined', 'undefined', 'http://192.168.1.124:8181/hxs_tutorship/report/getReportPrice', 'JSON', 'POST', 'GENERAL', null, '0', 'JSON', '{\"type\":\"GAO_ZHONG\"}');
INSERT INTO `interfac` VALUES ('6E6C56EF4B7C4C5C8F08EF712E3B8FFB', '667A1283506847768AD1A29D255B4141', '获取用户详情', 'undefined', 'undefined', 'http://localhost:8081/challenge/user/info?requestId=1234', 'JSON', 'POST', 'GENERAL', null, '1', 'JSON', '{\"userCode\":\"da95e1572e134177875c18a3289de842\",\"token\":\"test123456\"}');
INSERT INTO `interfac` VALUES ('714DD59896684E47B3DB40F0CFC3A679', '9E3592186B62434ABD65690BB30C62A0', '排课', 'pikeController4Arrangclass/pike', null, 'http://192.168.1.213:8080/pike_web/pikeController4Arrangclass/pike', 'JSON', 'POST', 'GENERAL', '2017-09-25 10:30:55', '1', 'JSON', '{\"scheduleId\":\"1\"}');
INSERT INTO `interfac` VALUES ('729ED158BC17437789232A9B5EA52830', '5CB99CD14AA14A6A8A2B566C2E189C7D', '查询下级 代理机构', 'undefined', 'undefined', 'http://127.0.0.1:8080/synchrotutorship-publishers-distributor/agencyOrganizationController/getNextAgencyOrganization', 'JSON', 'POST', 'GENERAL', null, '2', 'JSON', '{    \"agencyCode\":\"18226E494AD04B79A6F0627E04B22F0C\",    \"agencyAreaList\":null,    \"agencySchoolList\":null,    \"agencyName\":null,    \"pageSize\":10,    \"pageNum\":1,    \"agencyRank\":\"2\"}');
INSERT INTO `interfac` VALUES ('775B8619EAF247B993B77CEA29AE0218', 'F20871626021456C99FC30AE5939DD6F', '更新排课任务', 'pikeClassScheduleController4Arrangclass/updatePikeClassSchedule', null, 'http://192.168.1.213:8080/pike_web/pikeClassScheduleController4Arrangclass/updatePikeClassSchedule', 'JSON', 'POST', 'GENERAL', '2017-09-25 10:30:55', '1', 'JSON', '{\"curriculumName\":\"2018秋季学期\",\"gradeName\":\"高一\",\"compulsoryOneScore\":\"1\",\"gradeId\":\"1\",\"semesterName\":\"2018秋季学期\",\"compulsoryTwoScore\":\"1\",\"curriculumId\":\"1\",\"semesterId\":\"1\",\"scheduleType\":\"1\",\"grabLessonsStartTime\":\"2017-08-29 02:20:27\",\"grabLessonsEndTime\":\"2017-09-29 02:20:27\",\"compulsoryThreeScore\":\"1\",\"scheduleId\":\"1\"}');
INSERT INTO `interfac` VALUES ('780011C87E914E4BA935DD41EEBD3710', '667A1283506847768AD1A29D255B4141', '用户注册', 'undefined', 'undefined', 'http://localhost:8081/challenge/user/register?requestId=1234', 'JSON', 'POST', 'GENERAL', null, '0', 'JSON', '{\"mobile\":\"13311657878\",\"password\":\"test123456\",\"registerSource\":\"011\",\"productType\":\"HaoXusSheng\",\"channelSource\":\"000\",\"equipmentType\":\"Test\"}');
INSERT INTO `interfac` VALUES ('799570CB5852421EA592EED4CC5CD700', 'D89E8C10EB4543D0B4C4D607C2BBFB62', '短信日志详情', 'undefined', 'undefined', 'http://127.0.0.1:8080/uutool/sms/getDetail?', 'JSON', 'POST', 'GENERAL', null, '3', 'GENERAL', null);
INSERT INTO `interfac` VALUES ('79C3F6F3911A414CA90B916EC4D5EB26', '9DBAE98B5A5446C2B893A712A6447ABA', '获取学科课表', 'scheduleOwner4Arrangclass/getSubjectSchedule', null, 'http://192.168.1.213:8080/pike_web/scheduleOwner4Arrangclass/getSubjectSchedule', 'JSON', 'POST', 'GENERAL', '2017-09-25 10:30:56', '1', 'JSON', '{\"scheduleId\":\"1\",\"subjectId\":\"1\"}');
INSERT INTO `interfac` VALUES ('7A09B9CA2CB041AFBD05BE5369CC1B0E', '700875D5AAED4DC6ADEF0F1E2BC897B5', '第2个接口', '', '', '', 'JSON', 'POST', 'GENERAL', null, '2', 'GENERAL', null);
INSERT INTO `interfac` VALUES ('7A100AF3542A4BEF98F24DB57B417E4A', '9DBAE98B5A5446C2B893A712A6447ABA', '获取排课质量参考热力图', 'scheduleOwner4Arrangclass/getRuleThermodynamices', null, 'http://192.168.1.213:8080/pike_web/scheduleOwner4Arrangclass/getRuleThermodynamices', 'JSON', 'POST', 'GENERAL', '2017-09-25 10:30:56', '1', 'JSON', '{\"gradeId\":\"31\",\"scheduleId\":\"1\",\"subjectId\":\"1\",\"schoolId\":\"1\"}');
INSERT INTO `interfac` VALUES ('7B21C20D798D434FB38C88912D1EAAAE', '4B0E92265E584F4D93D9003086D233FF', '获取课程整体进度情况', 'undefined', 'undefined', 'http://192.168.1.213:8080/keepMark-teacher-business/course/monitoring/getMonCourseMonitoring?requestId=SDDL234LSDK', 'JSON', 'POST', 'GENERAL', null, '0', 'JSON', '{    \"pageSize\": 1,    \"pageNumber\": 10,    \"courseSystemType\": \"xxoo\",    \"subjectCode\": \"xxoo\",    \"centreCode\": \"xxoo\",    \"examArea\": \"xxoo\"}');
INSERT INTO `interfac` VALUES ('7E3CAC82C98342EBAE61C8E5199E8DF6', '064CEDB84BA64064ACBA69FC95FAC89D', '确认学生不同意分班', 'undefined', 'undefined', 'http://192.168.1.213:8080/keepMark-teacher-business/teaching/placement/disagree?requestId=SDFDW3F343JLKL3L5LN43J434', 'JSON', 'POST', 'GENERAL', null, '4', 'JSON', '{\"studentCode\":\"OWEIUROIOWEWOERIEIRLKSDJF\"}');
INSERT INTO `interfac` VALUES ('7E4372BAA1CD4FCCB31700706C38B6BB', 'D6F9BA8A7DE045A99A97A20B2DCCD81D', '获取课表(学生，老师)', 'undefined', 'undefined', 'http://192.168.1.213:8080/keepMark-teacher-business/teaching/course/getSchedule?requestId=WEUOW343KL34L26NBSK', 'JSON', 'POST', 'GENERAL', null, '4', 'JSON', '{\"weekTimeCode\":\"30A56BA2E71E4BE2BD5DD59BA044C1D6\",\"ownerCode\":\"AEDBB67C70B24165817BAEA2B4EBF0D0\"}');
INSERT INTO `interfac` VALUES ('7EE04C4AAE1B42D5BD7A37ABF3E62CC0', '9D78548A03FC46F3AE2E1F15FB1F9D92', '测试参数验证', 'undefined', 'undefined', 'http://http://127.0.0.1:8080/verification/weixin/getInfo', 'JSON', 'POST', 'GENERAL', null, '0', 'JSON', '{\"mobile\":\"234345\",\"openId\":\"asdfffffffffff\",\"password\":\"123\",\"types\":[{\"type\":\"BBB\"}]}');
INSERT INTO `interfac` VALUES ('7FD74127574F4E82AD1DB7DD45EA74D2', '4ED6A4A934EA432DB5D0F4F4A04BBE1F', '删除收藏的练习题', 'undefined', 'undefined', 'http://192.168.1.124:8181/hxs_tutorship/collectTestController/deleteCollectTests', 'JSON', 'POST', 'GENERAL', null, '2', 'JSON', '{\"ids\":[{\"id\":1},{\"id\":2}]}');
INSERT INTO `interfac` VALUES ('82CB21CD57654265BE8932F35CD6B991', 'DCF4F8B3DA7F4308B33C43A12C6454C8', '获取单元检测报告价格', 'undefined', 'undefined', 'http://127.0.0.1/wisdom-companion/action/wexinPay/getSectionFree', 'JSON', 'POST', 'GENERAL', null, '0', 'JSON', '{}');
INSERT INTO `interfac` VALUES ('83C9B1538F5248D4838ED2E9267E9119', 'E4DCE9626F754EAB9B124B9C137923BF', '通过数据库配置过滤学段', 'undefined', 'undefined', 'http://192.168.1.91:8080/studying-filter/study/getStage', 'JSON', 'GET', 'GENERAL', null, '2', 'GENERAL', null);
INSERT INTO `interfac` VALUES ('848152D658264CE6A5B30C2D28E56178', '9DBAE98B5A5446C2B893A712A6447ABA', '获取教学楼下所有教室的课表', 'scheduleOwner4Arrangclass/getRoomSchedule', null, 'http://192.168.1.213:8080/pike_web/scheduleOwner4Arrangclass/getRoomSchedule', 'JSON', 'POST', 'GENERAL', '2017-09-25 10:30:56', '1', 'JSON', '{\"scheduleId\":\"1\",\"buildingId\":\"3\"}');
INSERT INTO `interfac` VALUES ('89379F7B09C441C3BB7D576AD1735D48', '3FC022F112194E55B0DBEC7BD69E6421', '退出系统', 'undefined', 'undefined', 'http://192.168.1.40:8080/llsfw/rest/getKnowledgeName', 'JSON', 'POST', 'GENERAL', null, '2', 'JSON', '{}');
INSERT INTO `interfac` VALUES ('8B14B15CF246403C924D8929531C3EC1', '9DBAE98B5A5446C2B893A712A6447ABA', '获取学校的所有教学楼', 'scheduleOwner4Arrangclass/getAllBuilds', null, 'http://192.168.1.213:8080/pike_web/scheduleOwner4Arrangclass/getAllBuilds', 'JSON', 'POST', 'GENERAL', '2017-09-25 10:30:56', '1', 'JSON', '{\"schoolId\":\"1\"}');
INSERT INTO `interfac` VALUES ('90DF1B76A1964DA2B53FA479FAF473AE', 'E4DCE9626F754EAB9B124B9C137923BF', '通过学段过滤学年', 'undefined', 'undefined', 'http://192.168.1.91:8080/studying-filter/study/getGradeByStage', 'JSON', 'POST', 'GENERAL', null, '1', 'JSON', '{\"stagecode\":\"2\"}');
INSERT INTO `interfac` VALUES ('94F74A01EFFB4B318421DDFCAA07F961', 'B708C19C6B2548C1B6DA47970E17B1B0', '学生付费接口', 'undefined', 'undefined', 'http://127.0.0.1:8080/synchroTutorship-publishers-distributor/userController/addPayUser', 'JSON', 'POST', 'GENERAL', null, '3', 'JSON', '{\"userName\":\"小明\",\"subject\":\"数学\",\"grade\":\"二年级\",\"textBook\":\"人教版\",\"province\":\"河南省\",\"city\":\"鹤壁市\",\"area\":\"淇滨区\",\"school\":\"淇滨小学\",\"payTime\":\"1497084649293\"}');
INSERT INTO `interfac` VALUES ('9652BF1CEBBE43A9B66265822DB4E8B5', '064CEDB84BA64064ACBA69FC95FAC89D', '对不符合vip进行电话确认 ', 'undefined', 'undefined', 'http://192.168.1.213:8080/keepMark-teacher-business/teaching/phone/agree?requestId=SDFDW3F343JLKL3L5LN43J434', 'JSON', 'POST', 'GENERAL', null, '1', 'JSON', '{    \"studentCode\":\"OWEIUROIOWEWOERIEIRLKSDJF\"}');
INSERT INTO `interfac` VALUES ('965EDF63544B4804BE66F1D18518E877', 'D89E8C10EB4543D0B4C4D607C2BBFB62', '短信发送', 'undefined', 'undefined', 'http://127.0.0.1:8080/uutool/sms/verificationCode?', 'JSON', 'POST', 'GENERAL', null, '1', 'GENERAL', null);
INSERT INTO `interfac` VALUES ('96CFEC0DAF93441A8ACFE2B292A4F2AE', 'BB0BCC7D1B714A3E9EE893E6436634A8', '通过账号获取用户信息', 'undefined', 'undefined', 'http://192.168.1.170:8070/synchroTutorship-publishers-distributor/agency/getAgency', 'JSON', 'POST', 'GENERAL', null, '1', 'JSON', '{\"agencyName\":\"13681004129\"}');
INSERT INTO `interfac` VALUES ('993CE14365794776A9A53099448684BE', 'D6F9BA8A7DE045A99A97A20B2DCCD81D', '查看小班课课表是否发布', 'undefined', 'undefined', 'http://192.168.1.213:8080/keepMark-teacher-business/teaching/course/smallClassScheduleIsIssue?requestId=WEUOW343KL34L26NBSK3', 'JSON', 'POST', 'GENERAL', null, '13', 'JSON', '{   \"weekTimeCode\":\"1E68781D9DF84C2E9F98E663FB18AF46\",\"smallClassCode\":\"6a02d783bb2b4cae996184a15f24cd8b\"}');
INSERT INTO `interfac` VALUES ('9A75D728C1004129958D31FBAB7F43A2', '995BFACA1F4D4AE989841CC5E2A06E0A', '获取习惯趣谈列表', 'undefined', 'undefined', 'http://wisdom-companion.e-eduspace.com/action/habitExchange/getHabitExchanges', 'JSON', 'POST', 'GENERAL', null, '0', 'JSON', '{  \"userCode\":\"1\",\"pageSize\":10,\"pageNumber\":1}');
INSERT INTO `interfac` VALUES ('9D443B2FCA4F40E39981C4D8111C9A6D', 'E77899B08FD7484CA1880485943F991B', '推送日志详情', 'undefined', 'undefined', 'http://127.0.0.1:8080/uutool/jpush/getDetail?', 'JSON', 'POST', 'GENERAL', null, '3', 'GENERAL', null);
INSERT INTO `interfac` VALUES ('9E9B67A867AE4A3A8EF676F1EACFB23F', 'D6F9BA8A7DE045A99A97A20B2DCCD81D', '创建学生课程表', 'undefined', 'undefined', 'http://192.168.1.213:8080/keepMark-teacher-business/teaching/course/createStudentSchedule?requestId=WEUOW343KL34L26NBSK3', 'JSON', 'POST', 'GENERAL', null, '2', 'JSON', '{\"weekTimeCode\":\"30A56BA2E71E4BE2BD5DD59BA044C1D6\",\"smallClassCode\":\"F84251DB25484B0B82084CD637D2B43E\",\"studentCode\":\"AEDBB67C70B24165817BAEA2B4EBF0D0\"}');
INSERT INTO `interfac` VALUES ('9F7EE10BB25E436DB144C20891A64D36', '5D8B842C78614B9199F5630EA8195C7E', '发送邮件', 'undefined', 'undefined', ' http://127.0.0.1:8080/uutool/email/sendEmail?', 'JSON', 'POST', 'GENERAL', null, '1', 'GENERAL', null);
INSERT INTO `interfac` VALUES ('A3B9F28552B0475581F84812A36B2A0F', '064CEDB84BA64064ACBA69FC95FAC89D', '对不符合VIP的学生进行赠送', 'undefined', 'undefined', 'http://192.168.1.213:8080/keepMark-teacher-business/teaching/giveToStudent?requestId=SDFDW3F343JLKL3L5LN43J434', 'JSON', 'POST', 'GENERAL', null, '2', 'JSON', '{\"studentCode\":\"OWEIUROIOWEWOERIEIRLKSDJF\"}');
INSERT INTO `interfac` VALUES ('A7B4EAACCA6A4991B8EC323028F07E85', '995BFACA1F4D4AE989841CC5E2A06E0A', '添加评论', 'undefined', 'undefined', 'http://wisdom-companion.e-eduspace.com/action/habitExchange/updateHabitExchange', 'JSON', 'POST', 'GENERAL', null, '1', 'JSON', '{  \"id\":1,\"answerContent\":\"dflkjfldskfjlsdkfjjjjjjjjfjlsdkjflsdkjflkdsfjlkdsfj\"}');
INSERT INTO `interfac` VALUES ('A8E443E99CE14CE1A54DBA4F9A5454DC', '5D8B842C78614B9199F5630EA8195C7E', '获取邮件日志主要信息', 'undefined', 'undefined', ' http://127.0.0.1:8080/uutool/email/getEmailLogIndex?', 'JSON', 'POST', 'GENERAL', null, '2', 'GENERAL', null);
INSERT INTO `interfac` VALUES ('AA5EF90EEC99400BAA20A6F80F5E8DA4', '78411767936247BC86C8F8FBB1A004AD', '获取中心的所有教学周期', 'undefined', 'undefined', 'http://192.168.1.213:8080/keepMark-teacher-business/teaching/course/getWeekTimes?requestId=WEUOW343KL34L26NBSK3', 'JSON', 'POST', 'GENERAL', null, '0', 'JSON', '{\"centerCode\":\"AAAAA\"}');
INSERT INTO `interfac` VALUES ('AC741B1BC62547AA83981630DA9092A8', '9E3592186B62434ABD65690BB30C62A0', '检查排课数据', 'pikeController4Arrangclass/examinePikeData', null, 'http://192.168.1.213:8080/pike_web/pikeController4Arrangclass/examinePikeData', 'JSON', 'POST', 'GENERAL', '2017-09-25 10:30:56', '1', 'JSON', '{\"scheduleId\":\"1\"}');
INSERT INTO `interfac` VALUES ('B091863D5B4242008C8E84C890001165', 'D6F9BA8A7DE045A99A97A20B2DCCD81D', '获取组内学生列表', 'undefined', 'undefined', 'http://192.168.1.213:8080/keepMark-teacher-business/teaching/course/getStudents?requestId=WEUOW343KL34L26NBSK3', 'JSON', 'POST', 'GENERAL', null, '9', 'JSON', '{\"groupCode\":\"SDLFLLSDJFLS56\"}');
INSERT INTO `interfac` VALUES ('BB02B4833448486C866917A07FDA435A', '5CB99CD14AA14A6A8A2B566C2E189C7D', '添加代理机构', 'undefined', 'undefined', 'http://127.0.0.1:8080/synchrotutorship-publishers-distributor/agencyOrganizationController/addAgencyOrganization', 'JSON', 'POST', 'GENERAL', null, '1', 'JSON', '{    \"agencyName\":\"人民出版社代理商\",    \"linkmanName\":\"hechen\",    \"linkmanPhone\":\"13681004144\",    \"agencyJurisdiction\":\"3\",    \"parentAgencyCode\":\"73223BD164674D23B37494C2F7206F4C\",    \"statisticsJurisdiction\":\"1\",    \"proportion\":\"90\",    \"agencyRank\":1,    \"agencyAreaIds\":[        \"110000:110101\",        \"120000:120104\"    ],    \"agencyGoods\":[        {            \"goodsCode\":\"33445\",            \"goodsName\":\"一年级语文同步辅导\"        },        {            \"goodsCode\":\"56677\",            \"goodsName\":\"二年级语文同步辅导\"        }    ],    \"agencyschools\":[        {            \"schoolCode\":\"677878\",            \"schoolName\":\"北京第一小学\",            \"areaId\":110101        },        {            \"schoolCode\":\"345667\",            \"schoolName\":\"北京第二小学\",            \"areaId\":110101        }    ]}');
INSERT INTO `interfac` VALUES ('BD50776D9D534189A3DCEABF1470D001', '5D8B842C78614B9199F5630EA8195C7E', '邮件日志详情', 'undefined', 'undefined', 'http://127.0.0.1:8080/uutool/email/getDetail?', 'JSON', 'POST', 'GENERAL', null, '3', 'GENERAL', null);
INSERT INTO `interfac` VALUES ('C18AA3D094BB4DC7949D9B77FAAFD001', 'D6F9BA8A7DE045A99A97A20B2DCCD81D', '获取一对一排课  上课老师', 'undefined', 'undefined', 'http://192.168.1.213:8080/keepMark-teacher-business/teaching/course/getOneToOneTeacher?requestId=WEUOW343KL34L26NBSK3', 'JSON', 'POST', 'GENERAL', null, '10', 'JSON', '{\"classCode\":\"JSLKSL2JL3K\",\"subjectCode\":\"JSL3243\"}');
INSERT INTO `interfac` VALUES ('C1E8BE8AF9734B1AB00D7048251A559C', '667A1283506847768AD1A29D255B4141', '用户修改密码', 'undefined', 'undefined', 'http://192.168.1.12:8020/challenge/user/pwd/edit?requestId=1234', 'JSON', 'POST', 'GENERAL', null, '3', 'JSON', '{    \"oldPassword\": \"123456\",    \"password\": \"123123\",    \"userCode\": \"1cfa6bb3-b7dc-4cba-a6ab-0989bc7a1c03\",    \"token\": \"TKBFF5E36199760BAF\" }');
INSERT INTO `interfac` VALUES ('C54C6800C77F473A869A810E4304486D', '9E3592186B62434ABD65690BB30C62A0', '排课预览', 'pikeController4Arrangclass/pikePreview', null, 'http://192.168.1.213:8080/pike_web/pikeController4Arrangclass/pikePreview', 'JSON', 'POST', 'GENERAL', '2017-09-25 10:30:55', '1', 'JSON', '{\"scheduleId\":\"1\"}');
INSERT INTO `interfac` VALUES ('C835519425E94AA5862D06B0F484E8FE', '11AF79E5149645D7AC554E2614683E04', '微信支付订单查询', 'undefined', 'undefined', 'http://192.168.1.124:8181/hxs_tutorship/weixin/orderquery', 'JSON', 'POST', 'GENERAL', null, '2', 'JSON', '{\"outTradeNo\":\"20160714161900000001\",\"type\":\"GAO_ZHONG\"}');
INSERT INTO `interfac` VALUES ('C93FB62E19D740B3B74DBBC8FEEA3205', 'D6F9BA8A7DE045A99A97A20B2DCCD81D', '老师代课', 'undefined', 'undefined', ' http://192.168.1.213:8080/keepMark-teacher-business/teaching/course/replaceLesson?requestId=WEUOW343KL34L26NBSK3', 'JSON', 'POST', 'GENERAL', null, '14', 'JSON', '{\"eduScheduleCode\":\"FFFFDDDFFFDDFFDD\",\"replaceeduScheduleCode\":\"DFGDFEWGDFEFEFD\",\"eduDayCode\":\"GJHJKRGEFDSFDFG\",\"eduSectionCode\":\"DFGHGJHTSDFDFDFFF\"}');
INSERT INTO `interfac` VALUES ('CBCFF946A0DE462A826D2ADB8417F1DD', '5CB99CD14AA14A6A8A2B566C2E189C7D', '获取代理机构信息', 'undefined', 'undefined', 'http://127.0.0.1:8080/synchrotutorship-publishers-distributor/agencyOrganizationController/getAgencyOrganization', 'JSON', 'POST', 'GENERAL', null, '5', 'JSON', '{\"agencyCode\":\"73223BD164674D23B37494C2F7206F4C\"}');
INSERT INTO `interfac` VALUES ('CD3ABF598EB84706B738AAC866B6DA2F', 'AAE4113E5B9540E9982442F63E4E68DA', '提交答题', 'undefined', 'undefined', 'http://192.168.1.124:8181/hxs_tutorship/report/submit', 'JSON', 'POST', 'GENERAL', null, '0', 'JSON', '{    \"testCode\":\"55287EC4CDFB42EB9EE83DD2F2DC3B47\",    \"userUniqueId\":\"4739482039820394209383409\",    \"userScore\":99,    \"time\":60,    \"totalScore\":100,    \"subjectName\":\"化学\",    \"gradeName\":\"一年级\",    \"subjectCode\":\"23434\",    \"gradeCode\":\"12334\",    \"testTitle\":\"北京市 2016年高一下学期期末\",    \"answers\":[        {            \"serialNumber\":\"1\",            \"exercisesCode\":\"234534\",            \"answer\":\"B\",            \"userAnswer\":\"B\",            \"isRight\":true,            \"knowledges\":[                {                    \"knowledgeName\":\"物质的组成和性质\",                    \"knowledgeCode\":\"123345545\"                },                {                    \"knowledgeName\":\"常见金属元素及其化合物\",                    \"knowledgeCode\":\"1233455452\"                },                {                    \"knowledgeName\":\"常见非金属元素及其化合物\",                    \"knowledgeCode\":\"1233455452\"                },                {                    \"knowledgeName\":\"有机化学基础\",                    \"knowledgeCode\":\"1233455452\"                }            ],            \"produces\":[                \"事实(F)\",                \"具体概念类\"            ]        },        {            \"serialNumber\":\"2\",            \"exercisesCode\":\"234535\",            \"answer\":\"B\",            \"userAnswer\":\"B\",            \"isRight\":true,            \"knowledges\":[                {                    \"knowledgeName\":\"有机化学基础\",                    \"knowledgeCode\":\"123345545\"                }            ],            \"produces\":[                \"事实(F)\",                \"具体概念类\",                \"抽象原理类\"            ]        },        {            \"serialNumber\":\"3\",            \"exercisesCode\":\"234536\",            \"answer\":\"B\",            \"userAnswer\":\"B\",            \"isRight\":true,            \"knowledges\":[                {                    \"knowledgeName\":\"物质的组成和性质\",                    \"knowledgeCode\":\"123345545\"                },                {                    \"knowledgeName\":\"常见金属元素及其化合物\",                    \"knowledgeCode\":\"1233455452\"                },                {                    \"knowledgeName\":\"常见非金属元素及其化合物\",                    \"knowledgeCode\":\"1233455452\"                },                {                    \"knowledgeName\":\"有机化学基础\",                    \"knowledgeCode\":\"1233455452\"                }            ],            \"produces\":[                \"事实(F)\",                \"具体概念类\",                \"方法评价类\"            ]        }    ]}');
INSERT INTO `interfac` VALUES ('CDD68C41A3814459A8E32D98CABE108E', '11AF79E5149645D7AC554E2614683E04', 'VIP包订单查询  --（支付宝 / 微信）通用', 'undefined', 'undefined', 'http://192.168.1.124:8181/hxs_tutorship/zhifubao/orderquery4vip', 'JSON', 'POST', 'GENERAL', null, '5', 'JSON', '{\"outTradeNo\":\"20160722144440000001\"}');
INSERT INTO `interfac` VALUES ('D0227FB8D22B4A0083FEC87E9A6A1D61', '4ED6A4A934EA432DB5D0F4F4A04BBE1F', '取消收藏练习题', 'undefined', 'undefined', 'http://192.168.1.124:8181/hxs_tutorship/collectTestController/cancelCollectTest', 'JSON', 'POST', 'GENERAL', null, '3', 'JSON', '{\"testCode\":\"47923742983\",\"userUniqueId\":\"4739482039820394209383409\"}');
INSERT INTO `interfac` VALUES ('D0CB498289B74144A970EDE276398EB7', 'A6DD4D0399004830BB902DD55EBAC215', '微信支付统一下单（VIP包）', 'undefined', 'undefined', 'http://192.168.1.124:8181/hxs_tutorship/weixin/unifyOrder4vip', 'JSON', 'POST', 'GENERAL', null, '0', 'JSON', '{\"userUniqueId\":\"4739482039820394209383409\",\"vipProductCode\":\"55287EC4CDFB42\",\"type\":\"GAO_ZHONG\",\"spbillCreateIp\":\"127.0.0.1\",\"body\":\"好学生VIP-1个月\",\"totalFee\":14.01}');
INSERT INTO `interfac` VALUES ('D2397906D57B446BB03FCCD89002E8EE', '2E6B5DADE16346C285E89DF752D2A662', '修改用户基本信息', 'undefined', 'undefined', 'http://192.168.1.213/wisdom-companion/action/wexinController/updateUserInfo', 'JSON', 'POST', 'GENERAL', null, '5', 'JSON', '{    \"userCode\":\"EBE6D0958F49421E8C6A5D59121CADAE\",    \"sex\":\"1\",    \"school\":\"北京第一中学\",     \"grade\":\"一年级\",    \"birthday\":\"1987-12-10\"     }');
INSERT INTO `interfac` VALUES ('D3104083B3064C328BEC0EA0C79ADA06', 'AAE4113E5B9540E9982442F63E4E68DA', '获取测试报告列表', 'undefined', 'undefined', 'http://192.168.1.124:8181/hxs_tutorship/report/getReportList', 'JSON', 'POST', 'GENERAL', null, '2', 'JSON', '{\"userUniqueId\":\"4739482039820394209383409\", \"pageNumber\":1, \"pageSize\":10}');
INSERT INTO `interfac` VALUES ('D33E8D15F41E4E6D8CD7F55E4179ACF0', 'B708C19C6B2548C1B6DA47970E17B1B0', '添加出版社信息', 'undefined', 'undefined', 'http://127.0.0.1:8080/synchrotutorship-publishers-distributor/agencyOrganizationController/addPublishing', 'JSON', 'POST', 'GENERAL', null, '0', 'JSON', '{    \"agencyName\":\"人民出版社\",    \"linkmanName\":\"何臣\",    \"linkmanPhone\":\"13681004142\",    \"loginPassword\":\"LKSDFJLKDJFJDK43KLSJDFLSK\", \"statisticsJurisdiction\":\"1\",\"proportion\":\"90\",   \"agencyAreaIds\":[        \"110000:110101\",        \"120000:120104\"    ] }');
INSERT INTO `interfac` VALUES ('D4BB22FD0942411A879677EAC5C10B50', 'AAE4113E5B9540E9982442F63E4E68DA', '根据订单号获取测试报告', 'undefined', 'undefined', 'http://192.168.1.124:8181/hxs_tutorship/report/getReportByOrderId', 'JSON', 'POST', 'GENERAL', null, '1', 'JSON', '{\"outTradeNo\":\"20160714161900000001\"}');
INSERT INTO `interfac` VALUES ('D8F9339B57DE4FBA8C7FB677622232D0', 'BB0BCC7D1B714A3E9EE893E6436634A8', '修改密码', 'undefined', 'undefined', 'http://192.168.1.170:8070/synchroTutorship-publishers-distributor/agency/updatePassword', 'JSON', 'POST', 'GENERAL', null, '2', 'JSON', '{\"agencyName\":\"13681004129\",\"loginPassword\":\"670B14728AD9902AECBA32E22FA4F6BD\",\"newPassword\":\"670B14728AD9902AECBA32E22FA4F6BD\",\"verificationCode\":\"000000\"}');
INSERT INTO `interfac` VALUES ('E328CB0E55D94BB59B82B5FBA26256EE', 'E4DCE9626F754EAB9B124B9C137923BF', '通过学年过滤学科', 'undefined', 'undefined', 'http://192.168.1.91:8080/studying-filter/study/getSubjectByGrade', 'JSON', 'POST', 'GENERAL', null, '3', 'JSON', '{\"gradecode\":\"11\"}');
INSERT INTO `interfac` VALUES ('E54D511AD30B45929726A71BFF30E9FC', '4DF688240F824687864C116AB750F44C', '订单列表', 'undefined', 'undefined', 'http://192.168.1.170:8070/synchroTutorship-publishers-distributor/order/listOrderRecord', 'JSON', 'POST', 'GENERAL', null, '1', 'JSON', '{\"ormUuid\":\"AE3F010A215944168A34BEC2E6FC16C5\",\"firstTime\":\"2017-06-06 17:10:09\",\"lastTime\":\"2017-06-15 17:10:09\",\"provinceCode\":\"110000:110000:110101;110000:110000:110102;120000:120000:120101;120000:120000:120102;\",\"cityCode\":\"1\",\"countyCode\":\"1\",\"cp\":\"1\",\"pz\":\"10\"}');
INSERT INTO `interfac` VALUES ('E9AF23FBB1314F05A5295C0582F152C4', '4ED6A4A934EA432DB5D0F4F4A04BBE1F', '获取收藏练习题列表', 'undefined', 'undefined', 'http://192.168.1.124:8181/hxs_tutorship/collectTestController/getCollectTests', 'JSON', 'POST', 'GENERAL', null, '1', 'JSON', '首页：{\"userUniqueId\":\"4739482039820394209383409\",\"subjectCode\":\"39484\",\"pageNumber\":1,\"pageSize\":10}大于等于第二页：{\"userUniqueId\":\"4739482039820394209383409\",\"subjectCode\":\"39484\",\"pageNumber\":1,\"pageSize\":10,\"collectDate\":\"2016-08-09 16:08:36.0\"}');
INSERT INTO `interfac` VALUES ('E9B64C5A676B4545BBDC6139B1CA8260', 'E8FF287B80834C0F8ACA2439E7F57161', '创建组（小班）', 'undefined', 'undefined', 'http://192.168.1.213:8080/keepMark-teacher-business/teaching/course/createAuthSchoolGroupModel?requestId=WEUOW343KL34L26NBSK3', 'JSON', 'POST', 'GENERAL', null, '0', 'JSON', '{    “name”:\"第一组\",\"classCode\":\"JFLSE34LJLL3453L\"}');
INSERT INTO `interfac` VALUES ('EA9078AD5B794A37BE9C74A22D3B6001', 'CFD07FD626CB413A8FA0F50D0E5F7723', 'vip包保存', 'undefined', 'undefined', 'http://192.168.1.69:8081/hxs-challenge-service/challenge/vip_pack/vip_pack_save', 'JSON', 'POST', 'GENERAL', null, '1', 'JSON', '{       \"vipPrice\": \"16\" ,         \"vipType\": \"TWO_MONTH\"     }');
INSERT INTO `interfac` VALUES ('EB531E77211F4819ABBA795E7BEA8287', 'A19CAABA11124625B1BF6F71BCEC3E20', '回执好友请求', 'undefined', 'undefined', 'http://127.0.0.1:8081/challenge/user/friend/reply?requestId=1234', 'JSON', 'POST', 'GENERAL', null, '1', 'JSON', '{\"applyUuid\":\"da95e1572e134177875c18a3289de889\",\"replyState\":false}');
INSERT INTO `interfac` VALUES ('EBF1BE5152284D998DF1BE6244B6E342', '5CB99CD14AA14A6A8A2B566C2E189C7D', '获取代理机构 代理的书籍', 'undefined', 'undefined', 'http://127.0.0.1:8080/synchrotutorship-publishers-distributor/goodsController/getAgencyGoodses', 'JSON', 'POST', 'GENERAL', null, '3', 'JSON', '{\"agencyCode\":\"73223BD164674D23B37494C2F7206F4C\",\"agencyRank\":3}');
INSERT INTO `interfac` VALUES ('EE1F9CD813E44482964F7EF43064C235', 'BB0BCC7D1B714A3E9EE893E6436634A8', '用户登录', 'undefined', 'undefined', 'http://192.168.1.170:8070/synchroTutorship-publishers-distributor/agency/login', 'JSON', 'POST', 'GENERAL', null, '0', 'JSON', '{\"agencyName\":\"13681004129\",\"loginPassword\":\"LKSDFJLKDJFJDK43KLSJDFLSK\"}');
INSERT INTO `interfac` VALUES ('F2C5C42EF70241A5B19B57E686E5A720', 'D6F9BA8A7DE045A99A97A20B2DCCD81D', '获取大班课上课老师', 'undefined', 'undefined', 'http://192.168.1.213:8080/keepMark-teacher-business/teaching/course/getBigClassTeacher?requestId=WEUOW343KL34L26NBSK3', 'JSON', 'POST', 'GENERAL', null, '8', 'JSON', '{\"centerCode\":\"JSLKSL2JL3K\",\"subjectCode\":\"JSL3243\"}');
INSERT INTO `interfac` VALUES ('F4390F2CA77344DD999CB2FA066352BC', '78411767936247BC86C8F8FBB1A004AD', '中心修改教学周期', 'undefined', 'undefined', 'http://192.168.1.213:8080/keepMark-teacher-business/teaching/course/updateWeekTime?requestId=WEUOW343KL34L26NBSK3', 'JSON', 'POST', 'GENERAL', null, '2', 'JSON', '{\"eduWeekTimeCode\":\"F8DCF141208B4084912DB8DBBC72E460\",\"weekStartTime\":\"2017-01-17\",\"weekEndTimeStr\":\"2017-01-30\"}');
INSERT INTO `interfac` VALUES ('F55C32A22B8A4E9DA0E17B63CE320749', 'AAE4113E5B9540E9982442F63E4E68DA', '根据ID获取测试报告', 'undefined', 'undefined', 'http://192.168.1.124:8181/hxs_tutorship/report/getReport', 'JSON', 'POST', 'GENERAL', null, '3', 'JSON', '{\"reportId\":894}');
INSERT INTO `interfac` VALUES ('F59CBAF03D664B768E5952AF16446E21', '5AF98192119F4DECA09E2C8525A73FA7', '登录', 'undefined', 'undefined', 'http://sooncode.com/api', 'JSON', 'POST', 'REST', null, '0', 'GENERAL', null);
INSERT INTO `interfac` VALUES ('F5F7B033D066444FA396FF487547727E', 'E8FF287B80834C0F8ACA2439E7F57161', '获取某个班级未分组的学生', 'undefined', 'undefined', 'http://192.168.1.213:8080/keepMark-teacher-business/teaching/course/findAllStudentNoGroupByClassCode?requestId=WEUOW343KL34L26NBSK3', 'JSON', 'POST', 'GENERAL', null, '2', 'JSON', '{\"classCode\":\"SDLJS23L3KL4\"}');
INSERT INTO `interfac` VALUES ('F6AE33D0F550486FADBC25606F7FB9B9', '9DBAE98B5A5446C2B893A712A6447ABA', '调整老师课表', 'scheduleOwner4Arrangclass/adjustClassRoomSchedule', null, 'http://192.168.1.213:8080/pike_web/scheduleOwner4Arrangclass/adjustClassRoomSchedule', 'JSON', 'POST', 'GENERAL', '2017-09-25 10:30:56', '1', 'JSON', '{\"x\":\"1\",\"y\":\"1\",\"teacherId\":\"3\",\"curriculumTimeId\":\"1\"}');
INSERT INTO `interfac` VALUES ('F6AE3EF135E54802B8349F7F14DA4380', 'D89E8C10EB4543D0B4C4D607C2BBFB62', '短信日志主要数据', 'undefined', 'undefined', 'http://127.0.0.1:8080/uutool/sms/getSmsLogIndex?', 'JSON', 'POST', 'GENERAL', null, '2', 'GENERAL', null);
INSERT INTO `interfac` VALUES ('F84FBF59B23943AEBB1DC24C5CC3696B', '3FC022F112194E55B0DBEC7BD69E6421', '用户登录', 'undefined', 'undefined', 'http://192.168.1.40:8080/llsfw/rest/getKnowledgeName', 'JSON', 'POST', 'GENERAL', null, '1', 'GENERAL', null);
INSERT INTO `interfac` VALUES ('F85E57F5FD1542A48005CB99AB1515C4', 'AAE4113E5B9540E9982442F63E4E68DA', '删除测试报告', 'undefined', 'undefined', 'http://192.168.1.124:8181/hxs_tutorship/report/deleteReports', 'JSON', 'POST', 'GENERAL', null, '4', 'JSON', '{\"userUniqueId\":\"4739482039820394209383409\",\"reportIds\":[{\"reportId\":1},{\"reportId\":2}]}');
INSERT INTO `interfac` VALUES ('F88C0CF7232A429CA0C8CFE3829AABCB', 'D6F9BA8A7DE045A99A97A20B2DCCD81D', '发布课程表', 'undefined', 'undefined', ' http://192.168.1.213:8080/keepMark-teacher-business/teaching/course/issueSchedule?requestId=WEUOW343KL34L26NBSK3', 'JSON', 'POST', 'GENERAL', null, '11', 'JSON', '{ \"eduScheduleCode\":\"2\"}');
INSERT INTO `interfac` VALUES ('F96E90CE661E48A68628B6007198923D', 'A19CAABA11124625B1BF6F71BCEC3E20', '申请添加好友', 'undefined', 'undefined', 'http://127.0.0.1:8081/challenge/user/friend/apply?requestId=1234', 'JSON', 'POST', 'GENERAL', null, '0', 'JSON', '{\"myUserCode\":\"da95e1572e134177875c18a3289de842\",\"friendCode\":\"2a10903cdd1646c5934b35a82939640d\",\"applySource\":\"search\"}');
INSERT INTO `interfac` VALUES ('FB921A705C42476099B16176A478B698', 'B708C19C6B2548C1B6DA47970E17B1B0', '教师新增接口', 'undefined', 'undefined', 'http://127.0.0.1:8080/synchroTutorship-publishers-distributor/userController/addNewTeacher', 'JSON', 'POST', 'GENERAL', null, '5', 'JSON', '{\"userName\":\"小明\",\"subject\":\"数学\",\"grade\":\"二年级\",\"textBook\":\"人教版\",\"province\":\"河南省\",\"city\":\"鹤壁市\",\"area\":\"淇滨区\",\"school\":\"淇滨小学\",\"addTime\":\"1497084649293\"}');
INSERT INTO `interfac` VALUES ('FD2CA141DBEC443A8E19D1177501705A', 'E8FF287B80834C0F8ACA2439E7F57161', '组添加学生', 'undefined', 'undefined', 'http://192.168.1.213:8080/keepMark-teacher-business/teaching/course/groupStudents?requestId=WEUOW343KL34L26NBSK3', 'JSON', 'POST', 'GENERAL', null, '1', 'JSON', '{    \"groupCode\": \"234535WERTERTR\",    \"students\": [        {            \"studentCode\": \"2DFGTR343453GFDG\"        }, {            \"studentCode\": \"FDFGFSDFSDFGFDG\"        }    ]}');
INSERT INTO `interfac` VALUES ('FD791D1371ED4B80857C9B8F1084E347', 'D6F9BA8A7DE045A99A97A20B2DCCD81D', '创建大班课程表', 'undefined', 'undefined', 'http://192.168.1.213:8080/keepMark-teacher-business/teaching/course/createBigClassSchedule?requestId=WEUOW343KL34L26NBSK3', 'JSON', 'POST', 'GENERAL', null, '0', 'JSON', '{\"weekTimeCode\":\"30A56BA2E71E4BE2BD5DD59BA044C1D6\",\"bigClassCode\":\"00D20E260AA74DEA822F4BD3F3171C13\"}');
INSERT INTO `interfac` VALUES ('FE03734A9C0D4074AF668EDF002C66ED', '9DBAE98B5A5446C2B893A712A6447ABA', '获取年级所有老师', 'scheduleOwner4Arrangclass/getAllTeachers', null, 'http://192.168.1.213:8080/pike_web/scheduleOwner4Arrangclass/getAllTeachers', 'JSON', 'POST', 'GENERAL', '2017-09-25 10:30:56', '1', 'JSON', '{\"gradeId\":\"31\",\"schoolId\":\"1\"}');
INSERT INTO `interfac` VALUES ('FE2BF72213AC45F5A7F545B4CF800968', '4DF688240F824687864C116AB750F44C', '订单管理-月订单查询', 'undefined', 'undefined', 'http://192.168.1.170:8070/synchroTutorship-publishers-distributor/orderMonth/listOrderMonth', 'JSON', 'POST', 'GENERAL', null, '0', 'JSON', '{\"yearType\":\"2017\"}');
INSERT INTO `interfac` VALUES ('FFEBA8FC0AF14FAA976ED002290E9D38', '2E6B5DADE16346C285E89DF752D2A662', '重置密码', 'undefined', 'undefined', 'http://192.168.1.213/wisdom-companion/action/wexinController/resetPassword', 'JSON', 'POST', 'GENERAL', null, '3', 'JSON', '{\"mobile\": \"13681004142\",   \"password\": \"670B14728AD9902AECBA32E22FA4F6BE\",\"ticket\":\"Ygfcrj\",\"code\":\"012345\"}');

-- ----------------------------
-- Table structure for module
-- ----------------------------
DROP TABLE IF EXISTS `module`;
CREATE TABLE `module` (
  `MODULE_ID` varchar(32) NOT NULL COMMENT '模块编号',
  `PROJECT_ID` varchar(32) DEFAULT NULL COMMENT '项目_编号',
  `MODULE_NAME` varchar(16) DEFAULT NULL COMMENT '模块名称',
  `MODULE_CODE` varchar(32) DEFAULT NULL COMMENT '模块代码',
  `MODULE_INTRO` varchar(256) DEFAULT NULL COMMENT '模块简介',
  `CREAT_DATE` datetime DEFAULT NULL COMMENT '创建时间',
  `WEIGHT` int(11) DEFAULT NULL COMMENT '权重',
  PRIMARY KEY (`MODULE_ID`),
  KEY `FK_MODULE_PROJECT` (`PROJECT_ID`),
  CONSTRAINT `FK_MODULE_PROJECT` FOREIGN KEY (`PROJECT_ID`) REFERENCES `project` (`PROJECT_ID`) ON DELETE CASCADE ON UPDATE CASCADE
) ENGINE=InnoDB DEFAULT CHARSET=utf8 COMMENT='模块_模块';

-- ----------------------------
-- Records of module
-- ----------------------------
INSERT INTO `module` VALUES ('064CEDB84BA64064ACBA69FC95FAC89D', null, '学生状态', 'undefined', 'undefined', null, '1');
INSERT INTO `module` VALUES ('0B8A79E323A24B2685BBB7F2F8444DC7', null, '第5模块', '5', '555', null, '4');
INSERT INTO `module` VALUES ('11AF79E5149645D7AC554E2614683E04', null, '支付', 'undefined', 'undefined', null, '7');
INSERT INTO `module` VALUES ('12C86AA627FD422688EB7568000CE1D5', null, '分班', 'undefined', 'undefined', null, '4');
INSERT INTO `module` VALUES ('1B2AF587BBF140BB9DD6734C5B04B791', null, '第6模块', '6', '666', null, '7');
INSERT INTO `module` VALUES ('262CF99A85E24CFCA0176980F97FCF9C', null, '兼职老师', 'undefined', 'undefined', null, '6');
INSERT INTO `module` VALUES ('2E6B5DADE16346C285E89DF752D2A662', null, '用户模块', 'undefined', 'undefined', null, '1');
INSERT INTO `module` VALUES ('30DD5EA633D24DB8B3F91E7DD10FFA69', '7755DCEDCAA24F339FDEB07362C9A881', '代理书籍', '', null, '2017-09-26 19:05:23', '1');
INSERT INTO `module` VALUES ('3B4387E43C5945DEB2158C26F833EC08', null, '监考老师', 'undefined', 'undefined', null, '5');
INSERT INTO `module` VALUES ('3FC022F112194E55B0DBEC7BD69E6421', null, '用户模块', 'undefined', 'undefined', null, '1');
INSERT INTO `module` VALUES ('4B0E92265E584F4D93D9003086D233FF', null, '数据监控', 'undefined', 'undefined', null, '7');
INSERT INTO `module` VALUES ('4DF688240F824687864C116AB750F44C', 'DC49FC8D23DA4CF79F2599B47F0F07EF', '订单管理', 'undefined', 'undefined', null, '3');
INSERT INTO `module` VALUES ('4ED6A4A934EA432DB5D0F4F4A04BBE1F', null, '收藏练习题', 'undefined', 'undefined', null, '1');
INSERT INTO `module` VALUES ('56BA2AA2F2104A388671CC8B79BB261A', null, '用户模块', 'undefined', 'undefined', null, '1');
INSERT INTO `module` VALUES ('5AF98192119F4DECA09E2C8525A73FA7', null, '用户模块', 'undefined', 'undefined', null, '1');
INSERT INTO `module` VALUES ('5CB99CD14AA14A6A8A2B566C2E189C7D', 'DC49FC8D23DA4CF79F2599B47F0F07EF', '代理机构', 'undefined', 'undefined', null, '2');
INSERT INTO `module` VALUES ('5D8B842C78614B9199F5630EA8195C7E', null, '邮件模块', 'undefined', 'undefined', null, '2');
INSERT INTO `module` VALUES ('65BADA8E7D3F4472A14E7BE50D821F4C', null, '第7个模块', '', '', null, '8');
INSERT INTO `module` VALUES ('667A1283506847768AD1A29D255B4141', null, '用户模块', 'undefined', 'undefined', null, '1');
INSERT INTO `module` VALUES ('6D6700A7E01C48F8A87BA2F6C1F2F9E8', null, '登录模块', 'undefined', 'undefined', null, '2');
INSERT INTO `module` VALUES ('700875D5AAED4DC6ADEF0F1E2BC897B5', null, '第1模块', 'user', '1', null, '1');
INSERT INTO `module` VALUES ('71783759ED0549F0912D5DDB04C075D0', '31C037F74AC144C0B5ABE0882B6BA7F0', '排课规则', '', null, '2017-09-25 10:30:56', '1');
INSERT INTO `module` VALUES ('78411767936247BC86C8F8FBB1A004AD', null, '教学周期', 'undefined', 'undefined', null, '8');
INSERT INTO `module` VALUES ('8DB892BCFAB2484D8C4CBE0BE1747C87', '9ED48B772A864907A3F62B4A543B8C77', '排课任务管理', '', null, '2017-09-26 18:58:50', '1');
INSERT INTO `module` VALUES ('995BFACA1F4D4AE989841CC5E2A06E0A', null, '习惯趣谈', 'undefined', 'undefined', null, '3');
INSERT INTO `module` VALUES ('9D78548A03FC46F3AE2E1F15FB1F9D92', null, '测试模块', 'undefined', 'undefined', null, '2');
INSERT INTO `module` VALUES ('9DBAE98B5A5446C2B893A712A6447ABA', '31C037F74AC144C0B5ABE0882B6BA7F0', '课表', '', null, '2017-09-25 10:30:56', '1');
INSERT INTO `module` VALUES ('9E3592186B62434ABD65690BB30C62A0', '31C037F74AC144C0B5ABE0882B6BA7F0', '排课', '', null, '2017-09-25 10:30:55', '1');
INSERT INTO `module` VALUES ('A19CAABA11124625B1BF6F71BCEC3E20', null, '好友模块', 'undefined', 'undefined', null, '3');
INSERT INTO `module` VALUES ('A34A511FA2C641658A96DFFE675C14F6', null, '对战模块', 'undefined', 'undefined', null, '4');
INSERT INTO `module` VALUES ('A69D54065B264FB2917BE5E5DF6650D4', null, '第3模块', '33', '33', null, '3');
INSERT INTO `module` VALUES ('A6DD4D0399004830BB902DD55EBAC215', null, 'VIP支付（曾喆专用）', 'undefined', 'undefined', null, '6');
INSERT INTO `module` VALUES ('AAE4113E5B9540E9982442F63E4E68DA', null, '战斗力', 'undefined', 'undefined', null, '2');
INSERT INTO `module` VALUES ('B708C19C6B2548C1B6DA47970E17B1B0', 'DC49FC8D23DA4CF79F2599B47F0F07EF', '数据收集', 'undefined', 'undefined', null, '1');
INSERT INTO `module` VALUES ('BB0BCC7D1B714A3E9EE893E6436634A8', 'DC49FC8D23DA4CF79F2599B47F0F07EF', '登录及用户信息', 'undefined', 'undefined', null, '4');
INSERT INTO `module` VALUES ('CFD07FD626CB413A8FA0F50D0E5F7723', null, 'VIP模块', 'undefined', 'undefined', null, '5');
INSERT INTO `module` VALUES ('D6F9BA8A7DE045A99A97A20B2DCCD81D', null, '课程表', 'undefined', 'undefined', null, '2');
INSERT INTO `module` VALUES ('D89E8C10EB4543D0B4C4D607C2BBFB62', null, '短信模块', 'undefined', 'undefined', null, '3');
INSERT INTO `module` VALUES ('DCF4F8B3DA7F4308B33C43A12C6454C8', null, '课程模块', 'undefined', 'undefined', null, '2');
INSERT INTO `module` VALUES ('E4DCE9626F754EAB9B124B9C137923BF', null, '过滤模块', 'undefined', 'undefined', null, '3');
INSERT INTO `module` VALUES ('E77899B08FD7484CA1880485943F991B', null, '推送模块', 'undefined', 'undefined', null, '1');
INSERT INTO `module` VALUES ('E8FF287B80834C0F8ACA2439E7F57161', null, '学生分组', 'undefined', 'undefined', null, '3');
INSERT INTO `module` VALUES ('F20871626021456C99FC30AE5939DD6F', '31C037F74AC144C0B5ABE0882B6BA7F0', '排课任务管理', '', null, '2017-09-25 10:30:55', '1');
INSERT INTO `module` VALUES ('F25E5F1067314F79820714922077EB9B', null, '支付模块', 'undefined', 'undefined', null, '4');

-- ----------------------------
-- Table structure for operation
-- ----------------------------
DROP TABLE IF EXISTS `operation`;
CREATE TABLE `operation` (
  `OPERATION_ID` varchar(32) NOT NULL COMMENT '操作编号',
  `OPERATION_NAME` varchar(32) DEFAULT NULL COMMENT '操作名称',
  `OPERATION_CODE` varchar(32) DEFAULT NULL COMMENT '操作代码',
  PRIMARY KEY (`OPERATION_ID`)
) ENGINE=InnoDB DEFAULT CHARSET=utf8 COMMENT='权限_操作';

-- ----------------------------
-- Records of operation
-- ----------------------------
INSERT INTO `operation` VALUES ('643D6526E23F4FF8A241499531144195', '编辑', 'EDIT');
INSERT INTO `operation` VALUES ('8DAF951448FD4B73ADE2D86571F673EB', '查看', 'LOOK');

-- ----------------------------
-- Table structure for parameter
-- ----------------------------
DROP TABLE IF EXISTS `parameter`;
CREATE TABLE `parameter` (
  `PARAMETER_ID` varchar(32) NOT NULL COMMENT '参数编号',
  `INTERFAC_ID` varchar(32) DEFAULT NULL COMMENT '接口_编号',
  `PARAMETER_NAME` varchar(32) DEFAULT NULL COMMENT '参数名称',
  `PARAMETER_CODE` varchar(32) DEFAULT NULL COMMENT '参数代码',
  `PARAMETER_DATA_TYPE` varchar(32) DEFAULT NULL COMMENT '参数数据类型',
  `MIN_LENGTH` int(11) DEFAULT NULL COMMENT '最小长度',
  `MAX_LENGTH` int(11) DEFAULT NULL COMMENT '最大长度',
  `PARAMETER_EXAMPLE` text COMMENT '参数实例',
  `PARAMETER_EXPLAIN` varchar(640) DEFAULT NULL COMMENT '参数说明',
  `IS_MUST` varchar(16) DEFAULT NULL COMMENT '是否必须',
  `WEIGHT` int(11) DEFAULT NULL COMMENT '权重',
  `CREAT_DATE` datetime DEFAULT NULL COMMENT '创建时间',
  `ENUMERATION` varchar(255) DEFAULT NULL COMMENT '枚举值',
  PRIMARY KEY (`PARAMETER_ID`),
  KEY `FK_PARAMETER_INTERFACE` (`INTERFAC_ID`),
  CONSTRAINT `FK_PARAMETER_INTERFACE` FOREIGN KEY (`INTERFAC_ID`) REFERENCES `interfac` (`INTERFAC_ID`) ON DELETE CASCADE ON UPDATE CASCADE
) ENGINE=InnoDB DEFAULT CHARSET=utf8 COMMENT='参数_参数';

-- ----------------------------
-- Records of parameter
-- ----------------------------
INSERT INTO `parameter` VALUES ('00CA21AD32BA4C79B1232453CF43AEA8', '2C160C74A1E147989D92BB250A7FA932', '区', 'area', 'String', '1', '32', '淇滨区', 'undefined', '1', '7', '2017-06-13 17:06:43', null);
INSERT INTO `parameter` VALUES ('01AB840491FE4CC2B4D0F5920B54A0EA', '0F89F5A7C7B74477A5453417224CE199', '短信类型', 'type', 'String', '1', '32', 'register', 'undefined', '1', '1', '2017-02-20 15:02:25', null);
INSERT INTO `parameter` VALUES ('01B26C984338407EABE9BA6A50D2366F', '34C1FCBA8F0C4C81BF198B25BAFEEF38', '区县名称', 'countyName', 'String', '1', '2147483647', '', 'undefined', '1', '10', '2017-06-14 13:06:10', null);
INSERT INTO `parameter` VALUES ('039AF131CFB3488B895EBBF217DCF5E5', 'D33E8D15F41E4E6D8CD7F55E4179ACF0', '代理教材', 'agencyGoods', 'JsonArray', '1', '2147483647', '[        {            \"goodsCode\":\"33445\",            \"goodsName\":\"一年级语文同步辅导\"        },        {            \"goodsCode\":\"56677\",            \"goodsName\":\"二年级语文同步辅导\"        }    ]', 'undefined', '1', '6', '2017-06-15 09:06:07', null);
INSERT INTO `parameter` VALUES ('048B7804F860420C96AF33C873742A72', 'D8F9339B57DE4FBA8C7FB677622232D0', '用户账号', 'agencyName', 'Integer', '1', '2147483647', '', 'undefined', '1', '1', '2017-06-14 14:06:26', null);
INSERT INTO `parameter` VALUES ('055AE5770F174FC8AC6D5CA81941CF6A', '09D6592DF9DC43D096736A23F5EBDAD3', '用户唯一编号', 'userUniqueId', 'String', '32', '64', '4739482039820394209383409', 'undefined', '1', '4', '2016-07-21 09:07:06', null);
INSERT INTO `parameter` VALUES ('0765BB26729D4FC58704E787C6877B9E', null, '', '', 'String', '1', '2147483647', '', 'undefined', '1', '10', '2017-05-11 15:05:50', null);
INSERT INTO `parameter` VALUES ('07BA8CF2787F48819C46E5A32EC5F223', '54852B51EF2A4D29A26D91A892F34D3D', '练习题标题（提干截取8个字符）', 'testTitile', 'String', '1', '16', '将联手对抗是垃圾地方就是懒得看飞机', 'undefined', '1', '2', '2016-08-03 11:08:34', null);
INSERT INTO `parameter` VALUES ('09C2C083623B4663B5C4E616C06417F7', '9D443B2FCA4F40E39981C4D8111C9A6D', '时间范围类型', 'type', 'String', '1', '32', 'today', '必须保证是标准的JSON格式', '1', '2', '2016-03-21 14:10:59', null);
INSERT INTO `parameter` VALUES ('0B30604DCA114B0B8E2E5F312A45FBEB', '0178AED6425749199DEE285FB9D6A844', '诊断报告Id', 'reportId', 'String', '1', '9', '905', 'undefined', '1', '2', '2016-08-31 11:08:24', null);
INSERT INTO `parameter` VALUES ('0B33CE6F5DBD4C23B5809A44FC27E7E8', null, '要删除的ID ', 'ids', 'String', '1', '1', '111', 'undefined', '1', '2', '2016-07-08 10:07:31', null);
INSERT INTO `parameter` VALUES ('0B64E29A089442BB9BD28C7E6742618C', '34C1FCBA8F0C4C81BF198B25BAFEEF38', '付款用户账号', 'payUserAccount', 'String', '1', '2147483647', '', 'undefined', '1', '18', '2017-06-14 13:06:49', null);
INSERT INTO `parameter` VALUES ('0B69C11CE0A141138EBBF1EE243975FB', '9F7EE10BB25E436DB144C20891A64D36', '模板类型', 'sendType', 'String', '3', '32', 'login', '必须保证是标准的JSON格式', '1', '7', '2016-03-21 09:49:36', null);
INSERT INTO `parameter` VALUES ('0D691832FC774FB19F999DB972B4090D', '27482538BA2B4D2C90F7336510505A20', '推送内容', 'content', 'String', '1', '128', 'fsfsfsdffsdfsddddddfsdf', '必须保证是标准的JSON格式', '1', '4', '2016-03-21 13:29:17', null);
INSERT INTO `parameter` VALUES ('0FABF63877794A4EB5614449D5C34D53', 'EB531E77211F4819ABBA795E7BEA8287', '添加好友申请UUID', 'applyUuid', 'String', '1', '100', 'test', 'undefined', '1', '1', '2016-07-19 20:07:22', null);
INSERT INTO `parameter` VALUES ('10A5AD1AE886477C917A0EFDC0F4668E', 'FB921A705C42476099B16176A478B698', '区', 'area', 'String', '1', '32', '淇滨区', 'undefined', '1', '7', '2017-06-13 17:06:06', null);
INSERT INTO `parameter` VALUES ('10AE094B12664A1C8F507BC98F28AB4E', null, '回话ID', 'sessionId', 'String', '32', '32', 'E20F8481F06B4B1EA7B2AA91E0154A4C', '', '1', '1', '2015-11-09 10:07:16', null);
INSERT INTO `parameter` VALUES ('11745CF5BAFF4DB68CF158F7414EF82F', '780011C87E914E4BA935DD41EEBD3710', '注册设备类型', 'equipmentType', 'String', '3', '10', 'Web', 'undefined', '1', '5', '2016-07-19 14:07:20', null);
INSERT INTO `parameter` VALUES ('12D5140CD74B4BFDBA3BC415467D2314', '6E6C56EF4B7C4C5C8F08EF712E3B8FFB', '令牌', 'token', 'String', '1', '50', '', 'undefined', '1', '2', '2016-07-19 18:07:36', null);
INSERT INTO `parameter` VALUES ('1308784AC9D6402C96B93C9CDE712D0E', '255407A4A0C848DDA10FEF6EC2C0E529', '学校', 'school', 'String', '1', '32', '淇滨小学', 'undefined', '1', '8', '2017-06-13 17:06:42', null);
INSERT INTO `parameter` VALUES ('138B6DE77B6142D888001F66D3E7A79F', '94F74A01EFFB4B318421DDFCAA07F961', '学生名', 'userName', 'String', '1', '32', '小明\"', 'undefined', '1', '1', '2017-06-13 17:06:29', null);
INSERT INTO `parameter` VALUES ('14B650F1EF1D4A32A8AD7EE5A779C823', '6E6C56EF4B7C4C5C8F08EF712E3B8FFB', '用户code', 'userCode', 'String', '1', '100', '', 'undefined', '1', '1', '2016-07-19 18:07:21', null);
INSERT INTO `parameter` VALUES ('14C0107DC79A4EB8B9EDDA4E15388FFB', null, '', '', 'String', '1', '2147483647', '', 'undefined', '1', '8', '2017-05-11 15:05:49', null);
INSERT INTO `parameter` VALUES ('15A29F060CCB45F3871EF8C54042F5C2', 'EE1F9CD813E44482964F7EF43064C235', '登录密码：密码md5加密', 'loginPassword', 'String', '1', '2147483647', '', 'undefined', '1', '2', '2017-06-14 13:06:29', null);
INSERT INTO `parameter` VALUES ('173AB572F8E84250B0EEA6AA66212C72', 'CD3ABF598EB84706B738AAC866B6DA2F', '用户耗时', 'time', 'Integer', '1', '1', '60', 'undefined', '1', '2', '2016-08-03 13:08:01', null);
INSERT INTO `parameter` VALUES ('1A609DF3212E497AA828B4DFE207FA0C', '775B8619EAF247B993B77CEA29AE0218', '必修Ⅲ学分', 'compulsoryThreeScore', 'INTEGER', '1', '11', '1', null, 'false', '1', '2017-09-25 10:30:55', '');
INSERT INTO `parameter` VALUES ('1AF26A13645948599A8BF88595B46790', 'E54D511AD30B45929726A71BFF30E9FC', '每页显示数目', 'pz', 'String', '1', '2147483647', '', 'undefined', '1', '3', '2017-06-14 13:06:55', null);
INSERT INTO `parameter` VALUES ('1BB01265E24C4A13A7B62B03306FDB47', '54852B51EF2A4D29A26D91A892F34D3D', '收藏来源', 'source', 'String', '1', '32', '同步辅导', 'undefined', '1', '3', '2016-08-03 13:08:57', null);
INSERT INTO `parameter` VALUES ('1E17584129E840C78D835EE2268BC024', '34C1FCBA8F0C4C81BF198B25BAFEEF38', '订单编号', 'orderSn', 'String', '1', '2147483647', '', 'undefined', '1', '1', '2017-06-14 13:06:55', null);
INSERT INTO `parameter` VALUES ('1F23A0BEC59143CF9171E9452BD9C110', 'CD3ABF598EB84706B738AAC866B6DA2F', '练习题CODE', 'exercisesCode', 'String', '1', '1', '234534234534234534234534', 'undefined', '1', '3', '2016-08-03 13:08:50', null);
INSERT INTO `parameter` VALUES ('1F58829824184A518E6C1E1175753F69', '96CFEC0DAF93441A8ACFE2B292A4F2AE', '用户账号', 'agencyName', 'Integer', '1', '2147483647', '', 'undefined', '1', '1', '2017-06-14 14:06:01', null);
INSERT INTO `parameter` VALUES ('1F7EE17B2F2D44AF996B5E275163A83C', 'E54D511AD30B45929726A71BFF30E9FC', '查询条件：结束时间', 'lastTime', 'String', '1', '2147483647', '', 'undefined', '1', '5', '2017-06-14 13:06:25', null);
INSERT INTO `parameter` VALUES ('20D2EF4933DA44DA93D7B49084B0530A', null, 'name', 'name', 'String', '1', '1', '1', '', '1', '2', '2015-11-25 17:42:39', null);
INSERT INTO `parameter` VALUES ('213A50F0B76444ACAD841F6EC76365C3', '7FD74127574F4E82AD1DB7DD45EA74D2', '练习题收藏编号', 'id', 'Integer', '1', '1', '1', 'undefined', '1', '1', '2016-08-03 11:08:24', null);
INSERT INTO `parameter` VALUES ('2166E9A3E9424DB5A812541C5C887B84', '34C1FCBA8F0C4C81BF198B25BAFEEF38', '交易渠道', 'payChannel', 'String', '1', '2147483647', '', 'undefined', '1', '16', '2017-06-14 13:06:05', null);
INSERT INTO `parameter` VALUES ('21717A56361641FF96AEF7EAAC92AEE6', '27482538BA2B4D2C90F7336510505A20', '推送对象', 'object', 'String', '1', '1', '13681004142', '必须保证是标准的JSON格式', '1', '1', '2016-03-29 10:05:31', null);
INSERT INTO `parameter` VALUES ('224D534D302C4F10977B160C28474F46', null, '', '', 'String', '1', '2147483647', '', 'undefined', '1', '17', '2017-05-11 15:05:51', null);
INSERT INTO `parameter` VALUES ('2364E8632B104A24A3A6CD01A9D6E412', '6DAFABFAF3E34B4288D4BF3DCA2DCCE1', '学校编号', 'schoolId', 'INTEGER', '1', '11', '1', null, 'true', '1', '2017-09-25 10:30:55', '');
INSERT INTO `parameter` VALUES ('24D848369B9C4F0FAAC3715A36F32CEE', null, '', '', 'String', '1', '2147483647', '', 'undefined', '1', '24', '2017-05-11 15:05:58', null);
INSERT INTO `parameter` VALUES ('265F76A3628C41E38ACC856AF178B7D2', null, '星级', 'start', 'String', '3', '3', '1', '', '1', '6', '2015-11-07 15:04:54', null);
INSERT INTO `parameter` VALUES ('26F423849F2F428CB2821321315A334E', '775B8619EAF247B993B77CEA29AE0218', '课表时间名称', 'curriculumName', 'STRING', '1', '32', '2018秋季学期', null, 'false', '1', '2017-09-25 10:30:55', '');
INSERT INTO `parameter` VALUES ('28D4AD75F67F44048B0CC47B9DF74DAB', '673C016DD721465BBA135FACF0D6309D', '老师编号', 'teacherId', 'INTEGER', '1', '11', '3', null, 'true', '1', '2017-09-25 10:30:57', '');
INSERT INTO `parameter` VALUES ('2B19EEEBD7BD4D0DA93FE17BF781E64F', '34C1FCBA8F0C4C81BF198B25BAFEEF38', '市code', 'cityCode', 'String', '1', '2147483647', '', 'undefined', '1', '7', '2017-06-14 13:06:36', null);
INSERT INTO `parameter` VALUES ('2B7BC7F42E2742059351E86B690C4278', null, '学科代码', 'subjectCode', 'String', '16', '16', '274ea ', '', '1', '3', '2015-11-07 15:02:41', null);
INSERT INTO `parameter` VALUES ('2CD62EDE633E4E9F80CECFA6813BE892', '3989DFE57B364A1D88A1598833D707EA', '订单uuid', 'uuid', 'Integer', '1', '2147483647', '', 'undefined', '1', '1', '2017-06-14 13:06:20', null);
INSERT INTO `parameter` VALUES ('2E18F683C29E446A87EEE62A92C5FAB1', 'C1E8BE8AF9734B1AB00D7048251A559C', '旧密码', 'oldPassword', 'String', '6', '18', 'test23456', 'undefined', '1', '1', '2016-07-19 18:07:22', null);
INSERT INTO `parameter` VALUES ('2EEED35867F84756A93C3B493D305DA4', 'D33E8D15F41E4E6D8CD7F55E4179ACF0', '出版社名称', 'agencyName', 'String', '1', '32', '人民出版社', 'undefined', '1', '1', '2017-06-15 09:06:48', null);
INSERT INTO `parameter` VALUES ('2F8720CA57744696A4D8225236F29A4F', null, 'g', 'g', 'String', '1', '1', 'g', 'undefined', '1', '2', '2016-06-22 17:06:26', null);
INSERT INTO `parameter` VALUES ('2FAD038319C94A4C9EA4889DA1A01247', null, 'JSON格式的参数', 'jsonString', 'String', '1', '10000', '{    \"l1\": {        \"l1_1\": [            \"l1_1_1\",            \"l1_1_2\"        ],        \"l1_2\": {            \"l1_2_1\": 121        }    },    \"l2\": {        \"l2_1\": null,        \"l2_2\": true,        \"l2_3\": {}    }}', '必须保证是标准的JSON格式', '1', '1', '2016-04-18 11:04:33', null);
INSERT INTO `parameter` VALUES ('305EB0931A3040F4AF4742958BEC5C66', '62FDFBD4799745039C8BB8D3E34F0B55', 'f', 'f', 'String', '1', '1', 'f', 'undefined', '1', '1', '2016-08-04 11:08:11', null);
INSERT INTO `parameter` VALUES ('311B0D49321345C4BD1A410533662809', '34C1FCBA8F0C4C81BF198B25BAFEEF38', '学年班级名称', 'affiliatedClass', 'String', '1', '2147483647', '', 'undefined', '1', '13', '2017-06-14 13:06:24', null);
INSERT INTO `parameter` VALUES ('3158875419644FE18F701EAC7A70DAB5', 'F84FBF59B23943AEBB1DC24C5CC3696B', '类型', 'type', 'String', '1', '8', 'IOS', 'undefined', '1', '3', '2016-08-05 14:08:37', null);
INSERT INTO `parameter` VALUES ('322567C83BB446BB803B852928F2721D', '79C3F6F3911A414CA90B916EC4D5EB26', '学科编号', 'subjectId', 'INTEGER', '1', '11', '1', null, 'true', '1', '2017-09-25 10:30:56', '');
INSERT INTO `parameter` VALUES ('339957160787409CB153A5CDA058F5E2', null, '密码', 'password', 'String', '6', '16', '000000', '', '1', '2', '2015-11-05 17:32:02', null);
INSERT INTO `parameter` VALUES ('357DCF9736764CEB92C2F8E3443F8B85', null, '参数', 'parameter', 'String', '1', '15', 'fs', '必须保证是标准的JSON格式', '1', '1', '2016-04-26 15:04:16', null);
INSERT INTO `parameter` VALUES ('36896BA4738643FA8F135515660B3B7F', '255407A4A0C848DDA10FEF6EC2C0E529', '区', 'area', 'String', '1', '32', '淇滨区', 'undefined', '1', '11', '2017-06-13 17:06:32', null);
INSERT INTO `parameter` VALUES ('37E06B35BF8749F3A5C96F7421B6EBA7', '255407A4A0C848DDA10FEF6EC2C0E529', '教材版本', 'textBook', 'String', '1', '32', '人教版', 'undefined', '1', '10', '2017-06-13 17:06:46', null);
INSERT INTO `parameter` VALUES ('37E654789880409EB1196C4E0030F185', null, '习题编号', 'exNumber', 'String', '1', '1', '1', '习题编号', '1', '1', '2015-11-06 15:18:18', null);
INSERT INTO `parameter` VALUES ('382A3FA0FD9E43809F41E226E6A578D0', '780011C87E914E4BA935DD41EEBD3710', '密码', 'password', 'String', '6', '18', 'test123456', 'undefined', '1', '2', '2016-07-19 14:07:39', null);
INSERT INTO `parameter` VALUES ('38562520052C4BF2A7D76176A7C2EE45', '6DAFABFAF3E34B4288D4BF3DCA2DCCE1', '学校名称', 'schoolName', 'STRING', '1', '32', '北京市第一中学', null, 'true', '1', '2017-09-25 10:30:55', '');
INSERT INTO `parameter` VALUES ('398B496E85E74A4891C2A8EEA5052999', null, '', '', 'String', '1', '2147483647', '', 'undefined', '1', '20', '2017-05-11 15:05:54', null);
INSERT INTO `parameter` VALUES ('3BEF0768E121444D9E84F1C4913C049D', 'FB921A705C42476099B16176A478B698', '教师姓名', 'userName', 'String', '1', '32', '小明', 'undefined', '1', '1', '2017-06-13 17:06:47', null);
INSERT INTO `parameter` VALUES ('3CEEC46BB011456AAA469ED438852252', '780011C87E914E4BA935DD41EEBD3710', '注册来源', 'registerSource', 'String', '3', '6', '011', 'undefined', '1', '3', '2016-07-19 14:07:38', null);
INSERT INTO `parameter` VALUES ('3DF835E4F59F49F0B62EA141A20DD221', '34C1FCBA8F0C4C81BF198B25BAFEEF38', '学校code', 'affiliatedSchoolCode', 'Integer', '1', '2147483647', '', 'undefined', '1', '23', '2017-06-15 10:06:28', null);
INSERT INTO `parameter` VALUES ('3F44E229AEBE43D89E58A689672B48E1', null, '电话号码', 'phoneNumber', 'String', '11', '11', '13681004142', '', '1', '1', '2015-11-05 17:31:25', null);
INSERT INTO `parameter` VALUES ('4060F79D8E7C4D1FB2E453F7D4A218E8', null, '', '', 'String', '1', '2147483647', '', 'undefined', '1', '22', '2017-05-11 15:05:56', null);
INSERT INTO `parameter` VALUES ('4192F4E913CE4363BAA1587B9E01F56C', '405956C5213043B09F8DD558E57DB2CF', '用户code', 'userCode', 'String', '1', '100', 'test123456', 'undefined', '1', '1', '2016-07-19 18:07:59', null);
INSERT INTO `parameter` VALUES ('42C47D0AC7FA4E0CB6BFA97D8EC41E1B', null, '', '', 'String', '1', '2147483647', '', 'undefined', '1', '7', '2017-05-11 15:05:48', null);
INSERT INTO `parameter` VALUES ('433420719B2B4BFEBC9D0B8FF9A61657', null, 'ff', 'ff', 'String', '1', '1', 'ff', '必须保证是标准的JSON格式', '1', '1', '2016-03-21 15:54:41', null);
INSERT INTO `parameter` VALUES ('437F0394B0A94202AE8AE1BA7540A742', '9F7EE10BB25E436DB144C20891A64D36', '应用编号', 'openId', 'String', '32', '64', 'd4ae37ce-24a8-4763-82b5-51b261a416c8', '必须保证是标准的JSON格式', '1', '1', '2016-03-21 09:19:16', null);
INSERT INTO `parameter` VALUES ('442AA572D3364970A72B995A60F6EBAE', null, '已经发送', 'sdffdfsf', 'String', '32', '32', 'dsfdfssdfsdfsdfsdfsdfsdfsdfsdf', 'undefined', '1', '2', '2016-08-04 09:08:22', null);
INSERT INTO `parameter` VALUES ('44D7DEB28C4549F0A70977912E8F68D9', '1D8345881C864FB8896BF2CE2506A649', '学生类型', 'studentType', 'String', '1', '1', '1', 'undefined', '1', '1', '2016-09-01 15:09:47', null);
INSERT INTO `parameter` VALUES ('4506B08779ED4CA28D9FFA9D8C223796', '673C016DD721465BBA135FACF0D6309D', '排课任务编号', 'scheduleId', 'INTEGER', '1', '11', '1', null, 'true', '1', '2017-09-25 10:30:57', '');
INSERT INTO `parameter` VALUES ('457B415BB7D1479C8ABC8C0DA741DA34', '775B8619EAF247B993B77CEA29AE0218', '必修Ⅱ学分', 'compulsoryTwoScore', 'INTEGER', '1', '11', '1', null, 'false', '1', '2017-09-25 10:30:55', '');
INSERT INTO `parameter` VALUES ('4588CA7F290E4214AAE8DE4EC7389B9B', 'F6AE33D0F550486FADBC25606F7FB9B9', '横坐标', 'x', 'INTEGER', '1', '11', '1', null, 'true', '1', '2017-09-25 10:30:56', '');
INSERT INTO `parameter` VALUES ('45CBE623A48947569B17FC74E7101ACD', null, 'f', 'f', 'String', '1', '1', 'f', 'undefined', '1', '1', '2016-06-18 09:06:14', null);
INSERT INTO `parameter` VALUES ('45D16ECB4BB94CE4A25F402860050862', 'F84FBF59B23943AEBB1DC24C5CC3696B', 'f', 'f', 'String', '1', '3', 'fff', 'undefined', '1', '1', '2016-08-04 16:08:24', null);
INSERT INTO `parameter` VALUES ('4680C0CC1B8F433AAEA060F4F68E22C3', '5972EA20C7EF4274BB3AB177A649B90F', '我的用户code', 'myUserCode', 'String', '1', '100', 'test', 'undefined', '1', '1', '2016-07-21 11:07:41', null);
INSERT INTO `parameter` VALUES ('46AB271D88AF41DCAB1EE9A144F3AF3E', '34C1FCBA8F0C4C81BF198B25BAFEEF38', '付款时间（交易时间）', 'payTime', 'String', '1', '2147483647', '', 'undefined', '1', '11', '2017-06-14 13:06:32', null);
INSERT INTO `parameter` VALUES ('47BECCA0002B4687A603809B60145897', 'E328CB0E55D94BB59B82B5FBA26256EE', '学年', 'gradecode', 'String', '2', '2', '11', 'undefined', '1', '2', '2017-05-11 16:05:45', null);
INSERT INTO `parameter` VALUES ('480C811A2A6649E4B5D86523FAC23CC0', '3566DC3E4B2741188DE2DEADAA60C3A1', '代理机构禁用启动标识', 'disableFlag', 'Integer', '1', '2147483647', '1', 'undefined', '1', '1', '2017-07-10 10:07:17', null);
INSERT INTO `parameter` VALUES ('485AD6983DB044198637B7C4FF1C7C08', null, '', '', 'String', '1', '2147483647', '', 'undefined', '1', '18', '2017-05-11 15:05:52', null);
INSERT INTO `parameter` VALUES ('48971D96C3EF4BCF868627E8973C88CE', null, '视频网址', 'videoCode', 'String', '0', '32', '', 'undefined', '1', '3', '2017-05-19 16:05:59', null);
INSERT INTO `parameter` VALUES ('49143EEB03204B5C9E570716ED8E3C22', 'D33E8D15F41E4E6D8CD7F55E4179ACF0', '统计权限', 'statisticsJurisdiction', 'String', '1', '1', '1', 'undefined', '1', '9', '2017-07-10 09:07:39', null);
INSERT INTO `parameter` VALUES ('496BA5BCD4F6471A81CB115C1A99133D', '3857C6B81BEA439D966F4D288CB31F72', '终端IP', 'spbillCreateIp', 'String', '16', '64', '127.0.0.1', 'undefined', '1', '1', '2016-08-03 10:08:03', null);
INSERT INTO `parameter` VALUES ('49AE43B144C04B2D9B853F466BEEBED4', null, 'id', 'id', 'String', '1', '16', 'UI23IUOIJl32KJkl', 'undefined', '1', '1', '2016-06-02 16:06:25', null);
INSERT INTO `parameter` VALUES ('4CAFE333B69B490BBBB58C2BFC8B960A', 'FB921A705C42476099B16176A478B698', '年级', 'grade', 'String', '1', '32', '二年级', 'undefined', '1', '3', '2017-06-13 17:06:11', null);
INSERT INTO `parameter` VALUES ('4D9286D8E0944C328067837E2B7D66EC', '372308C89B5045FEBACBA0BB49FFF320', '', 'requestId', 'String', '32', '64', '6830396ce01a464ab3c97aec9300be0d', 'undefined', '1', '1', '2016-07-20 17:07:26', null);
INSERT INTO `parameter` VALUES ('4E39B176EABB4D39A828B0B7C76F36A2', 'F6AE33D0F550486FADBC25606F7FB9B9', '学期编号', 'curriculumTimeId', 'INTEGER', '1', '11', '1', null, 'true', '1', '2017-09-25 10:30:56', '');
INSERT INTO `parameter` VALUES ('4ED83728C54344B6ACDA8D418D6294A1', null, 'fff', 'ff', 'String', '1', '1', '', '必须保证是标准的JSON格式', '1', '3', '2016-03-23 16:58:40', null);
INSERT INTO `parameter` VALUES ('4FF583A655E4475EA05A0302A0F6ED84', '799570CB5852421EA592EED4CC5CD700', '用户编号', 'productId', 'String', '32', '64', '32bdd1c5-8eef-4843-9a9a-228dc0f3b617', '必须保证是标准的JSON格式', '1', '1', '2016-03-17 16:24:50', null);
INSERT INTO `parameter` VALUES ('5008A664844A40BCAA74BFF46A51994F', null, '', '', 'String', '1', '1', '', 'undefined', '1', '2', '2016-07-21 20:07:02', null);
INSERT INTO `parameter` VALUES ('501B259F673F4CF99A8B4D9CAF1EDCF0', 'E54D511AD30B45929726A71BFF30E9FC', '当前页', 'cp', 'String', '1', '2147483647', '', 'undefined', '1', '2', '2017-06-14 13:06:36', null);
INSERT INTO `parameter` VALUES ('50E7310F66154F228D505DC73A36924C', '3ECC14E4F82548EDB0FA24CE95673C02', '学校编号', 'schoolId', 'INTEGER', '1', '11', '1', null, 'true', '1', '2017-09-25 10:30:55', '');
INSERT INTO `parameter` VALUES ('51DB8CDAC2B0468EB37B01A995544339', '34C1FCBA8F0C4C81BF198B25BAFEEF38', '订单名称（商品名称）', 'orderName', 'String', '1', '2147483647', '', 'undefined', '1', '2', '2017-06-14 13:06:17', null);
INSERT INTO `parameter` VALUES ('51F1E59C9D954625B09228FEC03B7775', '89379F7B09C441C3BB7D576AD1735D48', 'f', 'f', 'String', '1', '1', 'f', 'undefined', '1', '1', '2016-08-04 19:08:01', null);
INSERT INTO `parameter` VALUES ('520FC868CC7545FD918C2E60AD4A267E', null, '', '', 'String', '1', '2147483647', '', 'undefined', '1', '12', '2017-05-11 15:05:51', null);
INSERT INTO `parameter` VALUES ('52B3F512F307480F94859597C3B35BC2', 'FB921A705C42476099B16176A478B698', '教材版本', 'textBook', 'String', '1', '32', '人教版', 'undefined', '1', '4', '2017-06-13 17:06:28', null);
INSERT INTO `parameter` VALUES ('538C3644C01D4E938F16919D6DE868E8', '34C1FCBA8F0C4C81BF198B25BAFEEF38', '市名称', 'cityName', 'String', '1', '2147483647', '', 'undefined', '1', '8', '2017-06-14 13:06:48', null);
INSERT INTO `parameter` VALUES ('56437CA9B3F84F62A53034CE899E06A9', 'BD50776D9D534189A3DCEABF1470D001', '应用编号', 'productId', 'String', '32', '64', '32bdd1c5-8eef-4843-9a9a-228dc0f3b617', '必须保证是标准的JSON格式', '1', '1', '2016-03-21 11:38:40', null);
INSERT INTO `parameter` VALUES ('570B119B501347F69BD322F3E9CC4AC8', 'C1E8BE8AF9734B1AB00D7048251A559C', '令牌', 'token', 'String', '1', '60', 'test123456', 'undefined', '1', '4', '2016-07-19 18:07:25', null);
INSERT INTO `parameter` VALUES ('5740FE5880D543C98552758A0CF98665', '94F74A01EFFB4B318421DDFCAA07F961', '年级', 'grade', 'String', '1', '32', '二年级', 'undefined', '1', '11', '2017-06-13 17:06:51', null);
INSERT INTO `parameter` VALUES ('5742E329F6384B2EB8D73B622E3E51C4', null, '习题代码', 'exercisesId', 'String', '32', '32', '3f3f3b5a92db4d1ea7467d1750a3d698', '', '1', '2', '2015-11-09 10:08:48', null);
INSERT INTO `parameter` VALUES ('577C2A1F476447558A0D3FD8185A7034', '6DAFABFAF3E34B4288D4BF3DCA2DCCE1', '排课任务名称', 'scheduleName', 'STRING', '1', '32', '2018秋季学期 - 高一上', null, 'true', '1', '2017-09-25 10:30:55', '');
INSERT INTO `parameter` VALUES ('5B122F508D41435B9AD535A44A7C0210', '34C1FCBA8F0C4C81BF198B25BAFEEF38', '省名称', 'provinceName', 'String', '1', '2147483647', '', 'undefined', '1', '6', '2017-06-14 13:06:22', null);
INSERT INTO `parameter` VALUES ('5CF9478F365148C481AE707D6E027113', 'F96E90CE661E48A68628B6007198923D', '好友请求来源', 'applySource', 'String', '1', '10', 'search', 'undefined', '0', '3', '2016-07-19 20:07:16', null);
INSERT INTO `parameter` VALUES ('5E82720C0F0B44A98CD080E315BF1303', null, '', '', 'String', '1', '2147483647', '', 'undefined', '1', '19', '2017-05-11 15:05:52', null);
INSERT INTO `parameter` VALUES ('5E9E1C2C73954B30BE8CAB89491184D6', '27482538BA2B4D2C90F7336510505A20', '密码', 'password', 'String', '16', '64', 'e10adc3949ba59abbe56e057f20f883e', '必须保证是标准的JSON格式', '1', '2', '2016-03-21 13:28:06', null);
INSERT INTO `parameter` VALUES ('5FA7F3DBBAF641E880C54B1F7EC6B355', '9F7EE10BB25E436DB144C20891A64D36', '邮件主题', 'subject', 'String', '1', '32', '短信验证', '必须保证是标准的JSON格式', '1', '4', '2016-03-21 09:21:17', null);
INSERT INTO `parameter` VALUES ('5FA86EC93C3C4BB18662DA24DF3D4551', '3B39B981F876478CAD588DDBFBAB3D9E', '教师姓名', 'userName', 'String', '1', '32', '小明', 'undefined', '1', '1', '2017-06-13 17:06:07', null);
INSERT INTO `parameter` VALUES ('5FFDF9AA760F4D77A3042BDEAB8E11A1', '3ECC14E4F82548EDB0FA24CE95673C02', '每页数量', 'pageSize', 'INTEGER', '1', '11', '1', null, 'true', '1', '2017-09-25 10:30:55', '');
INSERT INTO `parameter` VALUES ('6014C95AE8474609B4B28B7E20776640', null, '编号', 'id', 'String', '1', '1', '1', '', '1', '2', '2015-11-28 14:37:35', null);
INSERT INTO `parameter` VALUES ('6123263A04C6455E9A60ECD7808772B1', '255407A4A0C848DDA10FEF6EC2C0E529', '新增时间', 'addTime', 'String', '1', '32', '1497084649293', 'undefined', '1', '9', '2017-06-13 17:06:00', null);
INSERT INTO `parameter` VALUES ('61DC5473B8F34B26AAB25DDE360BF245', '34C1FCBA8F0C4C81BF198B25BAFEEF38', '交易金额', 'orderPrice', 'String', '1', '2147483647', '', 'undefined', '1', '15', '2017-06-14 13:06:50', null);
INSERT INTO `parameter` VALUES ('63B2EBCAF8CB44A7A804001E2C94B7D6', null, '', '', 'String', '1', '2147483647', '', 'undefined', '1', '11', '2017-05-11 15:05:50', null);
INSERT INTO `parameter` VALUES ('63CED5EBC3EC457CBB5DA1600F6B3A71', '27482538BA2B4D2C90F7336510505A20', '拓展字段', 'extraContent', 'String', '1', '1024', '来说快点放假了就是独立开发角落上课的发链接可怜的是否', 'undefined', '1', '9', '2016-08-08 16:08:07', null);
INSERT INTO `parameter` VALUES ('64B6A1D87CC24644B62316510820CA54', null, 'requestType', 'requestType', 'String', '9', '9', 'POST', 'requestType', '1', '2', '2015-11-07 14:54:29', null);
INSERT INTO `parameter` VALUES ('6673880401A44EA18D2E1AACE3C66B67', '799570CB5852421EA592EED4CC5CD700', '请求类型', 'type', 'String', '1', '16', 'today', '必须保证是标准的JSON格式', '1', '2', '2016-03-17 16:25:42', null);
INSERT INTO `parameter` VALUES ('68E88CAB5A44408EBE47DC744F881975', '2C160C74A1E147989D92BB250A7FA932', '学生姓名', 'userName', 'String', '1', '32', '小明', 'undefined', '1', '1', '2017-06-13 17:06:46', null);
INSERT INTO `parameter` VALUES ('6A52BF9B41A8487DAE68D20327382371', 'D8F9339B57DE4FBA8C7FB677622232D0', '新密码', 'newPassword', 'String', '1', '2147483647', '', 'undefined', '1', '2', '2017-06-14 14:06:39', null);
INSERT INTO `parameter` VALUES ('6B496D442A3C48358D47C05F0B33DEE2', null, 's', 's', 'String', '1', '3', 'hr', 's', '1', '1', '2015-12-15 08:57:31', null);
INSERT INTO `parameter` VALUES ('6C682A8D25294D02A38D10467EF45979', 'EE1F9CD813E44482964F7EF43064C235', '登录账号', 'agencyName', 'Integer', '1', '2147483647', '', 'undefined', '1', '1', '2017-06-14 13:06:59', null);
INSERT INTO `parameter` VALUES ('6CE75168EA7342B9A4C54659501402A5', 'F6AE3EF135E54802B8349F7F14DA4380', '应用编号', 'productId', 'String', '32', '64', '32bdd1c5-8eef-4843-9a9a-228dc0f3b617', '必须保证是标准的JSON格式', '1', '1', '2016-03-17 10:42:36', null);
INSERT INTO `parameter` VALUES ('6DAF05C8CD7849DAA9793F1AF2F4527A', null, 'y', 'y', 'String', '1', '1', 'y', '必须保证是标准的JSON格式', '1', '1', '2016-04-18 09:04:19', null);
INSERT INTO `parameter` VALUES ('6DBA12C938634A48B9A6F965479A14ED', null, '', '', 'String', '1', '2147483647', '', 'undefined', '1', '2', '2017-05-11 15:05:46', null);
INSERT INTO `parameter` VALUES ('6E575D51A8B242C8BAE95E7205F7FD3C', '2C160C74A1E147989D92BB250A7FA932', '市', 'city', 'String', '1', '32', '鹤壁市', 'undefined', '1', '6', '2017-06-13 17:06:26', null);
INSERT INTO `parameter` VALUES ('6F51A68F27F54C0DB6D926237D0487BC', null, '是否正确', 'isRight', 'String', '1', '32', '1', '', '1', '5', '2015-11-09 10:11:17', null);
INSERT INTO `parameter` VALUES ('7068E8A913D740C5BA8C630B6E8084C6', '9F7EE10BB25E436DB144C20891A64D36', '请求编号', 'requestId', 'String', '16', '32', 'sdfsdfsfd232434', '必须保证是标准的JSON格式', '0', '6', '2016-03-21 09:22:38', null);
INSERT INTO `parameter` VALUES ('709FE7FEDD7F487D884FC2D8D1526B9A', '714DD59896684E47B3DB40F0CFC3A679', '排课任务编号', 'scheduleId', 'INTEGER', '1', '11', '1', null, 'true', '1', '2017-09-25 10:30:55', '');
INSERT INTO `parameter` VALUES ('70A60AFDBAE543B89B3D36108FA4A84A', null, 'JSON格式的参数', 'jsonString', 'String', '1', '10000', '{  \"sessionId\": \"4708ACE0F1AD44D9A709AB32FABEE010\",  \"exercises\": [{\"exercisesId\":\"3f3f3b5a92db4d1ea7467d1750a3d698\",\"subjectId\":\"274ea\",\"gradeId\":\"83e01\",\"isRight\":\"1\"},{\"exercisesId\":\"266ce8b224f740f698f5db2ae5e15b68\",\"subjectId\":\"274ea\",\"gradeId\":\"83e01\",\"isRight\":\"1\"},{\"exercisesId\":\"9596acbff9434160a38f39e951a59b79\",\"subjectId\":\"274ea\",\"gradeId\":\"83e01\",\"isRight\":\"1\"}]}', '必须保证是标准的JSON格式', '1', '1', '2015-11-09 10:32:00', null);
INSERT INTO `parameter` VALUES ('71EFEFA1395548DF81AAF479207C83DE', '27482538BA2B4D2C90F7336510505A20', 'appKey', 'appKey', 'String', '1', '1', 'ec86eb0e8ada5b85082cd163', '必须保证是标准的JSON格式', '1', '1', '2016-03-29 10:04:49', null);
INSERT INTO `parameter` VALUES ('72671371665B45B1917E962E475D5962', '94F74A01EFFB4B318421DDFCAA07F961', '市', 'city', 'String', '1', '32', '鹤壁市', 'undefined', '1', '6', '2017-06-13 17:06:56', null);
INSERT INTO `parameter` VALUES ('7277DF31BC874FD498B273BBA04C5321', 'D33E8D15F41E4E6D8CD7F55E4179ACF0', '联系人电话号码', 'linkmanPhone', 'String', '1', '16', '13681004142', 'undefined', '1', '3', '2017-06-15 09:06:44', null);
INSERT INTO `parameter` VALUES ('72A713237F2B4CA1A62BB03F902EFE38', '94F74A01EFFB4B318421DDFCAA07F961', '区', 'area', 'String', '1', '32', '淇滨区', 'undefined', '1', '7', '2017-06-13 17:06:09', null);
INSERT INTO `parameter` VALUES ('7373F10FD84143258E72D4AE917978C0', null, 'ff', 'ff', 'String', '1', '1', 'f', '必须保证是标准的JSON格式', '1', '2', '2016-03-23 16:58:34', null);
INSERT INTO `parameter` VALUES ('73A0D36D81F64F74B554C8B00FAF8207', '94F74A01EFFB4B318421DDFCAA07F961', '教材版本', 'textBook', 'String', '1', '32', '人教版', 'undefined', '1', '4', '2017-06-13 17:06:24', null);
INSERT INTO `parameter` VALUES ('73A74F650E96448BA440B0C888C1976B', 'CD3ABF598EB84706B738AAC866B6DA2F', '知识点', 'knowledges', 'JsonArray', '1', '1', '[]', 'undefined', '1', '4', '2016-08-03 13:08:42', null);
INSERT INTO `parameter` VALUES ('74CB6F501FB149D79891ABF60A455ACA', null, 'f', 'f', 'String', '1', '1', '1', 'f', '1', '1', '2015-11-05 16:34:42', null);
INSERT INTO `parameter` VALUES ('762F1305C3DE4ACD9BF916F9DE2C96F2', '255407A4A0C848DDA10FEF6EC2C0E529', '学生姓名', 'userName', 'String', '1', '32', '小明', 'undefined', '1', '1', '2017-06-13 17:06:40', null);
INSERT INTO `parameter` VALUES ('76CB7B3216C94355BC8CCC6E1DC61388', '7E4372BAA1CD4FCCB31700706C38B6BB', '教学周期code', 'weekTimeCode', 'String', '32', '32', 'SFSFSDFSFSDDFSDFSDFSDFSDFSD', 'undefined', '0', '1', '2016-09-28 14:09:24', null);
INSERT INTO `parameter` VALUES ('785FA8A7A5384C3BA0FF4EC103D80974', null, '会话ID', 'sessionId', 'String', '32', '32', 'BCB01A60911B4E4CB06455E2753E3C66', '', '1', '1', '2015-11-11 11:32:46', null);
INSERT INTO `parameter` VALUES ('7951A73D08E14721ACBC98C0BEC82AAA', '39D6210B12DA4D80B709DDC0B3746D9E', '排课任务编号', 'scheduleId', 'INTEGER', '1', '11', '1', null, 'true', '1', '2017-09-25 10:30:56', '');
INSERT INTO `parameter` VALUES ('7A950210D49246E4A80F045580DF04F6', '3B39B981F876478CAD588DDBFBAB3D9E', '注册时间', 'registerTime', 'String', '1', '32', '1497084649293', 'undefined', '1', '9', '2017-06-13 17:06:53', null);
INSERT INTO `parameter` VALUES ('7AA631DC83BF4C8896682B37DF12A191', 'F96E90CE661E48A68628B6007198923D', '将添加的好友code', 'friendCode', 'String', '1', '100', 'test', 'undefined', '1', '2', '2016-07-19 20:07:47', null);
INSERT INTO `parameter` VALUES ('7C4F453B235E48FFB5F74C415BC45AF8', null, '视频id', 'id', 'String', '0', '32', '', 'undefined', '0', '1', '2017-05-19 16:05:28', null);
INSERT INTO `parameter` VALUES ('7C6CA91EFEF74600AC57F9327B76B0D3', 'D33E8D15F41E4E6D8CD7F55E4179ACF0', '分成比例', 'proportion', 'String', '1', '2', '90', 'undefined', '1', '10', '2017-07-10 09:07:59', null);
INSERT INTO `parameter` VALUES ('7D8AFCBC55BF43F783D782BE8DFE9CB8', '34C1FCBA8F0C4C81BF198B25BAFEEF38', '区县code', 'countyCode', 'String', '1', '2147483647', '', 'undefined', '1', '9', '2017-06-14 13:06:59', null);
INSERT INTO `parameter` VALUES ('7EBD857633CF4AE1B4128013EAC5B261', 'F96E90CE661E48A68628B6007198923D', '我的用户code', 'myUserCode', 'String', '1', '100', '', 'undefined', '1', '1', '2016-07-19 20:07:11', null);
INSERT INTO `parameter` VALUES ('7F831C9EDF3F4126B8ED68A57C7CB028', '2C160C74A1E147989D92BB250A7FA932', '学校', 'school', 'String', '1', '32', '淇滨小学', 'undefined', '1', '10', '2017-06-13 17:06:08', null);
INSERT INTO `parameter` VALUES ('7FD84550A4F240ED8B16A4C0E8A32067', '775B8619EAF247B993B77CEA29AE0218', '年级ID', 'gradeId', 'INTEGER', '1', '11', '1', null, 'false', '1', '2017-09-25 10:30:55', '');
INSERT INTO `parameter` VALUES ('8074183F315343BDAAB681E94106B4C6', null, '', '', 'String', '1', '1', '', 'undefined', '1', '4', '2016-07-08 10:07:37', null);
INSERT INTO `parameter` VALUES ('808E2800330C4234BE878CCBBA4A3F6E', '775B8619EAF247B993B77CEA29AE0218', '抢课起始时间', 'grabLessonsStartTime', 'STRING', '1', '32', '2017-08-29 02:20:27', null, 'false', '1', '2017-09-25 10:30:55', '');
INSERT INTO `parameter` VALUES ('82BAF67493454E2DBB87BB57E94BBBA0', '775B8619EAF247B993B77CEA29AE0218', '学期ID', 'semesterId', 'INTEGER', '1', '11', '1', null, 'false', '1', '2017-09-25 10:30:55', '');
INSERT INTO `parameter` VALUES ('8307CA1FFE054E3EBA04A576D8383AD6', '9D443B2FCA4F40E39981C4D8111C9A6D', '应用编号', 'productId', 'String', '32', '64', '32bdd1c5-8eef-4843-9a9a-228dc0f3b617', '必须保证是标准的JSON格式', '1', '1', '2016-03-21 14:10:28', null);
INSERT INTO `parameter` VALUES ('835B367541514851B198C7C6098F60CB', '965EDF63544B4804BE66F1D18518E877', '手机号码', 'phone', 'String', '11', '16', '13281004142', '必须保证是标准的JSON格式', '1', '3', '2016-03-17 10:25:15', null);
INSERT INTO `parameter` VALUES ('83B4B444DE174B5CA675206C00F900AD', '34C1FCBA8F0C4C81BF198B25BAFEEF38', '学科code', 'subjectCode', 'Integer', '1', '2147483647', '', 'undefined', '1', '21', '2017-06-14 17:06:46', null);
INSERT INTO `parameter` VALUES ('83C82EA4571D4A12971C0E291798D44F', null, '', '', 'String', '1', '2147483647', '', 'undefined', '1', '9', '2017-05-11 15:05:50', null);
INSERT INTO `parameter` VALUES ('84C5FB3068434FA1888795097ECD857A', '34C1FCBA8F0C4C81BF198B25BAFEEF38', '任课教师', 'affiliatedTeacher', 'String', '1', '2147483647', '', 'undefined', '1', '14', '2017-06-14 13:06:33', null);
INSERT INTO `parameter` VALUES ('852DF3E78A904DEB91341249E7733155', null, '', '', 'String', '1', '2147483647', '', 'undefined', '1', '25', '2017-05-11 15:05:59', null);
INSERT INTO `parameter` VALUES ('863FCDE58FDB4801AC28CA0F2551B208', '27482538BA2B4D2C90F7336510505A20', '标题', 'title', 'String', '1', '16', '亿家教', '必须保证是标准的JSON格式', '1', '7', '2016-03-29 10:02:50', null);
INSERT INTO `parameter` VALUES ('883287B865B841B5B3993243E6865B88', '34C1FCBA8F0C4C81BF198B25BAFEEF38', '付款用户手机号', 'payUserMobile', 'String', '1', '2147483647', '', 'undefined', '1', '17', '2017-06-14 13:06:21', null);
INSERT INTO `parameter` VALUES ('896124BF0D054593BD9A3F14BB0D85C4', 'AC741B1BC62547AA83981630DA9092A8', '排课任务编号', 'scheduleId', 'INTEGER', '1', '11', '1', null, 'true', '1', '2017-09-25 10:30:56', '');
INSERT INTO `parameter` VALUES ('8968A59EA03D46E79887DBFEAB831842', '34C1FCBA8F0C4C81BF198B25BAFEEF38', '学年code', 'gradeCode', 'String', '1', '2147483647', '', 'undefined', '1', '22', '2017-06-14 17:06:52', null);
INSERT INTO `parameter` VALUES ('89C0CA163B2348FDA10509FF42114162', '848152D658264CE6A5B30C2D28E56178', '教学楼编号', 'buildingId', 'INTEGER', '1', '11', '3', null, 'true', '1', '2017-09-25 10:30:56', '');
INSERT INTO `parameter` VALUES ('8B344332B162438C8FAEA716C2267F68', null, '', '', 'String', '1', '2147483647', '', 'undefined', '1', '3', '2017-05-11 15:05:47', null);
INSERT INTO `parameter` VALUES ('8C35BE11C3E046C98CA4A9E642121A1D', 'D8F9339B57DE4FBA8C7FB677622232D0', '手机发送的验证码：可选', 'verificationCode', 'String', '1', '2147483647', '', 'undefined', '1', '4', '2017-06-14 16:06:23', null);
INSERT INTO `parameter` VALUES ('8E1EA1AE95BE4C20BD9D570ED502D234', null, '', '', 'String', '1', '1', '', 'undefined', '1', '3', '2016-07-08 10:07:34', null);
INSERT INTO `parameter` VALUES ('8FCF2B49509E4C8D8C5D2E621462FADF', null, '', '', 'String', '1', '2147483647', '', 'undefined', '1', '14', '2017-05-11 15:05:51', null);
INSERT INTO `parameter` VALUES ('8FE0B3D8510E4B50B01DDE19C4E6BF73', 'E54D511AD30B45929726A71BFF30E9FC', '查询条件：开始时间', 'firstTime', 'String', '1', '2147483647', '', 'undefined', '1', '4', '2017-06-14 13:06:11', null);
INSERT INTO `parameter` VALUES ('9198A4DA00D24A24AA4B65B4F3160E61', '255407A4A0C848DDA10FEF6EC2C0E529', '省', 'province', 'String', '1', '32', '河南省', 'undefined', '1', '5', '2017-06-13 17:06:47', null);
INSERT INTO `parameter` VALUES ('91BC319BFE86414D9D42AB72B1DD6E89', '27482538BA2B4D2C90F7336510505A20', '用户编号', 'openId', 'String', '1', '1', 'd4ae37ce-24a8-4763-82b5-51b261a416c8', '必须保证是标准的JSON格式', '1', '1', '2016-03-21 13:36:16', null);
INSERT INTO `parameter` VALUES ('921F8A483F4547CAA31BA74E0BBFE5A7', '2C160C74A1E147989D92BB250A7FA932', '年级', 'grade', 'String', '1', '32', '二年级', 'undefined', '1', '3', '2017-06-13 17:06:23', null);
INSERT INTO `parameter` VALUES ('92E974DB19134C2291AF67F7466C7B1E', '34C1FCBA8F0C4C81BF198B25BAFEEF38', '商品类型（未定义）', 'buyType', 'String', '1', '2147483647', '', 'undefined', '1', '20', '2017-06-14 13:06:42', null);
INSERT INTO `parameter` VALUES ('92F1A4F8B50A4D1C9023A27E8EF1DB32', null, '上下架标识：0-上架，1-下架;上架时必传，下架时不必', 'laydown', 'Integer', '1', '2147483647', '', 'undefined', '0', '6', '2017-05-19 16:05:50', null);
INSERT INTO `parameter` VALUES ('932B1FB6C19249CA9865D7F483B139C4', '3ECC14E4F82548EDB0FA24CE95673C02', '当前页', 'pageNum', 'INTEGER', '1', '11', '1', null, 'true', '1', '2017-09-25 10:30:55', '');
INSERT INTO `parameter` VALUES ('939AF2B8F3FA4D3A8D3D11D7CA8FCCB0', '6AC4E4B66E33421084D849E1634E7F7A', '学年', 'gradecode', 'String', '1', '2', '21', 'undefined', '1', '1', '2017-05-11 16:05:26', null);
INSERT INTO `parameter` VALUES ('93E2EF351564477980AD0C8BCE29626F', '2F9A0B80D4F541A5A1191879227645A9', '排课任务编号', 'scheduleId', 'INTEGER', '1', '11', '1', null, 'true', '1', '2017-09-25 10:30:56', '');
INSERT INTO `parameter` VALUES ('940EF96E4E794973BC8D613105838ED3', '2C160C74A1E147989D92BB250A7FA932', '学科', 'subject', 'String', '1', '32', '数学', 'undefined', '1', '2', '2017-06-13 17:06:05', null);
INSERT INTO `parameter` VALUES ('94E89EE8647D487983DD919020035589', '34C1FCBA8F0C4C81BF198B25BAFEEF38', '学校名称', 'affiliatedSchool', 'String', '1', '2147483647', '', 'undefined', '1', '12', '2017-06-14 13:06:04', null);
INSERT INTO `parameter` VALUES ('96007C38E03F49459AD06BA5C9FC6126', 'CD3ABF598EB84706B738AAC866B6DA2F', '试卷CODE', 'testCode', 'String', '1', '64', '55287EC4CDFB42EB9EE83DD2F2DC3B47', 'undefined', '1', '1', '2016-08-03 13:08:54', null);
INSERT INTO `parameter` VALUES ('96154E8734234688B11C05CD671561CD', 'F84FBF59B23943AEBB1DC24C5CC3696B', 'g', 'g', 'String', '1', '2', 'f', 'undefined', '1', '2', '2016-08-04 16:08:24', null);
INSERT INTO `parameter` VALUES ('96A692BC67A24FD784BB5084A1BC7B26', null, '', '', 'String', '1', '1', '', 'undefined', '1', '4', '2016-07-08 10:07:37', null);
INSERT INTO `parameter` VALUES ('97C0FEADEA504F089599EB0DC6A52014', 'D8F9339B57DE4FBA8C7FB677622232D0', '旧密码：可选', 'loginPassword', 'Integer', '1', '2147483647', '', 'undefined', '1', '3', '2017-06-14 16:06:04', null);
INSERT INTO `parameter` VALUES ('9890602A4F1C4632BB7A858CE3C7E77D', 'FB921A705C42476099B16176A478B698', '学科', 'subject', 'String', '1', '32', '数学', 'undefined', '1', '2', '2017-06-13 17:06:59', null);
INSERT INTO `parameter` VALUES ('9A6B7B26C4094AAAAE631599EABF999A', 'EA9078AD5B794A37BE9C74A22D3B6001', 'requestId', 'requestId', 'String', '1', '32', '6830396ce01a464ab3c97aec9300be0d', 'undefined', '1', '1', '2016-07-21 20:07:55', null);
INSERT INTO `parameter` VALUES ('9B6D8A7BAA594D65ACA9B31D97FBA2C9', '27EBAD8816DC4F04B57A199264704C6B', '排课任务编号', 'scheduleId', 'INTEGER', '1', '11', '1', null, 'true', '1', '2017-09-25 10:30:56', '');
INSERT INTO `parameter` VALUES ('9BCB49E4729D4410B61E9FD884277919', 'C1E8BE8AF9734B1AB00D7048251A559C', '新密码', 'password', 'String', '6', '18', 'test123456', 'undefined', '1', '2', '2016-07-19 18:07:46', null);
INSERT INTO `parameter` VALUES ('9DBC57BE2E4D4D27836BEAD9B161DDA6', '94F74A01EFFB4B318421DDFCAA07F961', '支付时间', 'payTime', 'String', '1', '32', '1497084649293', 'undefined', '1', '9', '2017-06-13 17:06:42', null);
INSERT INTO `parameter` VALUES ('9DCC6EBC9F434971947D9E71198E7795', 'FE2BF72213AC45F5A7F545B4CF800968', '年', 'yearType', 'String', '1', '2147483647', '', 'undefined', '1', '1', '2017-06-14 13:06:38', null);
INSERT INTO `parameter` VALUES ('9E0C1113455340479507EDE83C454A47', '34C1FCBA8F0C4C81BF198B25BAFEEF38', '教材版本名称', 'bookVersionName', 'String', '1', '2147483647', '', 'undefined', '1', '4', '2017-06-14 13:06:57', null);
INSERT INTO `parameter` VALUES ('A04B25FFE5E6435285A5231AA3899495', null, 'url', 'url', 'String', '22', '22', 'http://123.56.141.214:38081/iwrong-service-v3/api/find/single-answer.json', '', '1', '1', '2015-11-07 14:53:59', null);
INSERT INTO `parameter` VALUES ('A2780767622F406C884A9B9701F051BC', '7A09B9CA2CB041AFBD05BE5369CC1B0E', 'a', 'a', 'String', '1', '1', 'a', 'a', '1', '1', '2015-12-05 17:30:00', null);
INSERT INTO `parameter` VALUES ('A2C3F6F2DBF64C7BA6D329D5B286FC2E', '3B39B981F876478CAD588DDBFBAB3D9E', '省', 'province', 'String', '1', '32', '河南省', 'undefined', '1', '5', '2017-06-13 17:06:01', null);
INSERT INTO `parameter` VALUES ('A3840EA049E84A80B7449B2604756AB4', 'EB531E77211F4819ABBA795E7BEA8287', '回执状态', 'replyState', 'String', '1', '10', 'true 布尔类型', 'undefined', '1', '2', '2016-07-19 20:07:50', null);
INSERT INTO `parameter` VALUES ('A48A598EAA7D4049BBD6C4D629EE9DFB', null, '', '', 'String', '1', '1', '', 'undefined', '1', '1', '2016-07-21 20:07:41', null);
INSERT INTO `parameter` VALUES ('A57F2BAD676A4F49ACEB989737A633BF', null, '学科代码', 'subjectId', 'String', '1', '32', '274ea', '', '1', '3', '2015-11-09 10:09:39', null);
INSERT INTO `parameter` VALUES ('A58142EA9F8E46A2BAD902572EAE5DE6', '4B92B82929024C5383F34D217CC85647', '当前地区编号', 'areaId', 'Integer', '1', '2147483647', '110000', 'undefined', '1', '1', '2017-06-13 17:06:08', null);
INSERT INTO `parameter` VALUES ('A69F214A8862448A8B624F4E63D2C1B3', '775B8619EAF247B993B77CEA29AE0218', '排课任务状态', 'scheduleType', 'INTEGER', '1', '11', '1', null, 'false', '1', '2017-09-25 10:30:55', '0;1;2;3;4;5');
INSERT INTO `parameter` VALUES ('A75DD3128FA04CC0A06900E903A95404', 'F6AE33D0F550486FADBC25606F7FB9B9', '纵坐标', 'y', 'INTEGER', '1', '11', '1', null, 'true', '1', '2017-09-25 10:30:56', '');
INSERT INTO `parameter` VALUES ('A7C476CBC78643C4B5F13CA1A477C5AE', 'FE03734A9C0D4074AF668EDF002C66ED', '学校编号', 'schoolId', 'INTEGER', '1', '11', '1', null, 'true', '1', '2017-09-25 10:30:56', '');
INSERT INTO `parameter` VALUES ('A7E84C2952CA4A33AB60D8DF4314C1F1', '7A100AF3542A4BEF98F24DB57B417E4A', '排课任务编号', 'scheduleId', 'INTEGER', '1', '11', '1', null, 'true', '1', '2017-09-25 10:30:56', '');
INSERT INTO `parameter` VALUES ('A8273157A92E4B4DB7860A75B5ACE175', '965EDF63544B4804BE66F1D18518E877', '请求编号', 'requestId', 'String', '32', '32', 'sdfsds2343546546ffsdfw', '必须保证是标准的JSON格式', '0', '5', '2016-03-17 10:26:38', null);
INSERT INTO `parameter` VALUES ('A8EB5CF4D44E4A0AAA699DC1F2E66C22', '3B39B981F876478CAD588DDBFBAB3D9E', '市', 'city', 'String', '1', '32', '鹤壁市', 'undefined', '1', '6', '2017-06-13 17:06:15', null);
INSERT INTO `parameter` VALUES ('AA30605BDB6C4735BD98B3912372FE83', '965EDF63544B4804BE66F1D18518E877', '应用密码', 'password', 'String', '32', '32', '47ec2dd791e31e2ef2076caf64ed9b3d ', 'undefined', '1', '1', '2017-01-18 13:01:51', null);
INSERT INTO `parameter` VALUES ('AA7BB889F5E7426C8CB2D2DE5436276A', '34C1FCBA8F0C4C81BF198B25BAFEEF38', '教材版本code', 'bookVersionCode', 'String', '1', '2147483647', '', 'undefined', '1', '3', '2017-06-14 13:06:42', null);
INSERT INTO `parameter` VALUES ('AADE040908E14919A10B439B13E9E10E', '6E577BD59A8746E184B9BF39E2CA1677', '版本类型', 'type', 'String', '1', '16', 'GAO_ZHONG', 'undefined', '1', '1', '2016-08-03 10:08:45', null);
INSERT INTO `parameter` VALUES ('ACE59E8570964692A4CE99A9DFF3C6F2', '255407A4A0C848DDA10FEF6EC2C0E529', '市', 'city', 'String', '1', '32', '鹤壁市', 'undefined', '1', '6', '2017-06-13 17:06:07', null);
INSERT INTO `parameter` VALUES ('AE0966CADE944E73A069039758B8E431', '775B8619EAF247B993B77CEA29AE0218', '排课任务编号', 'scheduleId', 'INTEGER', '1', '11', '1', null, 'true', '1', '2017-09-25 10:30:55', '');
INSERT INTO `parameter` VALUES ('AE6E3BB90B5A4CB28AB56DA65149ACF2', 'D33E8D15F41E4E6D8CD7F55E4179ACF0', '出版社代理地区', 'agencyAreaIds', 'JsonArray', '1', '2147483647', '[        \"110000:110101\",        \"120000:120104\"    ]', 'undefined', '1', '5', '2017-06-15 09:06:07', null);
INSERT INTO `parameter` VALUES ('AEA0CE63C90647C1BC9B3CF39404403B', null, '', '', 'String', '1', '2147483647', '', 'undefined', '1', '5', '2017-05-11 15:05:48', null);
INSERT INTO `parameter` VALUES ('AF0A17EEF87747D4A6F071D9551CE2E8', 'FB921A705C42476099B16176A478B698', '省', 'province', 'String', '1', '32', '河南省', 'undefined', '1', '5', '2017-06-13 17:06:42', null);
INSERT INTO `parameter` VALUES ('AFF56BAE656741658A964EDD99AD6E33', '775B8619EAF247B993B77CEA29AE0218', '必修Ⅰ学分', 'compulsoryOneScore', 'INTEGER', '1', '11', '1', null, 'false', '1', '2017-09-25 10:30:55', '');
INSERT INTO `parameter` VALUES ('B1E8E7F355D6423AB06556D142A9D6C7', 'FB921A705C42476099B16176A478B698', '学校', 'school', 'String', '1', '32', '淇滨小学', 'undefined', '1', '8', '2017-06-13 17:06:22', null);
INSERT INTO `parameter` VALUES ('B2ED3B857D544142BAFF28DDE24CE523', null, 'JSON格式的参数', 'jsonString', 'String', '1', '10000', '{“gradeCode”:”fdfaf”,”subjectCode”:”274ea”,”booktype”:”191bb9fb41a341df861d0d52f6035517”}', '必须保证是标准的JSON格式', '1', '1', '2015-11-18 10:19:30', null);
INSERT INTO `parameter` VALUES ('B6E424B478BB4B918765FD4698332D0E', '0178AED6425749199DEE285FB9D6A844', '用户code', 'userCode', 'String', '32', '32', 'c8be870fe0a64270b2ad7ae5bf7ad40a', 'undefined', '1', '1', '2016-08-31 11:08:26', null);
INSERT INTO `parameter` VALUES ('B76B7094FDFA49D18549BEE7E472905B', '7EE04C4AAE1B42D5BD7A37ABF3E62CC0', '编号', 'id', 'String', '1', '12', '12344', 'undefined', '1', '1', '2017-05-10 17:05:26', null);
INSERT INTO `parameter` VALUES ('B7E869889EC4467AAE43200CDD3BF48E', '34C1FCBA8F0C4C81BF198B25BAFEEF38', '交易方式（weixin-微信，alipay-支付宝）', 'payType', 'String', '1', '2147483647', '', 'undefined', '1', '19', '2017-06-14 13:06:21', null);
INSERT INTO `parameter` VALUES ('B8F1AD800D274CECBEFFAC8213F47E80', '6AC4E4B66E33421084D849E1634E7F7A', '学科', 'subjectcode', 'String', '1', '2', '1', 'undefined', '1', '2', '2017-05-11 16:05:09', null);
INSERT INTO `parameter` VALUES ('B9CCC10C333C45B9A1CF5841702DC6A2', '09D6592DF9DC43D096736A23F5EBDAD3', '试卷编号', 'testCode', 'String', '32', '64', '55287EC4CDFB42EB9EE83DD2F2DC3B44', 'undefined', '1', '2', '2016-07-21 09:07:37', null);
INSERT INTO `parameter` VALUES ('BA0837F5A7934B76894DB9DA3036FDE6', '7A100AF3542A4BEF98F24DB57B417E4A', '年级编号', 'gradeId', 'INTEGER', '1', '11', '31', null, 'true', '1', '2017-09-25 10:30:56', '');
INSERT INTO `parameter` VALUES ('BA0E40ED2028494AA4DA49EDB6B8238B', '775B8619EAF247B993B77CEA29AE0218', '年级名称', 'gradeName', 'STRING', '1', '32', '高一', null, 'false', '1', '2017-09-25 10:30:55', '');
INSERT INTO `parameter` VALUES ('BB2A2EB5DD2448FAB34E4244C9F27EF2', '6549023E7887420EB14736CD95E76DD3', '用户编号', 'productId', 'String', '32', '64', '32bdd1c5-8eef-4843-9a9a-228dc0f3b617', '必须保证是标准的JSON格式', '1', '1', '2016-03-21 14:01:21', null);
INSERT INTO `parameter` VALUES ('BBC15BDF274349C1B19DBCF7B34498C8', '8B14B15CF246403C924D8929531C3EC1', '学校编号', 'schoolId', 'INTEGER', '1', '11', '1', null, 'true', '1', '2017-09-25 10:30:56', '');
INSERT INTO `parameter` VALUES ('BBEC17DBBCDC4BF5B38393F775782EE2', '4909C22D635342CEA8E93E4345B84840', '手机号', 'mobile', 'Integer', '1', '2147483647', '', 'undefined', '1', '1', '2017-06-14 16:06:45', null);
INSERT INTO `parameter` VALUES ('BCC450B7DDED43DB9428A35A4FF4C618', null, '年级代码', 'gradeId', 'String', '1', '32', '83e01', '', '1', '3', '2015-11-09 10:10:19', null);
INSERT INTO `parameter` VALUES ('BCF5FD611E1D42F29EEA6F067FD46383', '9F7EE10BB25E436DB144C20891A64D36', '管理员密码', 'password', 'String', '16', '64', 'e10adc3949ba59abbe56e057f20f883e', '必须保证是标准的JSON格式', '1', '2', '2016-03-21 09:19:55', null);
INSERT INTO `parameter` VALUES ('BD49D019F00940F5978E6DC4BBA7855A', '780011C87E914E4BA935DD41EEBD3710', '产品类型', 'productType', 'String', '3', '18', 'HaoXueSheng', 'undefined', '1', '6', '2016-07-19 14:07:46', null);
INSERT INTO `parameter` VALUES ('BD790E2EFF3D4F358F22F6B92B4563CE', '27482538BA2B4D2C90F7336510505A20', '类别', 'sendType', 'String', '1', '1', 'log', '必须保证是标准的JSON格式', '1', '1', '2016-03-21 13:37:34', null);
INSERT INTO `parameter` VALUES ('BE0072EB422645B4B0022136934F914A', null, 'userId', 'user_id', 'String', '32', '32', 'hsdlkjdlaksdjlaskjdskldjksdjfhkjsd', 'undefined', '1', '1', '2016-06-30 16:06:56', null);
INSERT INTO `parameter` VALUES ('BEB9BD7F6CEC4186B310453910E635B7', '09D6592DF9DC43D096736A23F5EBDAD3', '学段类型', 'type', 'String', '1', '16', 'GAO_ZHONG', 'undefined', '1', '3', '2016-07-21 09:07:11', null);
INSERT INTO `parameter` VALUES ('BFF18B57003A482D8918926A163F1F8E', null, '年级代码', 'gradeCode', 'String', '20', '20', '83e01', '', '1', '4', '2015-11-07 15:03:37', null);
INSERT INTO `parameter` VALUES ('C042590EC29B4F39A0AE5DB4035422E9', '405956C5213043B09F8DD558E57DB2CF', '设备标识', 'televisionCode', 'String', '1', '20', 'test23456', 'undefined', '0', '2', '2016-07-19 18:07:23', null);
INSERT INTO `parameter` VALUES ('C05226D5A13543C6AE3384A03A937F9E', 'C1E8BE8AF9734B1AB00D7048251A559C', '用户code', 'userCode', 'String', '1', '100', 'test123456', 'undefined', '1', '3', '2016-07-19 18:07:05', null);
INSERT INTO `parameter` VALUES ('C401434F2EF743D3B7BFF5509C59D129', '9F7EE10BB25E436DB144C20891A64D36', '邮件地址', 'email', 'String', '8', '126', '592794139@qq.com', '必须保证是标准的JSON格式', '1', '3', '2016-03-21 09:20:46', null);
INSERT INTO `parameter` VALUES ('C460770B8CDE43A38CC6FB8E6FA0A7E7', '27482538BA2B4D2C90F7336510505A20', 'sercet', 'sercet', 'String', '1', '1', '163e261df7d83816273eacc6', '必须保证是标准的JSON格式', '1', '1', '2016-03-29 10:04:24', null);
INSERT INTO `parameter` VALUES ('C4685D15D9584D57B3545DF6A2249DF3', '6725D744DB1847B5BC341F5BBE6969B8', 'a', 'a', 'String', '1', '1', 'a', 'a', '1', '1', '2015-12-05 17:31:03', null);
INSERT INTO `parameter` VALUES ('C4E39F6CCC1048338EA29930C5397BE7', 'D33E8D15F41E4E6D8CD7F55E4179ACF0', '出版社登录密码(MD5加密密文)', 'loginPassword', 'String', '32', '32', 'LKSDFJLKDJFJDK43KLSJDFLSK', 'undefined', '1', '4', '2017-06-15 09:06:43', null);
INSERT INTO `parameter` VALUES ('C4F0B79983EC4DD885AC1E6DD9794821', '54852B51EF2A4D29A26D91A892F34D3D', '练习题编号', 'testCode', 'String', '1', '64', '4792374298347923742983', 'undefined', '1', '1', '2016-08-03 11:08:37', null);
INSERT INTO `parameter` VALUES ('C60C7A3177C5461CBAE9F6F55FF69719', null, '当前页', 'pageNumber', 'String', '5', '5', '1', '', '1', '1', '2015-11-07 15:01:12', null);
INSERT INTO `parameter` VALUES ('C6A2FE0EFF3545D484E4CFA5D13507B6', null, '', '', 'String', '1', '2147483647', '', 'undefined', '1', '23', '2017-05-11 15:05:57', null);
INSERT INTO `parameter` VALUES ('C6FD26A4FF9B4612A5B0F8C541D23707', '255407A4A0C848DDA10FEF6EC2C0E529', '学科', 'subject', 'String', '1', '32', '数学', 'undefined', '1', '2', '2017-06-13 17:06:57', null);
INSERT INTO `parameter` VALUES ('C731EA5F6DC14F8797A764C2C4FC56DA', null, '', '', 'String', '1', '2147483647', '', 'undefined', '1', '1', '2017-05-11 15:05:45', null);
INSERT INTO `parameter` VALUES ('C76A80212A814A43A6E136D20EEF1ECB', '780011C87E914E4BA935DD41EEBD3710', '注册渠道', 'channelSource', 'String', '3', '6', '000', 'undefined', '1', '4', '2016-07-19 14:07:58', null);
INSERT INTO `parameter` VALUES ('C7BDB20324574CDE85FBE0B55F174FF7', '255407A4A0C848DDA10FEF6EC2C0E529', '年级', 'grade', 'String', '1', '32', '三年级', 'undefined', '1', '3', '2017-06-13 17:06:10', null);
INSERT INTO `parameter` VALUES ('C858444DB92C45358F73B5253EFE2A50', null, '管理员所属公司平台名称', 'userCompany', 'String', '0', '32', '', 'undefined', '1', '5', '2017-05-19 16:05:33', null);
INSERT INTO `parameter` VALUES ('C9FDD25007A048C7BCA7117313462A55', 'FB921A705C42476099B16176A478B698', '新增时间', 'addTime', 'String', '1', '32', '1497084649293', 'undefined', '1', '9', '2017-06-13 17:06:37', null);
INSERT INTO `parameter` VALUES ('CC2892D4326743A5A76BCF1C5B411C15', '27482538BA2B4D2C90F7336510505A20', '推送对象标识类型', 'type', 'String', '1', '16', 'TAG', '必须保证是标准的JSON格式', '1', '8', '2016-03-29 10:03:58', null);
INSERT INTO `parameter` VALUES ('CD2F50B9987F4255ADCC53C276C6B931', 'F59CBAF03D664B768E5952AF16446E21', '用户名', 'userName', 'String', '6', '16', 'hechen', '必须保证是标准的JSON格式', '1', '1', '2016-01-25 09:22:27', null);
INSERT INTO `parameter` VALUES ('CD793B973F5F480A8F320229E908A04C', 'D33E8D15F41E4E6D8CD7F55E4179ACF0', '代理学校', 'agencyschools', 'JsonArray', '1', '2147483647', '[        {            \"schoolCode\":\"677878\",            \"schoolName\":\"北京第一小学\",            \"areaId\":110101        },        {            \"schoolCode\":\"345667\",            \"schoolName\":\"北京第二小学\",            \"areaId\":110101        }    ]', 'undefined', '1', '7', '2017-06-15 09:06:36', null);
INSERT INTO `parameter` VALUES ('CDC3302C1DC747C1BC4A547E9A756F57', '775B8619EAF247B993B77CEA29AE0218', '抢课结束时间', 'grabLessonsEndTime', 'STRING', '1', '32', '2017-09-29 02:20:27', null, 'false', '1', '2017-09-25 10:30:55', '');
INSERT INTO `parameter` VALUES ('CEBB9D0C731D4411925DA40EE3034DCD', null, '要删除的ID', 'ids', 'String', '1', '1', '312', 'undefined', '1', '1', '2016-07-08 10:07:13', null);
INSERT INTO `parameter` VALUES ('D02E33B4197A41FAA6B7DCF2C9343998', null, '', '', 'String', '1', '2147483647', '', 'undefined', '1', '21', '2017-05-11 15:05:55', null);
INSERT INTO `parameter` VALUES ('D145EB424076478094802A0903939D93', '775B8619EAF247B993B77CEA29AE0218', '课表时间ID', 'curriculumId', 'INTEGER', '1', '11', '1', null, 'false', '1', '2017-09-25 10:30:55', '');
INSERT INTO `parameter` VALUES ('D14C24E252C147518B9787438E6F4EC7', '3B39B981F876478CAD588DDBFBAB3D9E', '学科', 'subject', 'String', '1', '32', '数学', 'undefined', '1', '2', '2017-06-13 17:06:20', null);
INSERT INTO `parameter` VALUES ('D55BCF141995407C830647E8BE41AE3C', '780011C87E914E4BA935DD41EEBD3710', '手机号', 'mobile', 'String', '11', '13', '13311456789', 'undefined', '1', '1', '2016-07-19 14:07:17', null);
INSERT INTO `parameter` VALUES ('D68066E37C374CE6861AB1FFC775E4DA', '965EDF63544B4804BE66F1D18518E877', '应用编号', 'openId', 'String', '1', '32', 'e34d4163-d319-4cc5-93dc-554fba8da573', 'undefined', '1', '1', '2017-01-18 13:01:13', null);
INSERT INTO `parameter` VALUES ('D6C4457148F34AEFA68019C2714C9EDA', '34C1FCBA8F0C4C81BF198B25BAFEEF38', '省code', 'provinceCode', 'String', '1', '2147483647', '', 'undefined', '1', '5', '2017-06-14 13:06:12', null);
INSERT INTO `parameter` VALUES ('D7AA8C06498D450085A7B90E1F5C03B2', null, '', '', 'String', '1', '2147483647', '', 'undefined', '1', '13', '2017-05-11 15:05:51', null);
INSERT INTO `parameter` VALUES ('D8F55452FE1441F8BA0C80B54BB1448D', '3B39B981F876478CAD588DDBFBAB3D9E', '区', 'area', 'String', '1', '32', '淇滨区', 'undefined', '1', '7', '2017-06-13 17:06:27', null);
INSERT INTO `parameter` VALUES ('D9DE85746DE44A569A2AC4FA05F01C5A', 'FB921A705C42476099B16176A478B698', '市', 'city', 'String', '1', '32', '鹤壁市', 'undefined', '1', '6', '2017-06-13 17:06:54', null);
INSERT INTO `parameter` VALUES ('DAA0C55D81674D85B7A187FC05E5DB23', '7A100AF3542A4BEF98F24DB57B417E4A', '学科编号', 'subjectId', 'INTEGER', '1', '11', '1', null, 'true', '1', '2017-09-25 10:30:56', '');
INSERT INTO `parameter` VALUES ('DADA297223D94A4089A2B0FD1018A5D3', '965EDF63544B4804BE66F1D18518E877', '短信类型', 'sendType', 'String', '1', '32', 'reset_password', '必须保证是标准的JSON格式', '1', '4', '2016-03-17 10:25:58', null);
INSERT INTO `parameter` VALUES ('DAF7B457CDD54A738C07AC128928EC13', '2C160C74A1E147989D92BB250A7FA932', '省', 'province', 'String', '1', '32', '河南省', 'undefined', '1', '5', '2017-06-13 17:06:08', null);
INSERT INTO `parameter` VALUES ('DAFEED86CD9A4A2386A87A1A9DC4B6D4', '9F7EE10BB25E436DB144C20891A64D36', '邮件正文', 'body', 'String', '1', '1024', '你好!', '必须保证是标准的JSON格式', '1', '5', '2016-03-21 09:22:00', null);
INSERT INTO `parameter` VALUES ('DB79389895EC48DC81E0432B7E0EA927', '7A100AF3542A4BEF98F24DB57B417E4A', '学校编号', 'schoolId', 'INTEGER', '1', '11', '1', null, 'true', '1', '2017-09-25 10:30:56', '');
INSERT INTO `parameter` VALUES ('E06F4C2E86C743D2A75D8D2BCD7D40A6', null, 'username', 'username', 'String', '1', '1', '1', '1', '1', '1', '2015-11-06 09:01:31', null);
INSERT INTO `parameter` VALUES ('E2DF4BCC19DB4C8CB54AB8455EEF2DD2', null, 'JSON格式的参数', 'jsonString', 'String', '1', '10000', '{  \"binary\": false,  \"floatingPointNumber\": false,  \"missingNode\": false,  \"object\": false,  \"pojo\": false,  \"number\": false,  \"integralNumber\": false,  \"short\": false,  \"int\": false,  \"long\": false,  \"double\": false,  \"bigDecimal\": false,  \"bigInteger\": false,  \"textual\": false,  \"boolean\": false,  \"valueNode\": false,  \"containerNode\": false,  \"nodeType\": \"JsonNodeType\",  \"float\": false,  \"null\": false,  \"array\": false}', '必须保证是标准的JSON格式', '1', '1', '2015-11-07 17:14:54', null);
INSERT INTO `parameter` VALUES ('E3051983B309483E8660CAD82D6A262B', null, '用户编号', 'userId', 'String', '32', '32', '123234345345345342323123232', 'undefined', '1', '1', '2016-08-04 09:08:37', null);
INSERT INTO `parameter` VALUES ('E36079A759564548BF2E6B4DDFC34EC6', 'F6AE33D0F550486FADBC25606F7FB9B9', '老师编号', 'teacherId', 'INTEGER', '1', '11', '3', null, 'true', '1', '2017-09-25 10:30:56', '');
INSERT INTO `parameter` VALUES ('E3EA00EC1799496597ECAE134BEC894A', null, '视频名称', 'videoName', 'String', '0', '32', '', 'undefined', '1', '2', '2017-05-19 16:05:45', null);
INSERT INTO `parameter` VALUES ('E4A7EB3D19C743939189415D72618322', null, '', '', 'String', '1', '2147483647', '', 'undefined', '1', '4', '2017-05-11 15:05:48', null);
INSERT INTO `parameter` VALUES ('E50B3E5EBCB54569A853E491B85710F9', null, 'f', 'f', 'String', '1', '2', 'f', 'undefined', '1', '1', '2016-08-04 09:08:28', null);
INSERT INTO `parameter` VALUES ('E52D4DF695EB4443B3E79FC3B61AED85', 'E54D511AD30B45929726A71BFF30E9FC', '月订单uuid', 'ormUuid', 'String', '1', '2147483647', '', 'undefined', '1', '1', '2017-06-14 13:06:08', null);
INSERT INTO `parameter` VALUES ('E5B72E63008241A98B88F362C5610C17', 'BD50776D9D534189A3DCEABF1470D001', '类型', 'type', 'String', '1', '32', 'today', '必须保证是标准的JSON格式', '1', '2', '2016-03-21 11:39:20', null);
INSERT INTO `parameter` VALUES ('E5E90FD022F24A41A2A3CF51703ADD4F', 'D33E8D15F41E4E6D8CD7F55E4179ACF0', '代理层级', 'agencyJurisdiction', 'String', '11', '1', '4', 'undefined', '1', '8', '2017-06-27 14:06:22', null);
INSERT INTO `parameter` VALUES ('E69B970C3B9344A2AB5BE52266A1EE55', 'E54D511AD30B45929726A71BFF30E9FC', '省code', 'provinceCode', 'Integer', '1', '2147483647', '', 'undefined', '1', '6', '2017-06-14 17:06:35', null);
INSERT INTO `parameter` VALUES ('E6A0D4AEBB6E402197E05C1920C8A911', null, '管理员用户名', 'userName', 'String', '0', '32', '', 'undefined', '1', '4', '2017-05-19 16:05:12', null);
INSERT INTO `parameter` VALUES ('E89423A1E5C14E449B8DA12966D9C963', 'C54C6800C77F473A869A810E4304486D', '排课任务编号', 'scheduleId', 'INTEGER', '1', '11', '1', null, 'true', '1', '2017-09-25 10:30:55', '');
INSERT INTO `parameter` VALUES ('E903D4F1D0FB438A809D2D4BB7F888A5', null, '', '', 'String', '1', '2147483647', '', 'undefined', '1', '15', '2017-05-11 15:05:51', null);
INSERT INTO `parameter` VALUES ('E95693139637420D8C485757DE972BA8', '3B39B981F876478CAD588DDBFBAB3D9E', '教材版本', 'textBook', 'String', '1', '32', '人教版', 'undefined', '1', '4', '2017-06-13 17:06:48', null);
INSERT INTO `parameter` VALUES ('E97C00CA8D574C5F98AFEAD1F43FBC30', '94F74A01EFFB4B318421DDFCAA07F961', '学校', 'school', 'String', '1', '32', '淇滨小学', 'undefined', '1', '10', '2017-06-13 17:06:18', null);
INSERT INTO `parameter` VALUES ('E9F28BD5E5B54D4983A996D4DAC3002C', null, '', '', 'String', '1', '2147483647', '', 'undefined', '1', '6', '2017-05-11 15:05:48', null);
INSERT INTO `parameter` VALUES ('EADDBB9AE9F34010AC8E8D05ECF41158', '90DF1B76A1964DA2B53FA479FAF473AE', '学段', 'stagecode', 'String', '1', '1', '2', 'undefined', '1', '4', '2017-05-11 15:05:16', null);
INSERT INTO `parameter` VALUES ('EB0BF8C027C144AEA1EC71F0B8674908', null, 'f', 'f', 'String', '1', '1', 'f', '必须保证是标准的JSON格式', '1', '1', '2016-03-23 16:58:28', null);
INSERT INTO `parameter` VALUES ('ED2F946E7D8E4F08979733E3170139BB', '3B39B981F876478CAD588DDBFBAB3D9E', '年级', 'grade', 'String', '1', '32', '二年级', 'undefined', '1', '3', '2017-06-13 17:06:32', null);
INSERT INTO `parameter` VALUES ('EE44CE08D8284BA7BE8C9C587566D700', null, 'userName', 'userName', 'String', '1', '32', 'fsdfsdfsdfsdfsdfs', '', '1', '1', '2015-12-18 11:48:40', null);
INSERT INTO `parameter` VALUES ('EF3EE55A00DF49469BD7EDF6EBAA51BB', 'D33E8D15F41E4E6D8CD7F55E4179ACF0', '联系人姓名', 'linkmanName', 'String', '1', '16', '何臣', 'undefined', '1', '2', '2017-06-15 09:06:12', null);
INSERT INTO `parameter` VALUES ('F0CAE82E802D4C24B8045A35390C6AE7', 'A8E443E99CE14CE1A54DBA4F9A5454DC', '应用编号', 'productId', 'String', '1', '1', '32bdd1c5-8eef-4843-9a9a-228dc0f3b617', '必须保证是标准的JSON格式', '1', '1', '2016-03-21 09:55:34', null);
INSERT INTO `parameter` VALUES ('F0FB22B8BAF042CD92914FCAAECE41B9', '2C160C74A1E147989D92BB250A7FA932', '教材版本', 'textBook', 'String', '1', '32', '人教版', 'undefined', '1', '4', '2017-06-13 17:06:49', null);
INSERT INTO `parameter` VALUES ('F17716184FCF48DE9E6BDA77981D7057', '94F74A01EFFB4B318421DDFCAA07F961', '省', 'province', 'String', '1', '32', '河南省', 'undefined', '1', '5', '2017-06-13 17:06:40', null);
INSERT INTO `parameter` VALUES ('F47AD4DE2EF4405B8BB698DF22546388', '79C3F6F3911A414CA90B916EC4D5EB26', '排课任务编号', 'scheduleId', 'INTEGER', '1', '11', '1', null, 'true', '1', '2017-09-25 10:30:56', '');
INSERT INTO `parameter` VALUES ('F5895315EF5548C9B34E11A8D7E450DC', null, '每页大小', 'pageSize', 'Integer', '3', '3', '5', '', '1', '1', '2015-11-07 15:02:03', null);
INSERT INTO `parameter` VALUES ('F59603B711AC4D469214B7B59E9D22BC', null, '知识点代码', 'knowledgeCode', 'String', '32', '32', '5febd7fa6ad04104ac5e743f98eae770', '', '1', '5', '2015-11-07 15:04:23', null);
INSERT INTO `parameter` VALUES ('F62DD54A13F14325909EA06E3C3AB8FD', '775B8619EAF247B993B77CEA29AE0218', '学期名称', 'semesterName', 'STRING', '1', '32', '2018秋季学期', null, 'false', '1', '2017-09-25 10:30:55', '');
INSERT INTO `parameter` VALUES ('F805F695364E47349201FA4C782972ED', null, '', '', 'String', '1', '2147483647', '', 'undefined', '1', '16', '2017-05-11 15:05:51', null);
INSERT INTO `parameter` VALUES ('F8539FEC01B947829117487B462772A3', '94F74A01EFFB4B318421DDFCAA07F961', '学科', 'subject', 'String', '1', '32', '数学', 'undefined', '1', '2', '2017-06-13 17:06:40', null);
INSERT INTO `parameter` VALUES ('F8A15F8B606147B98290639601BA6D40', 'FE03734A9C0D4074AF668EDF002C66ED', '年级编号', 'gradeId', 'INTEGER', '1', '11', '31', null, 'true', '1', '2017-09-25 10:30:56', '');
INSERT INTO `parameter` VALUES ('F9E1D6ABDB52459CAEE878DB48C9094C', '2C160C74A1E147989D92BB250A7FA932', '注册时间', 'registerTime', 'String', '1', '32', '1497084649293', 'undefined', '1', '9', '2017-06-13 17:06:31', null);
INSERT INTO `parameter` VALUES ('F9F85FC152F247168B6946D451819099', '848152D658264CE6A5B30C2D28E56178', '排课任务编号', 'scheduleId', 'INTEGER', '1', '11', '1', null, 'true', '1', '2017-09-25 10:30:56', '');
INSERT INTO `parameter` VALUES ('FD269FD7D8BD4850B656190EE7B46CB4', 'CD3ABF598EB84706B738AAC866B6DA2F', '产生式', 'produces', 'String', '1', '1', '[]', 'undefined', '1', '5', '2016-08-03 13:08:03', null);
INSERT INTO `parameter` VALUES ('FE7C170C4D7B4B91820286570053DB00', '3B39B981F876478CAD588DDBFBAB3D9E', '学校', 'school', 'String', '1', '32', '淇滨小学', 'undefined', '1', '8', '2017-06-13 17:06:39', null);

-- ----------------------------
-- Table structure for parameter_constraint
-- ----------------------------
DROP TABLE IF EXISTS `parameter_constraint`;
CREATE TABLE `parameter_constraint` (
  `PARAMETER_CONSTRAINT_ID` varchar(32) NOT NULL COMMENT '约束编号',
  `PARAMETER_ID` varchar(32) DEFAULT NULL COMMENT '参数_编号',
  `PARAMETER_CONSTRAINT_NAME` varchar(32) DEFAULT NULL COMMENT '约束名称',
  `PARAMETER_CONSTRAINT_CODE` varchar(32) DEFAULT NULL COMMENT '约束代码',
  `PARAMETER_CONSTRAINT_EXPLAIN` varchar(64) DEFAULT NULL COMMENT '约束说明',
  `CREAT_DATE` datetime DEFAULT NULL COMMENT '创建时间',
  `WEIGHT` int(11) DEFAULT NULL COMMENT '权重',
  PRIMARY KEY (`PARAMETER_CONSTRAINT_ID`),
  KEY `FK_PARAMETER_CONSTRAINT__PARAMETER` (`PARAMETER_ID`),
  CONSTRAINT `FK_PARAMETER_CONSTRAINT__PARAMETER` FOREIGN KEY (`PARAMETER_ID`) REFERENCES `parameter` (`PARAMETER_ID`) ON DELETE CASCADE ON UPDATE CASCADE
) ENGINE=InnoDB DEFAULT CHARSET=utf8 COMMENT='参数_参数约束';

-- ----------------------------
-- Records of parameter_constraint
-- ----------------------------
INSERT INTO `parameter_constraint` VALUES ('02B2028683B14FCEAA5025DF62F2D235', '96154E8734234688B11C05CD671561CD', null, 'f', 'f', null, null);
INSERT INTO `parameter_constraint` VALUES ('05F19C9D7E52449A823B76313579600E', '44D7DEB28C4549F0A70977912E8F68D9', null, '0', '文科', null, null);
INSERT INTO `parameter_constraint` VALUES ('08350E609B604617A570139798CC2F25', 'DADA297223D94A4089A2B0FD1018A5D3', null, 'edit_password', '修改密码', null, null);
INSERT INTO `parameter_constraint` VALUES ('10ACAADF683845889785B3D541A5FE44', null, null, '1', '长度为1', null, null);
INSERT INTO `parameter_constraint` VALUES ('1733C909EDDC46D6A7C1AFE303FBD004', 'EADDBB9AE9F34010AC8E8D05ECF41158', null, '1', '小学', null, null);
INSERT INTO `parameter_constraint` VALUES ('1C405D29F52B422496583533935AC623', 'DADA297223D94A4089A2B0FD1018A5D3', null, 'shortExam', '保分计划', null, null);
INSERT INTO `parameter_constraint` VALUES ('1F25459E85E24E128DF6ED24435214F3', '357DCF9736764CEB92C2F8E3443F8B85', null, '1', '1', null, null);
INSERT INTO `parameter_constraint` VALUES ('2597EA935FF345399A8425AEA1B0E9D8', '5CF9478F365148C481AE707D6E027113', null, 'friend_challenge', '好友挑战', null, null);
INSERT INTO `parameter_constraint` VALUES ('2641A007458248A9B0BBA13D08671C01', 'AADE040908E14919A10B439B13E9E10E', null, 'GAO_ZHONG', '高中版', null, null);
INSERT INTO `parameter_constraint` VALUES ('2D58164E77CE470A93B20543BDDF2B52', 'EADDBB9AE9F34010AC8E8D05ECF41158', null, '2', '初中', null, null);
INSERT INTO `parameter_constraint` VALUES ('30B9E2CAC0594B2B8190199E893B970D', '96154E8734234688B11C05CD671561CD', null, 'g', 'g', null, null);
INSERT INTO `parameter_constraint` VALUES ('39808F84DCE7420D9329E8C3DB2F9245', 'AADE040908E14919A10B439B13E9E10E', null, 'CHU_ZHONG', '初中版', null, null);
INSERT INTO `parameter_constraint` VALUES ('3FE1B9ED17534D16B0F8E0F5B2E5720F', null, null, '单元测试', '', null, null);
INSERT INTO `parameter_constraint` VALUES ('40EEAD3487A947CA8AE1DBAD5C49C6B2', null, null, 'CHU_ZHONG', '初中版', null, null);
INSERT INTO `parameter_constraint` VALUES ('45BF25457ED54E53A93170EB11AB7ABB', null, null, '期末试卷', '', null, null);
INSERT INTO `parameter_constraint` VALUES ('46400953F65B4BF88F07ACB2EA2B3817', '5CF9478F365148C481AE707D6E027113', null, 'search', '手机号/用户名搜索', null, null);
INSERT INTO `parameter_constraint` VALUES ('48D600AC5E204F749533096EA64FFB7F', '6F51A68F27F54C0DB6D926237D0487BC', null, '0', '错误', null, '2');
INSERT INTO `parameter_constraint` VALUES ('58ED2DCDA5A94B0791FC37231FB6DD97', null, null, '期中测试', '', null, null);
INSERT INTO `parameter_constraint` VALUES ('5DDFD3E7D61F4FCCA6672F36DA459889', 'DADA297223D94A4089A2B0FD1018A5D3', null, 'comcode', '通用验证码', null, null);
INSERT INTO `parameter_constraint` VALUES ('5E8CD922152546C1928E33377D972373', 'E5B72E63008241A98B88F362C5610C17', null, 'day3', '近3天', null, null);
INSERT INTO `parameter_constraint` VALUES ('5EB90F2373EB4472AAC819D4D0122EE6', null, null, 'GAO_ZHONG', '高中版', null, null);
INSERT INTO `parameter_constraint` VALUES ('5F3B327F2AE54C74BBF802CF2954E248', null, null, '1', '1', null, '1');
INSERT INTO `parameter_constraint` VALUES ('5FD70EFC658D48478A56C4ACB8E42B2F', 'BE0072EB422645B4B0022136934F914A', null, 'ADMIN', 'LB', null, null);
INSERT INTO `parameter_constraint` VALUES ('64580DDC494847BD93685704728BC7D5', '6F51A68F27F54C0DB6D926237D0487BC', null, '2', '未选', null, '3');
INSERT INTO `parameter_constraint` VALUES ('69185A6CBA974B9388BE41DD56B1957F', 'BEB9BD7F6CEC4186B310453910E635B7', null, 'CHU_ZHONG', '初中版', null, null);
INSERT INTO `parameter_constraint` VALUES ('6EC59D1EE937493BAF4EDA9720F961FB', 'E5B72E63008241A98B88F362C5610C17', null, 'day7', '近7天', null, null);
INSERT INTO `parameter_constraint` VALUES ('7A424E23584146209EFA7EDFEB22B396', null, null, 'XIAO_XUE', '小学版', null, null);
INSERT INTO `parameter_constraint` VALUES ('7B4AD2415EB9493BAD6A32C07C567116', '6B496D442A3C48358D47C05F0B33DEE2', null, '1', '1', null, '1');
INSERT INTO `parameter_constraint` VALUES ('7BB917C0E3A947759A54F9F6226CE4E5', 'DADA297223D94A4089A2B0FD1018A5D3', null, 'teacher_certificate', '教师认证', null, null);
INSERT INTO `parameter_constraint` VALUES ('7C04BB9C3BD44A9F85DBD1D53DD31CA9', '3158875419644FE18F701EAC7A70DAB5', null, 'IOS', '苹果', null, null);
INSERT INTO `parameter_constraint` VALUES ('7EB80CE715CB4A0DBC430C4423DBE8BC', null, null, '单元测试', '', null, null);
INSERT INTO `parameter_constraint` VALUES ('81E9A5DBB73945079611962A62151C69', 'E5B72E63008241A98B88F362C5610C17', null, 'day183', '近半年', null, null);
INSERT INTO `parameter_constraint` VALUES ('832D70D85852415485A41D6617991732', '6F51A68F27F54C0DB6D926237D0487BC', null, '1', '正确', null, '1');
INSERT INTO `parameter_constraint` VALUES ('8339B161B08243878F8976DA07914DBE', '5CF9478F365148C481AE707D6E027113', null, 'rank_challenge', '排行榜对战', null, null);
INSERT INTO `parameter_constraint` VALUES ('85042658A44342F0940254B36E6AF84C', '44D7DEB28C4549F0A70977912E8F68D9', null, '1', '理科', null, null);
INSERT INTO `parameter_constraint` VALUES ('8534DC7236D347B9A7418D40A6E7EB3D', '47BECCA0002B4687A603809B60145897', null, '11', '小学一年级', null, null);
INSERT INTO `parameter_constraint` VALUES ('8F16E7A03D134946B942DF72A8301383', null, null, 'ARTS', 'æç§', null, '1');
INSERT INTO `parameter_constraint` VALUES ('91783A626735467F819F1A905484D4E3', null, null, 'SCIENCE', 'çç§', null, '1');
INSERT INTO `parameter_constraint` VALUES ('92C990B87D484BDAA784D1A8D79F012F', '01AB840491FE4CC2B4D0F5920B54A0EA', null, 'register', '注册', null, null);
INSERT INTO `parameter_constraint` VALUES ('95FFAABE4041471BBD614F1AB809C1AB', 'EADDBB9AE9F34010AC8E8D05ECF41158', null, '3', '高中', null, null);
INSERT INTO `parameter_constraint` VALUES ('A3E80325BAF64933A584229FFCC50333', null, null, '期中试卷', '期中试卷', null, null);
INSERT INTO `parameter_constraint` VALUES ('A85ED66621424BE3839631F5353CD540', '37E654789880409EB1196C4E0030F185', null, '2', '2', null, '2');
INSERT INTO `parameter_constraint` VALUES ('ADAEC92CC24F48A8B69B4E812DA762AE', 'E5B72E63008241A98B88F362C5610C17', null, 'day365', '近一年', null, null);
INSERT INTO `parameter_constraint` VALUES ('AEF1BED5B9884C5DAAFCB34673EF841A', 'AADE040908E14919A10B439B13E9E10E', null, 'XIAO_XUE', '小学版', null, null);
INSERT INTO `parameter_constraint` VALUES ('AF25DE51F27A4225B4895108028D40A6', 'DADA297223D94A4089A2B0FD1018A5D3', null, 'reset_password', '重置密码', null, null);
INSERT INTO `parameter_constraint` VALUES ('B6AE4A50D29E4477936899BA0CDF4CB4', null, null, '1', '长度为1', null, null);
INSERT INTO `parameter_constraint` VALUES ('BBE0DF8AE0E04B0E854361E57995C147', '37E654789880409EB1196C4E0030F185', null, '1', '1', null, '1');
INSERT INTO `parameter_constraint` VALUES ('BCE927A2C12C4FD9B036D54680A4C5DF', '3158875419644FE18F701EAC7A70DAB5', null, 'AND', '安卓', null, null);
INSERT INTO `parameter_constraint` VALUES ('C34BC97DC0624171A3D9AEF6D8C2FCC1', '5CF9478F365148C481AE707D6E027113', null, 'friend_battle', '好友对战', null, null);
INSERT INTO `parameter_constraint` VALUES ('C91B03A1E1CA4B679370682C4F373833', 'E5B72E63008241A98B88F362C5610C17', null, 'day30', '近一个月', null, null);
INSERT INTO `parameter_constraint` VALUES ('CCD2A58862A24412A82ACB669D7F16C0', null, null, '2015-45', '周', null, '2');
INSERT INTO `parameter_constraint` VALUES ('D19180C71AC141E9A040BC1FCB172894', 'E5B72E63008241A98B88F362C5610C17', null, 'today', '今天', null, null);
INSERT INTO `parameter_constraint` VALUES ('D7BD9D24748D49C1A24DCB88CDE8B8AF', '5CF9478F365148C481AE707D6E027113', null, 'quick_battle', '快速对战', null, null);
INSERT INTO `parameter_constraint` VALUES ('D9B41DA438B648898C46D9AF2EC420DD', '01AB840491FE4CC2B4D0F5920B54A0EA', null, 'reset_password', '重置密码', null, null);
INSERT INTO `parameter_constraint` VALUES ('DC99F53CA7404114B9BE134972907EF2', null, null, '期末试卷', '', null, null);
INSERT INTO `parameter_constraint` VALUES ('E1530DD5D91C4F61A94454B1DAA82A4B', null, null, 'fs', 'fs', null, '1');
INSERT INTO `parameter_constraint` VALUES ('E3E6975FC21C4EC78ACC9AC5508DD858', null, null, '单元试卷', '', null, null);
INSERT INTO `parameter_constraint` VALUES ('E5DBDC582E60425FA14B7A7A9AF18AD1', '45CBE623A48947569B17FC74E7101ACD', null, 'r', 'r', null, null);
INSERT INTO `parameter_constraint` VALUES ('E899500FDEE945E28E186EAA9498EB37', 'DADA297223D94A4089A2B0FD1018A5D3', null, 'register', '注册', null, null);
INSERT INTO `parameter_constraint` VALUES ('F05873D8BBCE4CE489D0BAF5BFB6AE8D', null, null, '2015-12-07', '日', null, '1');
INSERT INTO `parameter_constraint` VALUES ('F1273464772D494C9656108E1680CCF7', null, null, '1', '小学', null, null);
INSERT INTO `parameter_constraint` VALUES ('F818D40543654D94995504C09B503B97', null, null, '期末测试', '', null, null);
INSERT INTO `parameter_constraint` VALUES ('F8CFC28E35BD4A71AA52004FB7DA0990', 'BE0072EB422645B4B0022136934F914A', null, 'USER', 'SX', null, null);
INSERT INTO `parameter_constraint` VALUES ('F9BF5D9A3EFA48FDB7546E7EAE2E041F', null, null, '期中试卷', '', null, null);
INSERT INTO `parameter_constraint` VALUES ('FC0AEC9F3E414411B1D9D618F4DE6498', 'B8F1AD800D274CECBEFFAC8213F47E80', null, '21', '8年级', null, null);

-- ----------------------------
-- Table structure for parameter_retur
-- ----------------------------
DROP TABLE IF EXISTS `parameter_retur`;
CREATE TABLE `parameter_retur` (
  `PARAMETER_ID` varchar(32) NOT NULL COMMENT '参数编号',
  `INTERFAC_ID` varchar(32) DEFAULT NULL COMMENT '接口_编号',
  `PARAMETER_NAME` varchar(32) DEFAULT NULL COMMENT '参数名称',
  `PARAMETER_CODE` varchar(32) DEFAULT NULL COMMENT '参数代码',
  `PARAMETER_DATA_TYPE` varchar(32) DEFAULT NULL COMMENT '参数数据类型',
  `MIN_LENGTH` int(11) DEFAULT NULL COMMENT '最小长度',
  `MAX_LENGTH` int(11) DEFAULT NULL COMMENT '最大长度',
  `PARAMETER_EXAMPLE` text COMMENT '参数实例',
  `PARAMETER_EXPLAIN` varchar(640) DEFAULT NULL COMMENT '参数说明',
  `IS_MUST` varchar(16) DEFAULT NULL COMMENT '是否必须',
  `WEIGHT` int(11) DEFAULT NULL COMMENT '权重',
  `CREAT_DATE` datetime DEFAULT NULL COMMENT '创建时间',
  `ENUMERATION` varchar(255) DEFAULT NULL COMMENT '枚举值',
  PRIMARY KEY (`PARAMETER_ID`),
  KEY `FK_PARAMETER_INTERFACE` (`INTERFAC_ID`),
  CONSTRAINT `parameter_retur_ibfk_1` FOREIGN KEY (`INTERFAC_ID`) REFERENCES `interfac` (`INTERFAC_ID`) ON DELETE CASCADE ON UPDATE CASCADE
) ENGINE=InnoDB DEFAULT CHARSET=utf8 COMMENT='参数_参数';

-- ----------------------------
-- Records of parameter_retur
-- ----------------------------

-- ----------------------------
-- Table structure for project
-- ----------------------------
DROP TABLE IF EXISTS `project`;
CREATE TABLE `project` (
  `PROJECT_ID` varchar(32) NOT NULL COMMENT '项目编号',
  `PROJECT_NAME` varchar(16) DEFAULT NULL COMMENT '项目名称',
  `PROJECT_CODE` varchar(32) DEFAULT NULL COMMENT '项目代码',
  `PROJECT_INTRO` varchar(256) DEFAULT NULL COMMENT '项目简介',
  `CREAT_DATE` datetime DEFAULT NULL COMMENT '创建时间',
  `WEIGHT` int(11) DEFAULT NULL COMMENT '权重',
  `COMPANY_ID` varchar(32) DEFAULT NULL COMMENT '公司编号',
  `AUTHOR_NAME` varchar(32) DEFAULT NULL COMMENT '作者姓名',
  `VERSIONS` varchar(32) DEFAULT NULL COMMENT '版本号',
  `URL_PREFIX` varchar(128) DEFAULT NULL COMMENT '资源前缀',
  `IS_ISSUE` varchar(8) DEFAULT NULL COMMENT '是否发布',
  PRIMARY KEY (`PROJECT_ID`),
  KEY `FK_PROJECT_COMPANY` (`COMPANY_ID`),
  CONSTRAINT `FK_PROJECT_COMPANY` FOREIGN KEY (`COMPANY_ID`) REFERENCES `company` (`COMPANY_ID`) ON DELETE SET NULL ON UPDATE SET NULL
) ENGINE=InnoDB DEFAULT CHARSET=utf8 COMMENT='项目_项目';

-- ----------------------------
-- Records of project
-- ----------------------------
INSERT INTO `project` VALUES ('31C037F74AC144C0B5ABE0882B6BA7F0', '排課系統-本地环境', 'PIKE_LOCALHOST', null, '2017-09-25 10:30:54', null, '2582B1DAF550485980F519096F3ACEC1', 'hechen', '1.0', 'http://192.168.1.213:8080/pike_web', 'FALSE');
INSERT INTO `project` VALUES ('7755DCEDCAA24F339FDEB07362C9A881', '参数验证-测试', 'VERIFICATION-TEST', null, '2017-09-26 19:05:23', null, '2582B1DAF550485980F519096F3ACEC1', 'hechen', '1.0', 'http://pengyuntest.e-eduspace.com/synchrotutorship-publishers-distributor', 'FALSE');
INSERT INTO `project` VALUES ('9ED48B772A864907A3F62B4A543B8C77', '排課系統-测试环境', 'PIKE-TEST', null, '2017-09-26 18:58:50', null, '2582B1DAF550485980F519096F3ACEC1', 'hechen', '1.0', 'http://123.56.96.26:8585', 'FALSE');
INSERT INTO `project` VALUES ('DC49FC8D23DA4CF79F2599B47F0F07EF', '同步辅导', 'synchrotutorship', null, '2017-06-09 13:06:12', '1', '2582B1DAF550485980F519096F3ACEC1', 'hechenwe', '1.0', null, 'TRUE');

-- ----------------------------
-- Table structure for role
-- ----------------------------
DROP TABLE IF EXISTS `role`;
CREATE TABLE `role` (
  `ROLE_ID` varchar(32) NOT NULL,
  `ROLE_NAME` varchar(32) DEFAULT NULL COMMENT '角色名称',
  `ROLE_CODE` varchar(32) DEFAULT NULL,
  PRIMARY KEY (`ROLE_ID`)
) ENGINE=InnoDB DEFAULT CHARSET=utf8 COMMENT='权限模块_角色';

-- ----------------------------
-- Records of role
-- ----------------------------
INSERT INTO `role` VALUES ('C987D07531A24FD49ABEC0AEE9E724B6', '项目管理员', 'PROJECT_ADMIN');
INSERT INTO `role` VALUES ('D42465CF64D64BC889770A206C8B0049', '公司管理员', 'ADMIN');
INSERT INTO `role` VALUES ('E8517FDA0CE94F01BDB80B5C81217ABC', '普通用户', 'GENERAL');

-- ----------------------------
-- Table structure for user
-- ----------------------------
DROP TABLE IF EXISTS `user`;
CREATE TABLE `user` (
  `USER_ID` varchar(32) NOT NULL COMMENT '用户编号',
  `USER_NAME` varchar(16) DEFAULT NULL COMMENT '用户名',
  `PASSWORD` varchar(32) DEFAULT NULL COMMENT '密码',
  `EMAIL` varchar(64) DEFAULT NULL COMMENT '邮箱',
  `MOBILE_NUMBER` varchar(16) DEFAULT NULL COMMENT '手机号码',
  `REGISTER_DATE` datetime DEFAULT NULL COMMENT '注册时间',
  `ROLE_ID` varchar(32) DEFAULT NULL,
  `COMPANY_ID` varchar(32) DEFAULT NULL,
  PRIMARY KEY (`USER_ID`),
  KEY `FK_USER_ROLE` (`ROLE_ID`),
  KEY `FK_USER_COMPANY` (`COMPANY_ID`),
  CONSTRAINT `FK_USER_COMPANY` FOREIGN KEY (`COMPANY_ID`) REFERENCES `company` (`COMPANY_ID`) ON DELETE SET NULL ON UPDATE SET NULL,
  CONSTRAINT `FK_USER_ROLE` FOREIGN KEY (`ROLE_ID`) REFERENCES `role` (`ROLE_ID`) ON DELETE SET NULL ON UPDATE SET NULL
) ENGINE=InnoDB DEFAULT CHARSET=utf8 COMMENT='用户_用户';

-- ----------------------------
-- Records of user
-- ----------------------------
INSERT INTO `user` VALUES ('0E61AD9A6CAE4B26A3B174021ED27CE4', 'tom', 'C6F057B86584942E415435FFB1FA93D4', 'ff', null, '2015-12-30 11:53:25', 'E8517FDA0CE94F01BDB80B5C81217ABC', '900912481B474A63A3104514E4EE3E22');
INSERT INTO `user` VALUES ('B1AD9D8452834E9A958365A42359B825', 'sooncode', 'C6F057B86584942E415435FFB1FA93D4', '592794139@qq.com', null, '2015-12-25 11:25:10', 'D42465CF64D64BC889770A206C8B0049', '506648FA0D344C84852FBDA254EDD2F1');
INSERT INTO `user` VALUES ('EE4D583C3DC24125839CD2C89D5960DC', 'hechen', '670B14728AD9902AECBA32E22FA4F6BD', '592794139@qq.com', null, '2015-11-24 08:54:18', 'D42465CF64D64BC889770A206C8B0049', '2582B1DAF550485980F519096F3ACEC1');
